ERROR 2024-10-04 12:57:31,298 log Internal Server Error: /apps/allproducts.html
Traceback (most recent call last):
  File "C:\workspace\projet\venv\lib\site-packages\django\core\handlers\exception.py", line 55, in inner
    response = get_response(request)
  File "C:\workspace\projet\venv\lib\site-packages\django\core\handlers\base.py", line 197, in _get_response
    response = wrapped_callback(request, *callback_args, **callback_kwargs)
  File "C:\workspace\projet\backend\saleManagment\apps\views.py", line 192, in all_items
    return render(request, 'allproducts.html', {'items': items, 'itemvariants': itemvariants})
  File "C:\workspace\projet\venv\lib\site-packages\django\shortcuts.py", line 25, in render
    content = loader.render_to_string(template_name, context, request, using=using)
  File "C:\workspace\projet\venv\lib\site-packages\django\template\loader.py", line 62, in render_to_string
    return template.render(context, request)
  File "C:\workspace\projet\venv\lib\site-packages\django\template\backends\django.py", line 107, in render
    return self.template.render(context)
  File "C:\workspace\projet\venv\lib\site-packages\django\template\base.py", line 171, in render
    return self._render(context)
  File "C:\workspace\projet\venv\lib\site-packages\django\template\base.py", line 163, in _render
    return self.nodelist.render(context)
  File "C:\workspace\projet\venv\lib\site-packages\django\template\base.py", line 1008, in render
    return SafeString("".join([node.render_annotated(context) for node in self]))
  File "C:\workspace\projet\venv\lib\site-packages\django\template\base.py", line 1008, in <listcomp>
    return SafeString("".join([node.render_annotated(context) for node in self]))
  File "C:\workspace\projet\venv\lib\site-packages\django\template\base.py", line 969, in render_annotated
    return self.render(context)
  File "C:\workspace\projet\venv\lib\site-packages\django\template\defaulttags.py", line 480, in render
    url = reverse(view_name, args=args, kwargs=kwargs, current_app=current_app)
  File "C:\workspace\projet\venv\lib\site-packages\django\urls\base.py", line 88, in reverse
    return resolver._reverse_with_prefix(view, prefix, *args, **kwargs)
  File "C:\workspace\projet\venv\lib\site-packages\django\urls\resolvers.py", line 831, in _reverse_with_prefix
    raise NoReverseMatch(msg)
django.urls.exceptions.NoReverseMatch: Reverse for 'search_itemvariant' not found. 'search_itemvariant' is not a valid view function or pattern name.
ERROR 2024-10-04 12:57:31,310 basehttp "GET /apps/allproducts.html HTTP/1.1" 500 140498
ERROR 2024-10-04 12:59:44,776 log Internal Server Error: /apps/search_itemvariant/
Traceback (most recent call last):
  File "C:\workspace\projet\venv\lib\site-packages\django\core\handlers\exception.py", line 55, in inner
    response = get_response(request)
  File "C:\workspace\projet\venv\lib\site-packages\django\core\handlers\base.py", line 197, in _get_response
    response = wrapped_callback(request, *callback_args, **callback_kwargs)
  File "C:\workspace\projet\backend\saleManagment\apps\views.py", line 282, in search_itemvariant
    itemvariants = itemvariant.objects.filter(query)
  File "C:\workspace\projet\venv\lib\site-packages\django\db\models\manager.py", line 87, in manager_method
    return getattr(self.get_queryset(), name)(*args, **kwargs)
  File "C:\workspace\projet\venv\lib\site-packages\django\db\models\query.py", line 1476, in filter
    return self._filter_or_exclude(False, args, kwargs)
  File "C:\workspace\projet\venv\lib\site-packages\django\db\models\query.py", line 1494, in _filter_or_exclude
    clone._filter_or_exclude_inplace(negate, args, kwargs)
  File "C:\workspace\projet\venv\lib\site-packages\django\db\models\query.py", line 1501, in _filter_or_exclude_inplace
    self._query.add_q(Q(*args, **kwargs))
  File "C:\workspace\projet\venv\lib\site-packages\django\db\models\sql\query.py", line 1609, in add_q
    clause, _ = self._add_q(q_object, self.used_aliases)
  File "C:\workspace\projet\venv\lib\site-packages\django\db\models\sql\query.py", line 1641, in _add_q
    child_clause, needed_inner = self.build_filter(
  File "C:\workspace\projet\venv\lib\site-packages\django\db\models\sql\query.py", line 1468, in build_filter
    return self._add_q(
  File "C:\workspace\projet\venv\lib\site-packages\django\db\models\sql\query.py", line 1641, in _add_q
    child_clause, needed_inner = self.build_filter(
  File "C:\workspace\projet\venv\lib\site-packages\django\db\models\sql\query.py", line 1555, in build_filter
    condition = self.build_lookup(lookups, col, value)
  File "C:\workspace\projet\venv\lib\site-packages\django\db\models\sql\query.py", line 1372, in build_lookup
    lhs = self.try_transform(lhs, name)
  File "C:\workspace\projet\venv\lib\site-packages\django\db\models\sql\query.py", line 1423, in try_transform
    raise FieldError(
django.core.exceptions.FieldError: Unsupported lookup 'name' for ForeignKey or join on the field not permitted.
ERROR 2024-10-04 12:59:44,790 basehttp "GET /apps/search_itemvariant/?csrfmiddlewaretoken=iU2rGbm17Qn4WQ5L5Hb90ElwsFPSaPnsPUUxH7GjhWeBhTDtxeWTtCV4K5BQtf2x&search2=taille HTTP/1.1" 500 133022
ERROR 2024-10-04 13:11:39,853 log Internal Server Error: /apps/search_return
Traceback (most recent call last):
  File "C:\workspace\projet\venv\lib\site-packages\django\core\handlers\exception.py", line 55, in inner
    response = get_response(request)
  File "C:\workspace\projet\venv\lib\site-packages\django\core\handlers\base.py", line 197, in _get_response
    response = wrapped_callback(request, *callback_args, **callback_kwargs)
  File "C:\workspace\projet\backend\saleManagment\apps\views.py", line 165, in search_return
    retours = retour.objects.filter(
  File "C:\workspace\projet\venv\lib\site-packages\django\db\models\manager.py", line 87, in manager_method
    return getattr(self.get_queryset(), name)(*args, **kwargs)
  File "C:\workspace\projet\venv\lib\site-packages\django\db\models\query.py", line 1476, in filter
    return self._filter_or_exclude(False, args, kwargs)
  File "C:\workspace\projet\venv\lib\site-packages\django\db\models\query.py", line 1494, in _filter_or_exclude
    clone._filter_or_exclude_inplace(negate, args, kwargs)
  File "C:\workspace\projet\venv\lib\site-packages\django\db\models\query.py", line 1501, in _filter_or_exclude_inplace
    self._query.add_q(Q(*args, **kwargs))
  File "C:\workspace\projet\venv\lib\site-packages\django\db\models\sql\query.py", line 1609, in add_q
    clause, _ = self._add_q(q_object, self.used_aliases)
  File "C:\workspace\projet\venv\lib\site-packages\django\db\models\sql\query.py", line 1641, in _add_q
    child_clause, needed_inner = self.build_filter(
  File "C:\workspace\projet\venv\lib\site-packages\django\db\models\sql\query.py", line 1468, in build_filter
    return self._add_q(
  File "C:\workspace\projet\venv\lib\site-packages\django\db\models\sql\query.py", line 1641, in _add_q
    child_clause, needed_inner = self.build_filter(
  File "C:\workspace\projet\venv\lib\site-packages\django\db\models\sql\query.py", line 1555, in build_filter
    condition = self.build_lookup(lookups, col, value)
  File "C:\workspace\projet\venv\lib\site-packages\django\db\models\sql\query.py", line 1372, in build_lookup
    lhs = self.try_transform(lhs, name)
  File "C:\workspace\projet\venv\lib\site-packages\django\db\models\sql\query.py", line 1423, in try_transform
    raise FieldError(
django.core.exceptions.FieldError: Unsupported lookup 'name' for ForeignKey or join on the field not permitted.
ERROR 2024-10-04 13:11:39,872 basehttp "GET /apps/search_return?csrfmiddlewaretoken=Pf35tTEF3FTqfraeHYuQZV47K2mU6cXLmfVbuPYXdLKXAuIW9vfAsTEF2s8SpCCQ&searched=casse HTTP/1.1" 500 133741
ERROR 2024-10-04 13:14:08,072 log Internal Server Error: /apps/search_return
Traceback (most recent call last):
  File "C:\workspace\projet\venv\lib\site-packages\django\core\handlers\exception.py", line 55, in inner
    response = get_response(request)
  File "C:\workspace\projet\venv\lib\site-packages\django\core\handlers\base.py", line 197, in _get_response
    response = wrapped_callback(request, *callback_args, **callback_kwargs)
  File "C:\workspace\projet\backend\saleManagment\apps\views.py", line 165, in search_return
    retours = retour.objects.filter(
  File "C:\workspace\projet\venv\lib\site-packages\django\db\models\manager.py", line 87, in manager_method
    return getattr(self.get_queryset(), name)(*args, **kwargs)
  File "C:\workspace\projet\venv\lib\site-packages\django\db\models\query.py", line 1476, in filter
    return self._filter_or_exclude(False, args, kwargs)
  File "C:\workspace\projet\venv\lib\site-packages\django\db\models\query.py", line 1494, in _filter_or_exclude
    clone._filter_or_exclude_inplace(negate, args, kwargs)
  File "C:\workspace\projet\venv\lib\site-packages\django\db\models\query.py", line 1501, in _filter_or_exclude_inplace
    self._query.add_q(Q(*args, **kwargs))
  File "C:\workspace\projet\venv\lib\site-packages\django\db\models\sql\query.py", line 1609, in add_q
    clause, _ = self._add_q(q_object, self.used_aliases)
  File "C:\workspace\projet\venv\lib\site-packages\django\db\models\sql\query.py", line 1641, in _add_q
    child_clause, needed_inner = self.build_filter(
  File "C:\workspace\projet\venv\lib\site-packages\django\db\models\sql\query.py", line 1468, in build_filter
    return self._add_q(
  File "C:\workspace\projet\venv\lib\site-packages\django\db\models\sql\query.py", line 1641, in _add_q
    child_clause, needed_inner = self.build_filter(
  File "C:\workspace\projet\venv\lib\site-packages\django\db\models\sql\query.py", line 1555, in build_filter
    condition = self.build_lookup(lookups, col, value)
  File "C:\workspace\projet\venv\lib\site-packages\django\db\models\sql\query.py", line 1372, in build_lookup
    lhs = self.try_transform(lhs, name)
  File "C:\workspace\projet\venv\lib\site-packages\django\db\models\sql\query.py", line 1423, in try_transform
    raise FieldError(
django.core.exceptions.FieldError: Unsupported lookup 'supplier' for ForeignKey or join on the field not permitted.
ERROR 2024-10-04 13:14:08,084 basehttp "GET /apps/search_return?csrfmiddlewaretoken=jqUgiEuzpjbDhm0z1417PkZ8zecXNp8KQqMmjAORzp2aCpyhtBMRiizGREYV6PNP&searched=casse HTTP/1.1" 500 134161
ERROR 2024-10-04 13:17:26,514 log Internal Server Error: /apps/search_return
Traceback (most recent call last):
  File "C:\workspace\projet\venv\lib\site-packages\django\core\handlers\exception.py", line 55, in inner
    response = get_response(request)
  File "C:\workspace\projet\venv\lib\site-packages\django\core\handlers\base.py", line 197, in _get_response
    response = wrapped_callback(request, *callback_args, **callback_kwargs)
  File "C:\workspace\projet\backend\saleManagment\apps\views.py", line 165, in search_return
    retours = retour.objects.filter(
  File "C:\workspace\projet\venv\lib\site-packages\django\db\models\manager.py", line 87, in manager_method
    return getattr(self.get_queryset(), name)(*args, **kwargs)
  File "C:\workspace\projet\venv\lib\site-packages\django\db\models\query.py", line 1476, in filter
    return self._filter_or_exclude(False, args, kwargs)
  File "C:\workspace\projet\venv\lib\site-packages\django\db\models\query.py", line 1494, in _filter_or_exclude
    clone._filter_or_exclude_inplace(negate, args, kwargs)
  File "C:\workspace\projet\venv\lib\site-packages\django\db\models\query.py", line 1501, in _filter_or_exclude_inplace
    self._query.add_q(Q(*args, **kwargs))
  File "C:\workspace\projet\venv\lib\site-packages\django\db\models\sql\query.py", line 1609, in add_q
    clause, _ = self._add_q(q_object, self.used_aliases)
  File "C:\workspace\projet\venv\lib\site-packages\django\db\models\sql\query.py", line 1641, in _add_q
    child_clause, needed_inner = self.build_filter(
  File "C:\workspace\projet\venv\lib\site-packages\django\db\models\sql\query.py", line 1468, in build_filter
    return self._add_q(
  File "C:\workspace\projet\venv\lib\site-packages\django\db\models\sql\query.py", line 1641, in _add_q
    child_clause, needed_inner = self.build_filter(
  File "C:\workspace\projet\venv\lib\site-packages\django\db\models\sql\query.py", line 1555, in build_filter
    condition = self.build_lookup(lookups, col, value)
  File "C:\workspace\projet\venv\lib\site-packages\django\db\models\sql\query.py", line 1372, in build_lookup
    lhs = self.try_transform(lhs, name)
  File "C:\workspace\projet\venv\lib\site-packages\django\db\models\sql\query.py", line 1423, in try_transform
    raise FieldError(
django.core.exceptions.FieldError: Unsupported lookup 'name' for ForeignKey or join on the field not permitted.
ERROR 2024-10-04 13:17:26,532 basehttp "GET /apps/search_return?csrfmiddlewaretoken=jqUgiEuzpjbDhm0z1417PkZ8zecXNp8KQqMmjAORzp2aCpyhtBMRiizGREYV6PNP&searched=casse HTTP/1.1" 500 133741
ERROR 2024-10-04 13:22:37,359 log Internal Server Error: /apps/search_return
Traceback (most recent call last):
  File "C:\workspace\projet\venv\lib\site-packages\django\core\handlers\exception.py", line 55, in inner
    response = get_response(request)
  File "C:\workspace\projet\venv\lib\site-packages\django\core\handlers\base.py", line 197, in _get_response
    response = wrapped_callback(request, *callback_args, **callback_kwargs)
  File "C:\workspace\projet\backend\saleManagment\apps\views.py", line 165, in search_return
    retours = retour.objects.filter(
  File "C:\workspace\projet\venv\lib\site-packages\django\db\models\manager.py", line 87, in manager_method
    return getattr(self.get_queryset(), name)(*args, **kwargs)
  File "C:\workspace\projet\venv\lib\site-packages\django\db\models\query.py", line 1476, in filter
    return self._filter_or_exclude(False, args, kwargs)
  File "C:\workspace\projet\venv\lib\site-packages\django\db\models\query.py", line 1494, in _filter_or_exclude
    clone._filter_or_exclude_inplace(negate, args, kwargs)
  File "C:\workspace\projet\venv\lib\site-packages\django\db\models\query.py", line 1501, in _filter_or_exclude_inplace
    self._query.add_q(Q(*args, **kwargs))
  File "C:\workspace\projet\venv\lib\site-packages\django\db\models\sql\query.py", line 1609, in add_q
    clause, _ = self._add_q(q_object, self.used_aliases)
  File "C:\workspace\projet\venv\lib\site-packages\django\db\models\sql\query.py", line 1641, in _add_q
    child_clause, needed_inner = self.build_filter(
  File "C:\workspace\projet\venv\lib\site-packages\django\db\models\sql\query.py", line 1468, in build_filter
    return self._add_q(
  File "C:\workspace\projet\venv\lib\site-packages\django\db\models\sql\query.py", line 1641, in _add_q
    child_clause, needed_inner = self.build_filter(
  File "C:\workspace\projet\venv\lib\site-packages\django\db\models\sql\query.py", line 1555, in build_filter
    condition = self.build_lookup(lookups, col, value)
  File "C:\workspace\projet\venv\lib\site-packages\django\db\models\sql\query.py", line 1372, in build_lookup
    lhs = self.try_transform(lhs, name)
  File "C:\workspace\projet\venv\lib\site-packages\django\db\models\sql\query.py", line 1423, in try_transform
    raise FieldError(
django.core.exceptions.FieldError: Unsupported lookup 'supplier' for ForeignKey or join on the field not permitted.
ERROR 2024-10-04 13:22:37,370 basehttp "GET /apps/search_return?csrfmiddlewaretoken=jqUgiEuzpjbDhm0z1417PkZ8zecXNp8KQqMmjAORzp2aCpyhtBMRiizGREYV6PNP&searched=casse HTTP/1.1" 500 134161
ERROR 2024-10-04 13:24:18,744 log Internal Server Error: /apps/search_return
Traceback (most recent call last):
  File "C:\workspace\projet\venv\lib\site-packages\django\core\handlers\exception.py", line 55, in inner
    response = get_response(request)
  File "C:\workspace\projet\venv\lib\site-packages\django\core\handlers\base.py", line 197, in _get_response
    response = wrapped_callback(request, *callback_args, **callback_kwargs)
  File "C:\workspace\projet\backend\saleManagment\apps\views.py", line 165, in search_return
    retours = retour.objects.filter(
  File "C:\workspace\projet\venv\lib\site-packages\django\db\models\manager.py", line 87, in manager_method
    return getattr(self.get_queryset(), name)(*args, **kwargs)
  File "C:\workspace\projet\venv\lib\site-packages\django\db\models\query.py", line 1476, in filter
    return self._filter_or_exclude(False, args, kwargs)
  File "C:\workspace\projet\venv\lib\site-packages\django\db\models\query.py", line 1494, in _filter_or_exclude
    clone._filter_or_exclude_inplace(negate, args, kwargs)
  File "C:\workspace\projet\venv\lib\site-packages\django\db\models\query.py", line 1501, in _filter_or_exclude_inplace
    self._query.add_q(Q(*args, **kwargs))
  File "C:\workspace\projet\venv\lib\site-packages\django\db\models\sql\query.py", line 1609, in add_q
    clause, _ = self._add_q(q_object, self.used_aliases)
  File "C:\workspace\projet\venv\lib\site-packages\django\db\models\sql\query.py", line 1641, in _add_q
    child_clause, needed_inner = self.build_filter(
  File "C:\workspace\projet\venv\lib\site-packages\django\db\models\sql\query.py", line 1468, in build_filter
    return self._add_q(
  File "C:\workspace\projet\venv\lib\site-packages\django\db\models\sql\query.py", line 1641, in _add_q
    child_clause, needed_inner = self.build_filter(
  File "C:\workspace\projet\venv\lib\site-packages\django\db\models\sql\query.py", line 1555, in build_filter
    condition = self.build_lookup(lookups, col, value)
  File "C:\workspace\projet\venv\lib\site-packages\django\db\models\sql\query.py", line 1372, in build_lookup
    lhs = self.try_transform(lhs, name)
  File "C:\workspace\projet\venv\lib\site-packages\django\db\models\sql\query.py", line 1423, in try_transform
    raise FieldError(
django.core.exceptions.FieldError: Unsupported lookup 'supplier' for ForeignKey or join on the field not permitted.
ERROR 2024-10-04 13:24:18,764 basehttp "GET /apps/search_return?csrfmiddlewaretoken=jqUgiEuzpjbDhm0z1417PkZ8zecXNp8KQqMmjAORzp2aCpyhtBMRiizGREYV6PNP&searched=casse HTTP/1.1" 500 133164
ERROR 2024-10-04 13:25:03,453 log Internal Server Error: /apps/search_return
Traceback (most recent call last):
  File "C:\workspace\projet\venv\lib\site-packages\django\core\handlers\exception.py", line 55, in inner
    response = get_response(request)
  File "C:\workspace\projet\venv\lib\site-packages\django\core\handlers\base.py", line 197, in _get_response
    response = wrapped_callback(request, *callback_args, **callback_kwargs)
  File "C:\workspace\projet\backend\saleManagment\apps\views.py", line 165, in search_return
    retours = retour.objects.filter(
  File "C:\workspace\projet\venv\lib\site-packages\django\db\models\manager.py", line 87, in manager_method
    return getattr(self.get_queryset(), name)(*args, **kwargs)
  File "C:\workspace\projet\venv\lib\site-packages\django\db\models\query.py", line 1476, in filter
    return self._filter_or_exclude(False, args, kwargs)
  File "C:\workspace\projet\venv\lib\site-packages\django\db\models\query.py", line 1494, in _filter_or_exclude
    clone._filter_or_exclude_inplace(negate, args, kwargs)
  File "C:\workspace\projet\venv\lib\site-packages\django\db\models\query.py", line 1501, in _filter_or_exclude_inplace
    self._query.add_q(Q(*args, **kwargs))
  File "C:\workspace\projet\venv\lib\site-packages\django\db\models\sql\query.py", line 1609, in add_q
    clause, _ = self._add_q(q_object, self.used_aliases)
  File "C:\workspace\projet\venv\lib\site-packages\django\db\models\sql\query.py", line 1641, in _add_q
    child_clause, needed_inner = self.build_filter(
  File "C:\workspace\projet\venv\lib\site-packages\django\db\models\sql\query.py", line 1468, in build_filter
    return self._add_q(
  File "C:\workspace\projet\venv\lib\site-packages\django\db\models\sql\query.py", line 1641, in _add_q
    child_clause, needed_inner = self.build_filter(
  File "C:\workspace\projet\venv\lib\site-packages\django\db\models\sql\query.py", line 1555, in build_filter
    condition = self.build_lookup(lookups, col, value)
  File "C:\workspace\projet\venv\lib\site-packages\django\db\models\sql\query.py", line 1372, in build_lookup
    lhs = self.try_transform(lhs, name)
  File "C:\workspace\projet\venv\lib\site-packages\django\db\models\sql\query.py", line 1423, in try_transform
    raise FieldError(
django.core.exceptions.FieldError: Unsupported lookup 'name' for ForeignKey or join on the field not permitted.
ERROR 2024-10-04 13:25:03,477 basehttp "GET /apps/search_return?csrfmiddlewaretoken=jqUgiEuzpjbDhm0z1417PkZ8zecXNp8KQqMmjAORzp2aCpyhtBMRiizGREYV6PNP&searched=casse HTTP/1.1" 500 132744
ERROR 2024-10-04 13:25:12,661 log Internal Server Error: /apps/search_return
Traceback (most recent call last):
  File "C:\workspace\projet\venv\lib\site-packages\django\core\handlers\exception.py", line 55, in inner
    response = get_response(request)
  File "C:\workspace\projet\venv\lib\site-packages\django\core\handlers\base.py", line 197, in _get_response
    response = wrapped_callback(request, *callback_args, **callback_kwargs)
  File "C:\workspace\projet\backend\saleManagment\apps\views.py", line 165, in search_return
    retours = retour.objects.filter(
  File "C:\workspace\projet\venv\lib\site-packages\django\db\models\manager.py", line 87, in manager_method
    return getattr(self.get_queryset(), name)(*args, **kwargs)
  File "C:\workspace\projet\venv\lib\site-packages\django\db\models\query.py", line 1476, in filter
    return self._filter_or_exclude(False, args, kwargs)
  File "C:\workspace\projet\venv\lib\site-packages\django\db\models\query.py", line 1494, in _filter_or_exclude
    clone._filter_or_exclude_inplace(negate, args, kwargs)
  File "C:\workspace\projet\venv\lib\site-packages\django\db\models\query.py", line 1501, in _filter_or_exclude_inplace
    self._query.add_q(Q(*args, **kwargs))
  File "C:\workspace\projet\venv\lib\site-packages\django\db\models\sql\query.py", line 1609, in add_q
    clause, _ = self._add_q(q_object, self.used_aliases)
  File "C:\workspace\projet\venv\lib\site-packages\django\db\models\sql\query.py", line 1641, in _add_q
    child_clause, needed_inner = self.build_filter(
  File "C:\workspace\projet\venv\lib\site-packages\django\db\models\sql\query.py", line 1468, in build_filter
    return self._add_q(
  File "C:\workspace\projet\venv\lib\site-packages\django\db\models\sql\query.py", line 1641, in _add_q
    child_clause, needed_inner = self.build_filter(
  File "C:\workspace\projet\venv\lib\site-packages\django\db\models\sql\query.py", line 1555, in build_filter
    condition = self.build_lookup(lookups, col, value)
  File "C:\workspace\projet\venv\lib\site-packages\django\db\models\sql\query.py", line 1372, in build_lookup
    lhs = self.try_transform(lhs, name)
  File "C:\workspace\projet\venv\lib\site-packages\django\db\models\sql\query.py", line 1423, in try_transform
    raise FieldError(
django.core.exceptions.FieldError: Unsupported lookup 'name' for ForeignKey or join on the field not permitted.
ERROR 2024-10-04 13:25:12,684 basehttp "GET /apps/search_return?csrfmiddlewaretoken=jqUgiEuzpjbDhm0z1417PkZ8zecXNp8KQqMmjAORzp2aCpyhtBMRiizGREYV6PNP&searched=casse HTTP/1.1" 500 132744
ERROR 2024-10-04 14:12:25,056 log Internal Server Error: /apps/search_return
Traceback (most recent call last):
  File "C:\workspace\projet\venv\lib\site-packages\django\core\handlers\exception.py", line 55, in inner
    response = get_response(request)
  File "C:\workspace\projet\venv\lib\site-packages\django\core\handlers\base.py", line 197, in _get_response
    response = wrapped_callback(request, *callback_args, **callback_kwargs)
  File "C:\workspace\projet\backend\saleManagment\apps\views.py", line 165, in search_return
    retours = retour.objects.filter(
  File "C:\workspace\projet\venv\lib\site-packages\django\db\models\manager.py", line 87, in manager_method
    return getattr(self.get_queryset(), name)(*args, **kwargs)
  File "C:\workspace\projet\venv\lib\site-packages\django\db\models\query.py", line 1476, in filter
    return self._filter_or_exclude(False, args, kwargs)
  File "C:\workspace\projet\venv\lib\site-packages\django\db\models\query.py", line 1494, in _filter_or_exclude
    clone._filter_or_exclude_inplace(negate, args, kwargs)
  File "C:\workspace\projet\venv\lib\site-packages\django\db\models\query.py", line 1501, in _filter_or_exclude_inplace
    self._query.add_q(Q(*args, **kwargs))
  File "C:\workspace\projet\venv\lib\site-packages\django\db\models\sql\query.py", line 1609, in add_q
    clause, _ = self._add_q(q_object, self.used_aliases)
  File "C:\workspace\projet\venv\lib\site-packages\django\db\models\sql\query.py", line 1641, in _add_q
    child_clause, needed_inner = self.build_filter(
  File "C:\workspace\projet\venv\lib\site-packages\django\db\models\sql\query.py", line 1468, in build_filter
    return self._add_q(
  File "C:\workspace\projet\venv\lib\site-packages\django\db\models\sql\query.py", line 1641, in _add_q
    child_clause, needed_inner = self.build_filter(
  File "C:\workspace\projet\venv\lib\site-packages\django\db\models\sql\query.py", line 1555, in build_filter
    condition = self.build_lookup(lookups, col, value)
  File "C:\workspace\projet\venv\lib\site-packages\django\db\models\sql\query.py", line 1372, in build_lookup
    lhs = self.try_transform(lhs, name)
  File "C:\workspace\projet\venv\lib\site-packages\django\db\models\sql\query.py", line 1423, in try_transform
    raise FieldError(
django.core.exceptions.FieldError: Unsupported lookup 'item_name' for ForeignKey or join on the field not permitted.
ERROR 2024-10-04 14:12:25,074 basehttp "GET /apps/search_return?csrfmiddlewaretoken=jqUgiEuzpjbDhm0z1417PkZ8zecXNp8KQqMmjAORzp2aCpyhtBMRiizGREYV6PNP&searched=casse HTTP/1.1" 500 133927
ERROR 2024-10-04 14:47:08,725 log Internal Server Error: /apps/search_bonreception
Traceback (most recent call last):
  File "C:\workspace\projet\venv\lib\site-packages\django\core\handlers\exception.py", line 55, in inner
    response = get_response(request)
  File "C:\workspace\projet\venv\lib\site-packages\django\core\handlers\base.py", line 197, in _get_response
    response = wrapped_callback(request, *callback_args, **callback_kwargs)
  File "C:\workspace\projet\backend\saleManagment\apps\views.py", line 111, in search_bonreception
    results = bonreception.objects.filter(filters)
  File "C:\workspace\projet\venv\lib\site-packages\django\db\models\manager.py", line 87, in manager_method
    return getattr(self.get_queryset(), name)(*args, **kwargs)
  File "C:\workspace\projet\venv\lib\site-packages\django\db\models\query.py", line 1476, in filter
    return self._filter_or_exclude(False, args, kwargs)
  File "C:\workspace\projet\venv\lib\site-packages\django\db\models\query.py", line 1494, in _filter_or_exclude
    clone._filter_or_exclude_inplace(negate, args, kwargs)
  File "C:\workspace\projet\venv\lib\site-packages\django\db\models\query.py", line 1501, in _filter_or_exclude_inplace
    self._query.add_q(Q(*args, **kwargs))
  File "C:\workspace\projet\venv\lib\site-packages\django\db\models\sql\query.py", line 1609, in add_q
    clause, _ = self._add_q(q_object, self.used_aliases)
  File "C:\workspace\projet\venv\lib\site-packages\django\db\models\sql\query.py", line 1641, in _add_q
    child_clause, needed_inner = self.build_filter(
  File "C:\workspace\projet\venv\lib\site-packages\django\db\models\sql\query.py", line 1468, in build_filter
    return self._add_q(
  File "C:\workspace\projet\venv\lib\site-packages\django\db\models\sql\query.py", line 1641, in _add_q
    child_clause, needed_inner = self.build_filter(
  File "C:\workspace\projet\venv\lib\site-packages\django\db\models\sql\query.py", line 1555, in build_filter
    condition = self.build_lookup(lookups, col, value)
  File "C:\workspace\projet\venv\lib\site-packages\django\db\models\sql\query.py", line 1372, in build_lookup
    lhs = self.try_transform(lhs, name)
  File "C:\workspace\projet\venv\lib\site-packages\django\db\models\sql\query.py", line 1423, in try_transform
    raise FieldError(
django.core.exceptions.FieldError: Unsupported lookup 'item_name' for ForeignKey or join on the field not permitted.
ERROR 2024-10-04 14:47:08,798 basehttp "GET /apps/search_bonreception?csrfmiddlewaretoken=4Jkce6adYb1Wdu1HbnHRsCmh7rrvKHnBBJcif2uv8hStyxzpDUsBVAWPpRdt372G&searched=bathaa+ali+belhan+3200 HTTP/1.1" 500 133999
ERROR 2024-10-04 15:11:38,119 log Internal Server Error: /apps/search_bonreception
Traceback (most recent call last):
  File "C:\workspace\projet\venv\lib\site-packages\django\core\handlers\exception.py", line 55, in inner
    response = get_response(request)
  File "C:\workspace\projet\venv\lib\site-packages\django\core\handlers\base.py", line 197, in _get_response
    response = wrapped_callback(request, *callback_args, **callback_kwargs)
  File "C:\workspace\projet\backend\saleManagment\apps\views.py", line 108, in search_bonreception
    results = bonreception.objects.filter(filters)
  File "C:\workspace\projet\venv\lib\site-packages\django\db\models\manager.py", line 87, in manager_method
    return getattr(self.get_queryset(), name)(*args, **kwargs)
  File "C:\workspace\projet\venv\lib\site-packages\django\db\models\query.py", line 1476, in filter
    return self._filter_or_exclude(False, args, kwargs)
  File "C:\workspace\projet\venv\lib\site-packages\django\db\models\query.py", line 1494, in _filter_or_exclude
    clone._filter_or_exclude_inplace(negate, args, kwargs)
  File "C:\workspace\projet\venv\lib\site-packages\django\db\models\query.py", line 1501, in _filter_or_exclude_inplace
    self._query.add_q(Q(*args, **kwargs))
  File "C:\workspace\projet\venv\lib\site-packages\django\db\models\sql\query.py", line 1609, in add_q
    clause, _ = self._add_q(q_object, self.used_aliases)
  File "C:\workspace\projet\venv\lib\site-packages\django\db\models\sql\query.py", line 1641, in _add_q
    child_clause, needed_inner = self.build_filter(
  File "C:\workspace\projet\venv\lib\site-packages\django\db\models\sql\query.py", line 1468, in build_filter
    return self._add_q(
  File "C:\workspace\projet\venv\lib\site-packages\django\db\models\sql\query.py", line 1641, in _add_q
    child_clause, needed_inner = self.build_filter(
  File "C:\workspace\projet\venv\lib\site-packages\django\db\models\sql\query.py", line 1555, in build_filter
    condition = self.build_lookup(lookups, col, value)
  File "C:\workspace\projet\venv\lib\site-packages\django\db\models\sql\query.py", line 1372, in build_lookup
    lhs = self.try_transform(lhs, name)
  File "C:\workspace\projet\venv\lib\site-packages\django\db\models\sql\query.py", line 1423, in try_transform
    raise FieldError(
django.core.exceptions.FieldError: Unsupported lookup 'item_name' for ForeignKey or join on the field not permitted.
ERROR 2024-10-04 15:11:38,162 basehttp "GET /apps/search_bonreception?csrfmiddlewaretoken=8bjiLZTrmWENEl4Dh0YrlSPpQTTKXGS3FbboMVdJw2vkZoClJxJbOQpX8jFIg6x8&searched=foulene HTTP/1.1" 500 132595
ERROR 2024-10-04 15:37:53,699 log Internal Server Error: /apps/get_all_factures
Traceback (most recent call last):
  File "C:\workspace\projet\venv\lib\site-packages\django\template\base.py", line 510, in parse
    compile_func = self.tags[command]
KeyError: 'static'

During handling of the above exception, another exception occurred:

Traceback (most recent call last):
  File "C:\workspace\projet\venv\lib\site-packages\django\core\handlers\exception.py", line 55, in inner
    response = get_response(request)
  File "C:\workspace\projet\venv\lib\site-packages\django\core\handlers\base.py", line 197, in _get_response
    response = wrapped_callback(request, *callback_args, **callback_kwargs)
  File "C:\workspace\projet\backend\saleManagment\apps\views.py", line 361, in get_all_factures
    return render(request, 'allfacture.html', {'factures': factures})
  File "C:\workspace\projet\venv\lib\site-packages\django\shortcuts.py", line 25, in render
    content = loader.render_to_string(template_name, context, request, using=using)
  File "C:\workspace\projet\venv\lib\site-packages\django\template\loader.py", line 61, in render_to_string
    template = get_template(template_name, using=using)
  File "C:\workspace\projet\venv\lib\site-packages\django\template\loader.py", line 15, in get_template
    return engine.get_template(template_name)
  File "C:\workspace\projet\venv\lib\site-packages\django\template\backends\django.py", line 79, in get_template
    return Template(self.engine.get_template(template_name), self)
  File "C:\workspace\projet\venv\lib\site-packages\django\template\engine.py", line 177, in get_template
    template, origin = self.find_template(template_name)
  File "C:\workspace\projet\venv\lib\site-packages\django\template\engine.py", line 159, in find_template
    template = loader.get_template(name, skip=skip)
  File "C:\workspace\projet\venv\lib\site-packages\django\template\loaders\cached.py", line 57, in get_template
    template = super().get_template(template_name, skip)
  File "C:\workspace\projet\venv\lib\site-packages\django\template\loaders\base.py", line 28, in get_template
    return Template(
  File "C:\workspace\projet\venv\lib\site-packages\django\template\base.py", line 154, in __init__
    self.nodelist = self.compile_nodelist()
  File "C:\workspace\projet\venv\lib\site-packages\django\template\base.py", line 196, in compile_nodelist
    nodelist = parser.parse()
  File "C:\workspace\projet\venv\lib\site-packages\django\template\base.py", line 512, in parse
    self.invalid_block_tag(token, command, parse_until)
  File "C:\workspace\projet\venv\lib\site-packages\django\template\base.py", line 573, in invalid_block_tag
    raise self.error(
django.template.exceptions.TemplateSyntaxError: Invalid block tag on line 9: 'static'. Did you forget to register or load this tag?
ERROR 2024-10-04 15:37:53,726 basehttp "GET /apps/get_all_factures HTTP/1.1" 500 163756
ERROR 2024-10-04 19:02:03,616 log Internal Server Error: /apps/search_product/
Traceback (most recent call last):
  File "C:\workspace\projet\venv\lib\site-packages\django\core\handlers\exception.py", line 55, in inner
    response = get_response(request)
  File "C:\workspace\projet\venv\lib\site-packages\django\core\handlers\base.py", line 197, in _get_response
    response = wrapped_callback(request, *callback_args, **callback_kwargs)
  File "C:\workspace\projet\backend\saleManagment\apps\views.py", line 295, in search_product
    return render(request, 'search_product.html', {'items': items, 'searched': searched})
  File "C:\workspace\projet\venv\lib\site-packages\django\shortcuts.py", line 25, in render
    content = loader.render_to_string(template_name, context, request, using=using)
  File "C:\workspace\projet\venv\lib\site-packages\django\template\loader.py", line 62, in render_to_string
    return template.render(context, request)
  File "C:\workspace\projet\venv\lib\site-packages\django\template\backends\django.py", line 107, in render
    return self.template.render(context)
  File "C:\workspace\projet\venv\lib\site-packages\django\template\base.py", line 171, in render
    return self._render(context)
  File "C:\workspace\projet\venv\lib\site-packages\django\template\base.py", line 163, in _render
    return self.nodelist.render(context)
  File "C:\workspace\projet\venv\lib\site-packages\django\template\base.py", line 1008, in render
    return SafeString("".join([node.render_annotated(context) for node in self]))
  File "C:\workspace\projet\venv\lib\site-packages\django\template\base.py", line 1008, in <listcomp>
    return SafeString("".join([node.render_annotated(context) for node in self]))
  File "C:\workspace\projet\venv\lib\site-packages\django\template\base.py", line 969, in render_annotated
    return self.render(context)
  File "C:\workspace\projet\venv\lib\site-packages\django\template\defaulttags.py", line 480, in render
    url = reverse(view_name, args=args, kwargs=kwargs, current_app=current_app)
  File "C:\workspace\projet\venv\lib\site-packages\django\urls\base.py", line 88, in reverse
    return resolver._reverse_with_prefix(view, prefix, *args, **kwargs)
  File "C:\workspace\projet\venv\lib\site-packages\django\urls\resolvers.py", line 831, in _reverse_with_prefix
    raise NoReverseMatch(msg)
django.urls.exceptions.NoReverseMatch: Reverse for 'product_delete' not found. 'product_delete' is not a valid view function or pattern name.
ERROR 2024-10-04 19:02:03,638 basehttp "GET /apps/search_product/?csrfmiddlewaretoken=usNFfC8wr71c2GIDFJkgFuODXFB9uem7bV1Bwoe6gQZ5QMoFqiO2cvruFFLeq0h9&searched=produit+1%09 HTTP/1.1" 500 125653
ERROR 2024-10-04 19:03:25,721 log Internal Server Error: /apps/search_product/
Traceback (most recent call last):
  File "C:\workspace\projet\venv\lib\site-packages\django\core\handlers\exception.py", line 55, in inner
    response = get_response(request)
  File "C:\workspace\projet\venv\lib\site-packages\django\core\handlers\base.py", line 197, in _get_response
    response = wrapped_callback(request, *callback_args, **callback_kwargs)
  File "C:\workspace\projet\backend\saleManagment\apps\views.py", line 295, in search_product
    return render(request, 'search_product.html', {'items': items, 'searched': searched})
  File "C:\workspace\projet\venv\lib\site-packages\django\shortcuts.py", line 25, in render
    content = loader.render_to_string(template_name, context, request, using=using)
  File "C:\workspace\projet\venv\lib\site-packages\django\template\loader.py", line 62, in render_to_string
    return template.render(context, request)
  File "C:\workspace\projet\venv\lib\site-packages\django\template\backends\django.py", line 107, in render
    return self.template.render(context)
  File "C:\workspace\projet\venv\lib\site-packages\django\template\base.py", line 171, in render
    return self._render(context)
  File "C:\workspace\projet\venv\lib\site-packages\django\template\base.py", line 163, in _render
    return self.nodelist.render(context)
  File "C:\workspace\projet\venv\lib\site-packages\django\template\base.py", line 1008, in render
    return SafeString("".join([node.render_annotated(context) for node in self]))
  File "C:\workspace\projet\venv\lib\site-packages\django\template\base.py", line 1008, in <listcomp>
    return SafeString("".join([node.render_annotated(context) for node in self]))
  File "C:\workspace\projet\venv\lib\site-packages\django\template\base.py", line 969, in render_annotated
    return self.render(context)
  File "C:\workspace\projet\venv\lib\site-packages\django\template\defaulttags.py", line 480, in render
    url = reverse(view_name, args=args, kwargs=kwargs, current_app=current_app)
  File "C:\workspace\projet\venv\lib\site-packages\django\urls\base.py", line 88, in reverse
    return resolver._reverse_with_prefix(view, prefix, *args, **kwargs)
  File "C:\workspace\projet\venv\lib\site-packages\django\urls\resolvers.py", line 831, in _reverse_with_prefix
    raise NoReverseMatch(msg)
django.urls.exceptions.NoReverseMatch: Reverse for 'product_delete' not found. 'product_delete' is not a valid view function or pattern name.
ERROR 2024-10-04 19:03:25,733 basehttp "GET /apps/search_product/?csrfmiddlewaretoken=usNFfC8wr71c2GIDFJkgFuODXFB9uem7bV1Bwoe6gQZ5QMoFqiO2cvruFFLeq0h9&searched=produit+1%09 HTTP/1.1" 500 125828
ERROR 2024-10-04 19:59:03,376 log Internal Server Error: /apps/leaddetail.html
Traceback (most recent call last):
  File "C:\workspace\projet\venv\lib\site-packages\django\core\handlers\exception.py", line 55, in inner
    response = get_response(request)
  File "C:\workspace\projet\venv\lib\site-packages\django\core\handlers\base.py", line 197, in _get_response
    response = wrapped_callback(request, *callback_args, **callback_kwargs)
  File "C:\workspace\projet\backend\saleManagment\apps\views.py", line 211, in all_Details
    return render(request, 'allleaddata.html', {'leaddatas': leaddatas})
  File "C:\workspace\projet\venv\lib\site-packages\django\shortcuts.py", line 25, in render
    content = loader.render_to_string(template_name, context, request, using=using)
  File "C:\workspace\projet\venv\lib\site-packages\django\template\loader.py", line 62, in render_to_string
    return template.render(context, request)
  File "C:\workspace\projet\venv\lib\site-packages\django\template\backends\django.py", line 107, in render
    return self.template.render(context)
  File "C:\workspace\projet\venv\lib\site-packages\django\template\base.py", line 171, in render
    return self._render(context)
  File "C:\workspace\projet\venv\lib\site-packages\django\template\base.py", line 163, in _render
    return self.nodelist.render(context)
  File "C:\workspace\projet\venv\lib\site-packages\django\template\base.py", line 1008, in render
    return SafeString("".join([node.render_annotated(context) for node in self]))
  File "C:\workspace\projet\venv\lib\site-packages\django\template\base.py", line 1008, in <listcomp>
    return SafeString("".join([node.render_annotated(context) for node in self]))
  File "C:\workspace\projet\venv\lib\site-packages\django\template\base.py", line 969, in render_annotated
    return self.render(context)
  File "C:\workspace\projet\venv\lib\site-packages\django\template\defaulttags.py", line 243, in render
    nodelist.append(node.render_annotated(context))
  File "C:\workspace\projet\venv\lib\site-packages\django\template\base.py", line 969, in render_annotated
    return self.render(context)
  File "C:\workspace\projet\venv\lib\site-packages\django\template\defaulttags.py", line 480, in render
    url = reverse(view_name, args=args, kwargs=kwargs, current_app=current_app)
  File "C:\workspace\projet\venv\lib\site-packages\django\urls\base.py", line 88, in reverse
    return resolver._reverse_with_prefix(view, prefix, *args, **kwargs)
  File "C:\workspace\projet\venv\lib\site-packages\django\urls\resolvers.py", line 831, in _reverse_with_prefix
    raise NoReverseMatch(msg)
django.urls.exceptions.NoReverseMatch: Reverse for 'updatelead' with arguments '('',)' not found. 1 pattern(s) tried: ['apps/updatelead/(?P<id>[0-9]+)/\\Z']
ERROR 2024-10-04 19:59:03,401 basehttp "GET /apps/leaddetail.html HTTP/1.1" 500 138694
ERROR 2024-10-05 08:30:59,889 log Internal Server Error: /apps/add_delivery/
Traceback (most recent call last):
  File "C:\workspace\projet\venv\lib\site-packages\django\db\backends\utils.py", line 105, in _execute
    return self.cursor.execute(sql, params)
  File "C:\workspace\projet\venv\lib\site-packages\django\db\backends\mysql\base.py", line 76, in execute
    return self.cursor.execute(query, args)
  File "C:\workspace\projet\venv\lib\site-packages\MySQLdb\cursors.py", line 179, in execute
    res = self._query(mogrified_query)
  File "C:\workspace\projet\venv\lib\site-packages\MySQLdb\cursors.py", line 330, in _query
    db.query(q)
  File "C:\workspace\projet\venv\lib\site-packages\MySQLdb\connections.py", line 261, in query
    _mysql.connection.query(self, query)
MySQLdb.ProgrammingError: (1146, "La table 'django_db.apps_delivery' n'existe pas")

The above exception was the direct cause of the following exception:

Traceback (most recent call last):
  File "C:\workspace\projet\venv\lib\site-packages\django\core\handlers\exception.py", line 55, in inner
    response = get_response(request)
  File "C:\workspace\projet\venv\lib\site-packages\django\core\handlers\base.py", line 197, in _get_response
    response = wrapped_callback(request, *callback_args, **callback_kwargs)
  File "C:\workspace\projet\backend\saleManagment\apps\views.py", line 798, in add_delivery
    delivery.save()
  File "C:\workspace\projet\venv\lib\site-packages\django\db\models\base.py", line 891, in save
    self.save_base(
  File "C:\workspace\projet\venv\lib\site-packages\django\db\models\base.py", line 997, in save_base
    updated = self._save_table(
  File "C:\workspace\projet\venv\lib\site-packages\django\db\models\base.py", line 1160, in _save_table
    results = self._do_insert(
  File "C:\workspace\projet\venv\lib\site-packages\django\db\models\base.py", line 1201, in _do_insert
    return manager._insert(
  File "C:\workspace\projet\venv\lib\site-packages\django\db\models\manager.py", line 87, in manager_method
    return getattr(self.get_queryset(), name)(*args, **kwargs)
  File "C:\workspace\projet\venv\lib\site-packages\django\db\models\query.py", line 1847, in _insert
    return query.get_compiler(using=using).execute_sql(returning_fields)
  File "C:\workspace\projet\venv\lib\site-packages\django\db\models\sql\compiler.py", line 1836, in execute_sql
    cursor.execute(sql, params)
  File "C:\workspace\projet\venv\lib\site-packages\django\db\backends\utils.py", line 122, in execute
    return super().execute(sql, params)
  File "C:\workspace\projet\venv\lib\site-packages\django\db\backends\utils.py", line 79, in execute
    return self._execute_with_wrappers(
  File "C:\workspace\projet\venv\lib\site-packages\django\db\backends\utils.py", line 92, in _execute_with_wrappers
    return executor(sql, params, many, context)
  File "C:\workspace\projet\venv\lib\site-packages\django\db\backends\utils.py", line 100, in _execute
    with self.db.wrap_database_errors:
  File "C:\workspace\projet\venv\lib\site-packages\django\db\utils.py", line 91, in __exit__
    raise dj_exc_value.with_traceback(traceback) from exc_value
  File "C:\workspace\projet\venv\lib\site-packages\django\db\backends\utils.py", line 105, in _execute
    return self.cursor.execute(sql, params)
  File "C:\workspace\projet\venv\lib\site-packages\django\db\backends\mysql\base.py", line 76, in execute
    return self.cursor.execute(query, args)
  File "C:\workspace\projet\venv\lib\site-packages\MySQLdb\cursors.py", line 179, in execute
    res = self._query(mogrified_query)
  File "C:\workspace\projet\venv\lib\site-packages\MySQLdb\cursors.py", line 330, in _query
    db.query(q)
  File "C:\workspace\projet\venv\lib\site-packages\MySQLdb\connections.py", line 261, in query
    _mysql.connection.query(self, query)
django.db.utils.ProgrammingError: (1146, "La table 'django_db.apps_delivery' n'existe pas")
ERROR 2024-10-05 08:30:59,952 basehttp "POST /apps/add_delivery/ HTTP/1.1" 500 174369
ERROR 2024-10-05 08:48:49,358 log Internal Server Error: /apps/add_delivery/
Traceback (most recent call last):
  File "C:\workspace\projet\venv\lib\site-packages\django\core\handlers\exception.py", line 55, in inner
    response = get_response(request)
  File "C:\workspace\projet\venv\lib\site-packages\django\core\handlers\base.py", line 197, in _get_response
    response = wrapped_callback(request, *callback_args, **callback_kwargs)
  File "C:\workspace\projet\backend\saleManagment\apps\views.py", line 799, in add_delivery
    return redirect('delivery_list')
  File "C:\workspace\projet\venv\lib\site-packages\django\shortcuts.py", line 49, in redirect
    return redirect_class(resolve_url(to, *args, **kwargs))
  File "C:\workspace\projet\venv\lib\site-packages\django\shortcuts.py", line 180, in resolve_url
    return reverse(to, args=args, kwargs=kwargs)
  File "C:\workspace\projet\venv\lib\site-packages\django\urls\base.py", line 88, in reverse
    return resolver._reverse_with_prefix(view, prefix, *args, **kwargs)
  File "C:\workspace\projet\venv\lib\site-packages\django\urls\resolvers.py", line 831, in _reverse_with_prefix
    raise NoReverseMatch(msg)
django.urls.exceptions.NoReverseMatch: Reverse for 'delivery_list' not found. 'delivery_list' is not a valid view function or pattern name.
ERROR 2024-10-05 08:48:49,401 basehttp "POST /apps/add_delivery/ HTTP/1.1" 500 89265
ERROR 2024-10-05 08:49:51,748 log Internal Server Error: /apps/get_delivery
Traceback (most recent call last):
  File "C:\workspace\projet\venv\lib\site-packages\django\core\handlers\exception.py", line 55, in inner
    response = get_response(request)
  File "C:\workspace\projet\venv\lib\site-packages\django\core\handlers\base.py", line 197, in _get_response
    response = wrapped_callback(request, *callback_args, **callback_kwargs)
TypeError: get_delivery() missing 1 required positional argument: 'pk'
ERROR 2024-10-05 08:49:51,755 basehttp "GET /apps/get_delivery HTTP/1.1" 500 65439
ERROR 2024-10-05 08:50:53,191 log Internal Server Error: /apps/get_delivery
Traceback (most recent call last):
  File "C:\workspace\projet\venv\lib\site-packages\django\core\handlers\exception.py", line 55, in inner
    response = get_response(request)
  File "C:\workspace\projet\venv\lib\site-packages\django\core\handlers\base.py", line 197, in _get_response
    response = wrapped_callback(request, *callback_args, **callback_kwargs)
TypeError: get_delivery() missing 1 required positional argument: 'pk'
ERROR 2024-10-05 08:50:53,198 basehttp "GET /apps/get_delivery HTTP/1.1" 500 65439
ERROR 2024-10-05 08:54:51,747 log Internal Server Error: /apps/get_delivery
Traceback (most recent call last):
  File "C:\workspace\projet\venv\lib\site-packages\django\core\handlers\exception.py", line 55, in inner
    response = get_response(request)
  File "C:\workspace\projet\venv\lib\site-packages\django\core\handlers\base.py", line 197, in _get_response
    response = wrapped_callback(request, *callback_args, **callback_kwargs)
  File "C:\workspace\projet\backend\saleManagment\apps\views.py", line 283, in get_delivery
    return render(request, 'delivery_detail.html', {'deliveris': deliveris})
  File "C:\workspace\projet\venv\lib\site-packages\django\shortcuts.py", line 25, in render
    content = loader.render_to_string(template_name, context, request, using=using)
  File "C:\workspace\projet\venv\lib\site-packages\django\template\loader.py", line 62, in render_to_string
    return template.render(context, request)
  File "C:\workspace\projet\venv\lib\site-packages\django\template\backends\django.py", line 107, in render
    return self.template.render(context)
  File "C:\workspace\projet\venv\lib\site-packages\django\template\base.py", line 171, in render
    return self._render(context)
  File "C:\workspace\projet\venv\lib\site-packages\django\template\base.py", line 163, in _render
    return self.nodelist.render(context)
  File "C:\workspace\projet\venv\lib\site-packages\django\template\base.py", line 1008, in render
    return SafeString("".join([node.render_annotated(context) for node in self]))
  File "C:\workspace\projet\venv\lib\site-packages\django\template\base.py", line 1008, in <listcomp>
    return SafeString("".join([node.render_annotated(context) for node in self]))
  File "C:\workspace\projet\venv\lib\site-packages\django\template\base.py", line 969, in render_annotated
    return self.render(context)
  File "C:\workspace\projet\venv\lib\site-packages\django\template\defaulttags.py", line 243, in render
    nodelist.append(node.render_annotated(context))
  File "C:\workspace\projet\venv\lib\site-packages\django\template\base.py", line 969, in render_annotated
    return self.render(context)
  File "C:\workspace\projet\venv\lib\site-packages\django\template\defaulttags.py", line 480, in render
    url = reverse(view_name, args=args, kwargs=kwargs, current_app=current_app)
  File "C:\workspace\projet\venv\lib\site-packages\django\urls\base.py", line 88, in reverse
    return resolver._reverse_with_prefix(view, prefix, *args, **kwargs)
  File "C:\workspace\projet\venv\lib\site-packages\django\urls\resolvers.py", line 831, in _reverse_with_prefix
    raise NoReverseMatch(msg)
django.urls.exceptions.NoReverseMatch: Reverse for 'update_delivery' with arguments '(1,)' not found. 1 pattern(s) tried: ['apps/update_delivery\\Z']
ERROR 2024-10-05 08:54:51,784 basehttp "GET /apps/get_delivery HTTP/1.1" 500 139086
ERROR 2024-10-05 08:57:05,743 log Internal Server Error: /apps/get_delivery
Traceback (most recent call last):
  File "C:\workspace\projet\venv\lib\site-packages\django\core\handlers\exception.py", line 55, in inner
    response = get_response(request)
  File "C:\workspace\projet\venv\lib\site-packages\django\core\handlers\base.py", line 197, in _get_response
    response = wrapped_callback(request, *callback_args, **callback_kwargs)
  File "C:\workspace\projet\backend\saleManagment\apps\views.py", line 283, in get_delivery
    return render(request, 'delivery_detail.html', {'deliveris': deliveris})
  File "C:\workspace\projet\venv\lib\site-packages\django\shortcuts.py", line 25, in render
    content = loader.render_to_string(template_name, context, request, using=using)
  File "C:\workspace\projet\venv\lib\site-packages\django\template\loader.py", line 62, in render_to_string
    return template.render(context, request)
  File "C:\workspace\projet\venv\lib\site-packages\django\template\backends\django.py", line 107, in render
    return self.template.render(context)
  File "C:\workspace\projet\venv\lib\site-packages\django\template\base.py", line 171, in render
    return self._render(context)
  File "C:\workspace\projet\venv\lib\site-packages\django\template\base.py", line 163, in _render
    return self.nodelist.render(context)
  File "C:\workspace\projet\venv\lib\site-packages\django\template\base.py", line 1008, in render
    return SafeString("".join([node.render_annotated(context) for node in self]))
  File "C:\workspace\projet\venv\lib\site-packages\django\template\base.py", line 1008, in <listcomp>
    return SafeString("".join([node.render_annotated(context) for node in self]))
  File "C:\workspace\projet\venv\lib\site-packages\django\template\base.py", line 969, in render_annotated
    return self.render(context)
  File "C:\workspace\projet\venv\lib\site-packages\django\template\defaulttags.py", line 480, in render
    url = reverse(view_name, args=args, kwargs=kwargs, current_app=current_app)
  File "C:\workspace\projet\venv\lib\site-packages\django\urls\base.py", line 88, in reverse
    return resolver._reverse_with_prefix(view, prefix, *args, **kwargs)
  File "C:\workspace\projet\venv\lib\site-packages\django\urls\resolvers.py", line 831, in _reverse_with_prefix
    raise NoReverseMatch(msg)
django.urls.exceptions.NoReverseMatch: Reverse for 'delete_delivery' with no arguments not found. 1 pattern(s) tried: ['apps/delete_delivery/(?P<delivery_id>[0-9]+)/\\Z']
ERROR 2024-10-05 08:57:05,763 basehttp "GET /apps/get_delivery HTTP/1.1" 500 127694
ERROR 2024-10-05 08:58:39,504 log Internal Server Error: /apps/update_delivery/1/
Traceback (most recent call last):
  File "C:\workspace\projet\venv\lib\site-packages\django\core\handlers\exception.py", line 55, in inner
    response = get_response(request)
  File "C:\workspace\projet\venv\lib\site-packages\django\core\handlers\base.py", line 197, in _get_response
    response = wrapped_callback(request, *callback_args, **callback_kwargs)
TypeError: update_delivery() got an unexpected keyword argument 'delivery_id'
ERROR 2024-10-05 08:58:39,519 basehttp "GET /apps/update_delivery/1/ HTTP/1.1" 500 65418
ERROR 2024-10-05 09:03:49,362 log Internal Server Error: /apps/update_delivery/1/
Traceback (most recent call last):
  File "C:\workspace\projet\venv\lib\site-packages\django\core\handlers\exception.py", line 55, in inner
    response = get_response(request)
  File "C:\workspace\projet\venv\lib\site-packages\django\core\handlers\base.py", line 197, in _get_response
    response = wrapped_callback(request, *callback_args, **callback_kwargs)
TypeError: update_delivery() got an unexpected keyword argument 'delivery_id'
ERROR 2024-10-05 09:03:49,379 basehttp "GET /apps/update_delivery/1/ HTTP/1.1" 500 65555
ERROR 2024-10-05 09:03:59,497 log Internal Server Error: /apps/update_delivery/1/
Traceback (most recent call last):
  File "C:\workspace\projet\venv\lib\site-packages\django\core\handlers\exception.py", line 55, in inner
    response = get_response(request)
  File "C:\workspace\projet\venv\lib\site-packages\django\core\handlers\base.py", line 197, in _get_response
    response = wrapped_callback(request, *callback_args, **callback_kwargs)
TypeError: update_delivery() got an unexpected keyword argument 'delivery_id'
ERROR 2024-10-05 09:03:59,497 basehttp "GET /apps/update_delivery/1/ HTTP/1.1" 500 65555
ERROR 2024-10-05 09:05:26,185 log Internal Server Error: /apps/delete_delivery/6/
Traceback (most recent call last):
  File "C:\workspace\projet\venv\lib\site-packages\django\core\handlers\exception.py", line 55, in inner
    response = get_response(request)
  File "C:\workspace\projet\venv\lib\site-packages\django\core\handlers\base.py", line 197, in _get_response
    response = wrapped_callback(request, *callback_args, **callback_kwargs)
TypeError: delete_delivery() got an unexpected keyword argument 'delivery_id'
ERROR 2024-10-05 09:05:26,194 basehttp "GET /apps/delete_delivery/6/ HTTP/1.1" 500 65418
ERROR 2024-10-05 09:07:42,831 log Internal Server Error: /apps/delete_delivery/6/
Traceback (most recent call last):
  File "C:\workspace\projet\venv\lib\site-packages\django\core\handlers\exception.py", line 55, in inner
    response = get_response(request)
  File "C:\workspace\projet\venv\lib\site-packages\django\core\handlers\base.py", line 197, in _get_response
    response = wrapped_callback(request, *callback_args, **callback_kwargs)
  File "C:\workspace\projet\backend\saleManagment\apps\views.py", line 805, in delete_delivery
    delivery = Delivery.objects.get(delivery_id=delivery_id)
  File "C:\workspace\projet\venv\lib\site-packages\django\db\models\manager.py", line 87, in manager_method
    return getattr(self.get_queryset(), name)(*args, **kwargs)
  File "C:\workspace\projet\venv\lib\site-packages\django\db\models\query.py", line 649, in get
    raise self.model.DoesNotExist(
apps.models.Delivery.DoesNotExist: Delivery matching query does not exist.
ERROR 2024-10-05 09:07:42,852 basehttp "GET /apps/delete_delivery/6/ HTTP/1.1" 500 77580
ERROR 2024-10-05 09:11:16,539 log Internal Server Error: /apps/delete_delivery/6/
Traceback (most recent call last):
  File "C:\workspace\projet\venv\lib\site-packages\django\core\handlers\exception.py", line 55, in inner
    response = get_response(request)
  File "C:\workspace\projet\venv\lib\site-packages\django\core\handlers\base.py", line 197, in _get_response
    response = wrapped_callback(request, *callback_args, **callback_kwargs)
  File "C:\workspace\projet\backend\saleManagment\apps\views.py", line 805, in delete_delivery
    delivery = Delivery.objects.get(delivery_id=delivery_id)
  File "C:\workspace\projet\venv\lib\site-packages\django\db\models\manager.py", line 87, in manager_method
    return getattr(self.get_queryset(), name)(*args, **kwargs)
  File "C:\workspace\projet\venv\lib\site-packages\django\db\models\query.py", line 649, in get
    raise self.model.DoesNotExist(
apps.models.Delivery.DoesNotExist: Delivery matching query does not exist.
ERROR 2024-10-05 09:11:16,557 basehttp "GET /apps/delete_delivery/6/ HTTP/1.1" 500 77580
ERROR 2024-10-05 09:17:23,982 log Internal Server Error: /apps/search_delivery/
Traceback (most recent call last):
  File "C:\workspace\projet\venv\lib\site-packages\django\core\handlers\exception.py", line 55, in inner
    response = get_response(request)
  File "C:\workspace\projet\venv\lib\site-packages\django\core\handlers\base.py", line 197, in _get_response
    response = wrapped_callback(request, *callback_args, **callback_kwargs)
  File "C:\workspace\projet\backend\saleManagment\apps\views.py", line 843, in search_delivery
    return render(request, 'search_delivery.html', {'deliveries': deliveries, 'searched': searched})
  File "C:\workspace\projet\venv\lib\site-packages\django\shortcuts.py", line 25, in render
    content = loader.render_to_string(template_name, context, request, using=using)
  File "C:\workspace\projet\venv\lib\site-packages\django\template\loader.py", line 62, in render_to_string
    return template.render(context, request)
  File "C:\workspace\projet\venv\lib\site-packages\django\template\backends\django.py", line 107, in render
    return self.template.render(context)
  File "C:\workspace\projet\venv\lib\site-packages\django\template\base.py", line 171, in render
    return self._render(context)
  File "C:\workspace\projet\venv\lib\site-packages\django\template\base.py", line 163, in _render
    return self.nodelist.render(context)
  File "C:\workspace\projet\venv\lib\site-packages\django\template\base.py", line 1008, in render
    return SafeString("".join([node.render_annotated(context) for node in self]))
  File "C:\workspace\projet\venv\lib\site-packages\django\template\base.py", line 1008, in <listcomp>
    return SafeString("".join([node.render_annotated(context) for node in self]))
  File "C:\workspace\projet\venv\lib\site-packages\django\template\base.py", line 969, in render_annotated
    return self.render(context)
  File "C:\workspace\projet\venv\lib\site-packages\django\template\defaulttags.py", line 480, in render
    url = reverse(view_name, args=args, kwargs=kwargs, current_app=current_app)
  File "C:\workspace\projet\venv\lib\site-packages\django\urls\base.py", line 88, in reverse
    return resolver._reverse_with_prefix(view, prefix, *args, **kwargs)
  File "C:\workspace\projet\venv\lib\site-packages\django\urls\resolvers.py", line 831, in _reverse_with_prefix
    raise NoReverseMatch(msg)
django.urls.exceptions.NoReverseMatch: Reverse for 'delete_delivery' with no arguments not found. 1 pattern(s) tried: ['apps/delete_delivery/(?P<delivery_id>[0-9]+)/\\Z']
ERROR 2024-10-05 09:17:24,005 basehttp "GET /apps/search_delivery/?csrfmiddlewaretoken=1JzZuKBGeDtHOBdW8QyZdsjofngMLi3NYYPUR8fuCdIK6airdmyk4N3nXysONzP0&searched=livreur1 HTTP/1.1" 500 127986
ERROR 2024-10-05 10:00:27,533 log Internal Server Error: /apps/add_command/
Traceback (most recent call last):
  File "C:\workspace\projet\venv\lib\site-packages\django\db\backends\utils.py", line 105, in _execute
    return self.cursor.execute(sql, params)
  File "C:\workspace\projet\venv\lib\site-packages\django\db\backends\mysql\base.py", line 76, in execute
    return self.cursor.execute(query, args)
  File "C:\workspace\projet\venv\lib\site-packages\MySQLdb\cursors.py", line 179, in execute
    res = self._query(mogrified_query)
  File "C:\workspace\projet\venv\lib\site-packages\MySQLdb\cursors.py", line 330, in _query
    db.query(q)
  File "C:\workspace\projet\venv\lib\site-packages\MySQLdb\connections.py", line 261, in query
    _mysql.connection.query(self, query)
MySQLdb.IntegrityError: (1048, "Le champ 'customer_id' ne peut être vide (null)")

The above exception was the direct cause of the following exception:

Traceback (most recent call last):
  File "C:\workspace\projet\venv\lib\site-packages\django\core\handlers\exception.py", line 55, in inner
    response = get_response(request)
  File "C:\workspace\projet\venv\lib\site-packages\django\core\handlers\base.py", line 197, in _get_response
    response = wrapped_callback(request, *callback_args, **callback_kwargs)
  File "C:\workspace\projet\backend\saleManagment\apps\views.py", line 872, in add_command
    command.save()
  File "C:\workspace\projet\venv\lib\site-packages\django\db\models\base.py", line 891, in save
    self.save_base(
  File "C:\workspace\projet\venv\lib\site-packages\django\db\models\base.py", line 997, in save_base
    updated = self._save_table(
  File "C:\workspace\projet\venv\lib\site-packages\django\db\models\base.py", line 1160, in _save_table
    results = self._do_insert(
  File "C:\workspace\projet\venv\lib\site-packages\django\db\models\base.py", line 1201, in _do_insert
    return manager._insert(
  File "C:\workspace\projet\venv\lib\site-packages\django\db\models\manager.py", line 87, in manager_method
    return getattr(self.get_queryset(), name)(*args, **kwargs)
  File "C:\workspace\projet\venv\lib\site-packages\django\db\models\query.py", line 1847, in _insert
    return query.get_compiler(using=using).execute_sql(returning_fields)
  File "C:\workspace\projet\venv\lib\site-packages\django\db\models\sql\compiler.py", line 1836, in execute_sql
    cursor.execute(sql, params)
  File "C:\workspace\projet\venv\lib\site-packages\django\db\backends\utils.py", line 122, in execute
    return super().execute(sql, params)
  File "C:\workspace\projet\venv\lib\site-packages\django\db\backends\utils.py", line 79, in execute
    return self._execute_with_wrappers(
  File "C:\workspace\projet\venv\lib\site-packages\django\db\backends\utils.py", line 92, in _execute_with_wrappers
    return executor(sql, params, many, context)
  File "C:\workspace\projet\venv\lib\site-packages\django\db\backends\utils.py", line 100, in _execute
    with self.db.wrap_database_errors:
  File "C:\workspace\projet\venv\lib\site-packages\django\db\utils.py", line 91, in __exit__
    raise dj_exc_value.with_traceback(traceback) from exc_value
  File "C:\workspace\projet\venv\lib\site-packages\django\db\backends\utils.py", line 105, in _execute
    return self.cursor.execute(sql, params)
  File "C:\workspace\projet\venv\lib\site-packages\django\db\backends\mysql\base.py", line 76, in execute
    return self.cursor.execute(query, args)
  File "C:\workspace\projet\venv\lib\site-packages\MySQLdb\cursors.py", line 179, in execute
    res = self._query(mogrified_query)
  File "C:\workspace\projet\venv\lib\site-packages\MySQLdb\cursors.py", line 330, in _query
    db.query(q)
  File "C:\workspace\projet\venv\lib\site-packages\MySQLdb\connections.py", line 261, in query
    _mysql.connection.query(self, query)
django.db.utils.IntegrityError: (1048, "Le champ 'customer_id' ne peut être vide (null)")
ERROR 2024-10-05 10:00:27,574 basehttp "POST /apps/add_command/ HTTP/1.1" 500 175985
ERROR 2024-10-05 10:00:38,057 log Internal Server Error: /apps/add_command/
Traceback (most recent call last):
  File "C:\workspace\projet\venv\lib\site-packages\django\db\backends\utils.py", line 105, in _execute
    return self.cursor.execute(sql, params)
  File "C:\workspace\projet\venv\lib\site-packages\django\db\backends\mysql\base.py", line 76, in execute
    return self.cursor.execute(query, args)
  File "C:\workspace\projet\venv\lib\site-packages\MySQLdb\cursors.py", line 179, in execute
    res = self._query(mogrified_query)
  File "C:\workspace\projet\venv\lib\site-packages\MySQLdb\cursors.py", line 330, in _query
    db.query(q)
  File "C:\workspace\projet\venv\lib\site-packages\MySQLdb\connections.py", line 261, in query
    _mysql.connection.query(self, query)
MySQLdb.IntegrityError: (1048, "Le champ 'customer_id' ne peut être vide (null)")

The above exception was the direct cause of the following exception:

Traceback (most recent call last):
  File "C:\workspace\projet\venv\lib\site-packages\django\core\handlers\exception.py", line 55, in inner
    response = get_response(request)
  File "C:\workspace\projet\venv\lib\site-packages\django\core\handlers\base.py", line 197, in _get_response
    response = wrapped_callback(request, *callback_args, **callback_kwargs)
  File "C:\workspace\projet\backend\saleManagment\apps\views.py", line 872, in add_command
    command.save()
  File "C:\workspace\projet\venv\lib\site-packages\django\db\models\base.py", line 891, in save
    self.save_base(
  File "C:\workspace\projet\venv\lib\site-packages\django\db\models\base.py", line 997, in save_base
    updated = self._save_table(
  File "C:\workspace\projet\venv\lib\site-packages\django\db\models\base.py", line 1160, in _save_table
    results = self._do_insert(
  File "C:\workspace\projet\venv\lib\site-packages\django\db\models\base.py", line 1201, in _do_insert
    return manager._insert(
  File "C:\workspace\projet\venv\lib\site-packages\django\db\models\manager.py", line 87, in manager_method
    return getattr(self.get_queryset(), name)(*args, **kwargs)
  File "C:\workspace\projet\venv\lib\site-packages\django\db\models\query.py", line 1847, in _insert
    return query.get_compiler(using=using).execute_sql(returning_fields)
  File "C:\workspace\projet\venv\lib\site-packages\django\db\models\sql\compiler.py", line 1836, in execute_sql
    cursor.execute(sql, params)
  File "C:\workspace\projet\venv\lib\site-packages\django\db\backends\utils.py", line 122, in execute
    return super().execute(sql, params)
  File "C:\workspace\projet\venv\lib\site-packages\django\db\backends\utils.py", line 79, in execute
    return self._execute_with_wrappers(
  File "C:\workspace\projet\venv\lib\site-packages\django\db\backends\utils.py", line 92, in _execute_with_wrappers
    return executor(sql, params, many, context)
  File "C:\workspace\projet\venv\lib\site-packages\django\db\backends\utils.py", line 100, in _execute
    with self.db.wrap_database_errors:
  File "C:\workspace\projet\venv\lib\site-packages\django\db\utils.py", line 91, in __exit__
    raise dj_exc_value.with_traceback(traceback) from exc_value
  File "C:\workspace\projet\venv\lib\site-packages\django\db\backends\utils.py", line 105, in _execute
    return self.cursor.execute(sql, params)
  File "C:\workspace\projet\venv\lib\site-packages\django\db\backends\mysql\base.py", line 76, in execute
    return self.cursor.execute(query, args)
  File "C:\workspace\projet\venv\lib\site-packages\MySQLdb\cursors.py", line 179, in execute
    res = self._query(mogrified_query)
  File "C:\workspace\projet\venv\lib\site-packages\MySQLdb\cursors.py", line 330, in _query
    db.query(q)
  File "C:\workspace\projet\venv\lib\site-packages\MySQLdb\connections.py", line 261, in query
    _mysql.connection.query(self, query)
django.db.utils.IntegrityError: (1048, "Le champ 'customer_id' ne peut être vide (null)")
ERROR 2024-10-05 10:00:38,081 basehttp "POST /apps/add_command/ HTTP/1.1" 500 175985
ERROR 2024-10-05 10:01:13,342 log Internal Server Error: /apps/add_command/
Traceback (most recent call last):
  File "C:\workspace\projet\venv\lib\site-packages\django\db\backends\utils.py", line 105, in _execute
    return self.cursor.execute(sql, params)
  File "C:\workspace\projet\venv\lib\site-packages\django\db\backends\mysql\base.py", line 76, in execute
    return self.cursor.execute(query, args)
  File "C:\workspace\projet\venv\lib\site-packages\MySQLdb\cursors.py", line 179, in execute
    res = self._query(mogrified_query)
  File "C:\workspace\projet\venv\lib\site-packages\MySQLdb\cursors.py", line 330, in _query
    db.query(q)
  File "C:\workspace\projet\venv\lib\site-packages\MySQLdb\connections.py", line 261, in query
    _mysql.connection.query(self, query)
MySQLdb.IntegrityError: (1048, "Le champ 'delivery_id' ne peut être vide (null)")

The above exception was the direct cause of the following exception:

Traceback (most recent call last):
  File "C:\workspace\projet\venv\lib\site-packages\django\core\handlers\exception.py", line 55, in inner
    response = get_response(request)
  File "C:\workspace\projet\venv\lib\site-packages\django\core\handlers\base.py", line 197, in _get_response
    response = wrapped_callback(request, *callback_args, **callback_kwargs)
  File "C:\workspace\projet\backend\saleManagment\apps\views.py", line 872, in add_command
    command.save()
  File "C:\workspace\projet\venv\lib\site-packages\django\db\models\base.py", line 891, in save
    self.save_base(
  File "C:\workspace\projet\venv\lib\site-packages\django\db\models\base.py", line 997, in save_base
    updated = self._save_table(
  File "C:\workspace\projet\venv\lib\site-packages\django\db\models\base.py", line 1160, in _save_table
    results = self._do_insert(
  File "C:\workspace\projet\venv\lib\site-packages\django\db\models\base.py", line 1201, in _do_insert
    return manager._insert(
  File "C:\workspace\projet\venv\lib\site-packages\django\db\models\manager.py", line 87, in manager_method
    return getattr(self.get_queryset(), name)(*args, **kwargs)
  File "C:\workspace\projet\venv\lib\site-packages\django\db\models\query.py", line 1847, in _insert
    return query.get_compiler(using=using).execute_sql(returning_fields)
  File "C:\workspace\projet\venv\lib\site-packages\django\db\models\sql\compiler.py", line 1836, in execute_sql
    cursor.execute(sql, params)
  File "C:\workspace\projet\venv\lib\site-packages\django\db\backends\utils.py", line 122, in execute
    return super().execute(sql, params)
  File "C:\workspace\projet\venv\lib\site-packages\django\db\backends\utils.py", line 79, in execute
    return self._execute_with_wrappers(
  File "C:\workspace\projet\venv\lib\site-packages\django\db\backends\utils.py", line 92, in _execute_with_wrappers
    return executor(sql, params, many, context)
  File "C:\workspace\projet\venv\lib\site-packages\django\db\backends\utils.py", line 100, in _execute
    with self.db.wrap_database_errors:
  File "C:\workspace\projet\venv\lib\site-packages\django\db\utils.py", line 91, in __exit__
    raise dj_exc_value.with_traceback(traceback) from exc_value
  File "C:\workspace\projet\venv\lib\site-packages\django\db\backends\utils.py", line 105, in _execute
    return self.cursor.execute(sql, params)
  File "C:\workspace\projet\venv\lib\site-packages\django\db\backends\mysql\base.py", line 76, in execute
    return self.cursor.execute(query, args)
  File "C:\workspace\projet\venv\lib\site-packages\MySQLdb\cursors.py", line 179, in execute
    res = self._query(mogrified_query)
  File "C:\workspace\projet\venv\lib\site-packages\MySQLdb\cursors.py", line 330, in _query
    db.query(q)
  File "C:\workspace\projet\venv\lib\site-packages\MySQLdb\connections.py", line 261, in query
    _mysql.connection.query(self, query)
django.db.utils.IntegrityError: (1048, "Le champ 'delivery_id' ne peut être vide (null)")
ERROR 2024-10-05 10:01:13,432 basehttp "POST /apps/add_command/ HTTP/1.1" 500 175943
ERROR 2024-10-05 10:09:28,454 log Internal Server Error: /apps/update_command/1/
Traceback (most recent call last):
  File "C:\workspace\projet\venv\lib\site-packages\django\db\backends\utils.py", line 105, in _execute
    return self.cursor.execute(sql, params)
  File "C:\workspace\projet\venv\lib\site-packages\django\db\backends\mysql\base.py", line 76, in execute
    return self.cursor.execute(query, args)
  File "C:\workspace\projet\venv\lib\site-packages\MySQLdb\cursors.py", line 179, in execute
    res = self._query(mogrified_query)
  File "C:\workspace\projet\venv\lib\site-packages\MySQLdb\cursors.py", line 330, in _query
    db.query(q)
  File "C:\workspace\projet\venv\lib\site-packages\MySQLdb\connections.py", line 261, in query
    _mysql.connection.query(self, query)
MySQLdb.IntegrityError: (1048, "Le champ 'customer_id' ne peut être vide (null)")

The above exception was the direct cause of the following exception:

Traceback (most recent call last):
  File "C:\workspace\projet\venv\lib\site-packages\django\core\handlers\exception.py", line 55, in inner
    response = get_response(request)
  File "C:\workspace\projet\venv\lib\site-packages\django\core\handlers\base.py", line 197, in _get_response
    response = wrapped_callback(request, *callback_args, **callback_kwargs)
  File "C:\workspace\projet\backend\saleManagment\apps\views.py", line 904, in update_command
    command.save()
  File "C:\workspace\projet\venv\lib\site-packages\django\db\models\base.py", line 891, in save
    self.save_base(
  File "C:\workspace\projet\venv\lib\site-packages\django\db\models\base.py", line 997, in save_base
    updated = self._save_table(
  File "C:\workspace\projet\venv\lib\site-packages\django\db\models\base.py", line 1129, in _save_table
    updated = self._do_update(
  File "C:\workspace\projet\venv\lib\site-packages\django\db\models\base.py", line 1194, in _do_update
    return filtered._update(values) > 0
  File "C:\workspace\projet\venv\lib\site-packages\django\db\models\query.py", line 1278, in _update
    return query.get_compiler(self.db).execute_sql(CURSOR)
  File "C:\workspace\projet\venv\lib\site-packages\django\db\models\sql\compiler.py", line 2003, in execute_sql
    cursor = super().execute_sql(result_type)
  File "C:\workspace\projet\venv\lib\site-packages\django\db\models\sql\compiler.py", line 1574, in execute_sql
    cursor.execute(sql, params)
  File "C:\workspace\projet\venv\lib\site-packages\django\db\backends\utils.py", line 122, in execute
    return super().execute(sql, params)
  File "C:\workspace\projet\venv\lib\site-packages\django\db\backends\utils.py", line 79, in execute
    return self._execute_with_wrappers(
  File "C:\workspace\projet\venv\lib\site-packages\django\db\backends\utils.py", line 92, in _execute_with_wrappers
    return executor(sql, params, many, context)
  File "C:\workspace\projet\venv\lib\site-packages\django\db\backends\utils.py", line 100, in _execute
    with self.db.wrap_database_errors:
  File "C:\workspace\projet\venv\lib\site-packages\django\db\utils.py", line 91, in __exit__
    raise dj_exc_value.with_traceback(traceback) from exc_value
  File "C:\workspace\projet\venv\lib\site-packages\django\db\backends\utils.py", line 105, in _execute
    return self.cursor.execute(sql, params)
  File "C:\workspace\projet\venv\lib\site-packages\django\db\backends\mysql\base.py", line 76, in execute
    return self.cursor.execute(query, args)
  File "C:\workspace\projet\venv\lib\site-packages\MySQLdb\cursors.py", line 179, in execute
    res = self._query(mogrified_query)
  File "C:\workspace\projet\venv\lib\site-packages\MySQLdb\cursors.py", line 330, in _query
    db.query(q)
  File "C:\workspace\projet\venv\lib\site-packages\MySQLdb\connections.py", line 261, in query
    _mysql.connection.query(self, query)
django.db.utils.IntegrityError: (1048, "Le champ 'customer_id' ne peut être vide (null)")
ERROR 2024-10-05 10:09:28,560 basehttp "POST /apps/update_command/1/ HTTP/1.1" 500 176755
ERROR 2024-10-05 13:52:58,518 log Internal Server Error: /apps/get_command/
Traceback (most recent call last):
  File "C:\workspace\projet\venv\lib\site-packages\django\core\handlers\exception.py", line 55, in inner
    response = get_response(request)
  File "C:\workspace\projet\venv\lib\site-packages\django\core\handlers\base.py", line 197, in _get_response
    response = wrapped_callback(request, *callback_args, **callback_kwargs)
  File "C:\workspace\projet\backend\saleManagment\apps\views.py", line 880, in get_command
    return render(request, 'command_detail.html', {'commands': commands})
  File "C:\workspace\projet\venv\lib\site-packages\django\shortcuts.py", line 25, in render
    content = loader.render_to_string(template_name, context, request, using=using)
  File "C:\workspace\projet\venv\lib\site-packages\django\template\loader.py", line 62, in render_to_string
    return template.render(context, request)
  File "C:\workspace\projet\venv\lib\site-packages\django\template\backends\django.py", line 107, in render
    return self.template.render(context)
  File "C:\workspace\projet\venv\lib\site-packages\django\template\base.py", line 171, in render
    return self._render(context)
  File "C:\workspace\projet\venv\lib\site-packages\django\template\base.py", line 163, in _render
    return self.nodelist.render(context)
  File "C:\workspace\projet\venv\lib\site-packages\django\template\base.py", line 1008, in render
    return SafeString("".join([node.render_annotated(context) for node in self]))
  File "C:\workspace\projet\venv\lib\site-packages\django\template\base.py", line 1008, in <listcomp>
    return SafeString("".join([node.render_annotated(context) for node in self]))
  File "C:\workspace\projet\venv\lib\site-packages\django\template\base.py", line 969, in render_annotated
    return self.render(context)
  File "C:\workspace\projet\venv\lib\site-packages\django\template\defaulttags.py", line 243, in render
    nodelist.append(node.render_annotated(context))
  File "C:\workspace\projet\venv\lib\site-packages\django\template\base.py", line 969, in render_annotated
    return self.render(context)
  File "C:\workspace\projet\venv\lib\site-packages\django\template\defaulttags.py", line 480, in render
    url = reverse(view_name, args=args, kwargs=kwargs, current_app=current_app)
  File "C:\workspace\projet\venv\lib\site-packages\django\urls\base.py", line 88, in reverse
    return resolver._reverse_with_prefix(view, prefix, *args, **kwargs)
  File "C:\workspace\projet\venv\lib\site-packages\django\urls\resolvers.py", line 831, in _reverse_with_prefix
    raise NoReverseMatch(msg)
django.urls.exceptions.NoReverseMatch: Reverse for 'update_command' with arguments '('',)' not found. 1 pattern(s) tried: ['apps/update_command/(?P<pk>[0-9]+)/\\Z']
ERROR 2024-10-05 13:52:58,551 basehttp "GET /apps/get_command/ HTTP/1.1" 500 138504
ERROR 2024-10-05 13:55:09,679 log Internal Server Error: /apps/get_command/
Traceback (most recent call last):
  File "C:\workspace\projet\venv\lib\site-packages\django\core\handlers\exception.py", line 55, in inner
    response = get_response(request)
  File "C:\workspace\projet\venv\lib\site-packages\django\core\handlers\base.py", line 197, in _get_response
    response = wrapped_callback(request, *callback_args, **callback_kwargs)
  File "C:\workspace\projet\backend\saleManagment\apps\views.py", line 880, in get_command
    return render(request, 'command_detail.html', {'commands': commands})
  File "C:\workspace\projet\venv\lib\site-packages\django\shortcuts.py", line 25, in render
    content = loader.render_to_string(template_name, context, request, using=using)
  File "C:\workspace\projet\venv\lib\site-packages\django\template\loader.py", line 62, in render_to_string
    return template.render(context, request)
  File "C:\workspace\projet\venv\lib\site-packages\django\template\backends\django.py", line 107, in render
    return self.template.render(context)
  File "C:\workspace\projet\venv\lib\site-packages\django\template\base.py", line 171, in render
    return self._render(context)
  File "C:\workspace\projet\venv\lib\site-packages\django\template\base.py", line 163, in _render
    return self.nodelist.render(context)
  File "C:\workspace\projet\venv\lib\site-packages\django\template\base.py", line 1008, in render
    return SafeString("".join([node.render_annotated(context) for node in self]))
  File "C:\workspace\projet\venv\lib\site-packages\django\template\base.py", line 1008, in <listcomp>
    return SafeString("".join([node.render_annotated(context) for node in self]))
  File "C:\workspace\projet\venv\lib\site-packages\django\template\base.py", line 969, in render_annotated
    return self.render(context)
  File "C:\workspace\projet\venv\lib\site-packages\django\template\defaulttags.py", line 243, in render
    nodelist.append(node.render_annotated(context))
  File "C:\workspace\projet\venv\lib\site-packages\django\template\base.py", line 969, in render_annotated
    return self.render(context)
  File "C:\workspace\projet\venv\lib\site-packages\django\template\defaulttags.py", line 480, in render
    url = reverse(view_name, args=args, kwargs=kwargs, current_app=current_app)
  File "C:\workspace\projet\venv\lib\site-packages\django\urls\base.py", line 88, in reverse
    return resolver._reverse_with_prefix(view, prefix, *args, **kwargs)
  File "C:\workspace\projet\venv\lib\site-packages\django\urls\resolvers.py", line 831, in _reverse_with_prefix
    raise NoReverseMatch(msg)
django.urls.exceptions.NoReverseMatch: Reverse for 'update_command' with arguments '('',)' not found. 1 pattern(s) tried: ['apps/update_command/(?P<pk>[0-9]+)/\\Z']
ERROR 2024-10-05 13:55:09,698 basehttp "GET /apps/get_command/ HTTP/1.1" 500 138641
ERROR 2024-10-05 13:55:14,522 log Internal Server Error: /apps/get_command/
Traceback (most recent call last):
  File "C:\workspace\projet\venv\lib\site-packages\django\core\handlers\exception.py", line 55, in inner
    response = get_response(request)
  File "C:\workspace\projet\venv\lib\site-packages\django\core\handlers\base.py", line 197, in _get_response
    response = wrapped_callback(request, *callback_args, **callback_kwargs)
  File "C:\workspace\projet\backend\saleManagment\apps\views.py", line 880, in get_command
    return render(request, 'command_detail.html', {'commands': commands})
  File "C:\workspace\projet\venv\lib\site-packages\django\shortcuts.py", line 25, in render
    content = loader.render_to_string(template_name, context, request, using=using)
  File "C:\workspace\projet\venv\lib\site-packages\django\template\loader.py", line 62, in render_to_string
    return template.render(context, request)
  File "C:\workspace\projet\venv\lib\site-packages\django\template\backends\django.py", line 107, in render
    return self.template.render(context)
  File "C:\workspace\projet\venv\lib\site-packages\django\template\base.py", line 171, in render
    return self._render(context)
  File "C:\workspace\projet\venv\lib\site-packages\django\template\base.py", line 163, in _render
    return self.nodelist.render(context)
  File "C:\workspace\projet\venv\lib\site-packages\django\template\base.py", line 1008, in render
    return SafeString("".join([node.render_annotated(context) for node in self]))
  File "C:\workspace\projet\venv\lib\site-packages\django\template\base.py", line 1008, in <listcomp>
    return SafeString("".join([node.render_annotated(context) for node in self]))
  File "C:\workspace\projet\venv\lib\site-packages\django\template\base.py", line 969, in render_annotated
    return self.render(context)
  File "C:\workspace\projet\venv\lib\site-packages\django\template\defaulttags.py", line 243, in render
    nodelist.append(node.render_annotated(context))
  File "C:\workspace\projet\venv\lib\site-packages\django\template\base.py", line 969, in render_annotated
    return self.render(context)
  File "C:\workspace\projet\venv\lib\site-packages\django\template\defaulttags.py", line 480, in render
    url = reverse(view_name, args=args, kwargs=kwargs, current_app=current_app)
  File "C:\workspace\projet\venv\lib\site-packages\django\urls\base.py", line 88, in reverse
    return resolver._reverse_with_prefix(view, prefix, *args, **kwargs)
  File "C:\workspace\projet\venv\lib\site-packages\django\urls\resolvers.py", line 831, in _reverse_with_prefix
    raise NoReverseMatch(msg)
django.urls.exceptions.NoReverseMatch: Reverse for 'update_command' with arguments '('',)' not found. 1 pattern(s) tried: ['apps/update_command/(?P<pk>[0-9]+)/\\Z']
ERROR 2024-10-05 13:55:14,551 basehttp "GET /apps/get_command/ HTTP/1.1" 500 138504
ERROR 2024-10-05 14:01:50,356 log Internal Server Error: /apps/get_command/
Traceback (most recent call last):
  File "C:\workspace\projet\venv\lib\site-packages\django\core\handlers\exception.py", line 55, in inner
    response = get_response(request)
  File "C:\workspace\projet\venv\lib\site-packages\django\core\handlers\base.py", line 197, in _get_response
    response = wrapped_callback(request, *callback_args, **callback_kwargs)
  File "C:\workspace\projet\backend\saleManagment\apps\views.py", line 880, in get_command
    return render(request, 'command_detail.html', {'commands': commands})
  File "C:\workspace\projet\venv\lib\site-packages\django\shortcuts.py", line 25, in render
    content = loader.render_to_string(template_name, context, request, using=using)
  File "C:\workspace\projet\venv\lib\site-packages\django\template\loader.py", line 62, in render_to_string
    return template.render(context, request)
  File "C:\workspace\projet\venv\lib\site-packages\django\template\backends\django.py", line 107, in render
    return self.template.render(context)
  File "C:\workspace\projet\venv\lib\site-packages\django\template\base.py", line 171, in render
    return self._render(context)
  File "C:\workspace\projet\venv\lib\site-packages\django\template\base.py", line 163, in _render
    return self.nodelist.render(context)
  File "C:\workspace\projet\venv\lib\site-packages\django\template\base.py", line 1008, in render
    return SafeString("".join([node.render_annotated(context) for node in self]))
  File "C:\workspace\projet\venv\lib\site-packages\django\template\base.py", line 1008, in <listcomp>
    return SafeString("".join([node.render_annotated(context) for node in self]))
  File "C:\workspace\projet\venv\lib\site-packages\django\template\base.py", line 969, in render_annotated
    return self.render(context)
  File "C:\workspace\projet\venv\lib\site-packages\django\template\defaulttags.py", line 243, in render
    nodelist.append(node.render_annotated(context))
  File "C:\workspace\projet\venv\lib\site-packages\django\template\base.py", line 969, in render_annotated
    return self.render(context)
  File "C:\workspace\projet\venv\lib\site-packages\django\template\defaulttags.py", line 480, in render
    url = reverse(view_name, args=args, kwargs=kwargs, current_app=current_app)
  File "C:\workspace\projet\venv\lib\site-packages\django\urls\base.py", line 88, in reverse
    return resolver._reverse_with_prefix(view, prefix, *args, **kwargs)
  File "C:\workspace\projet\venv\lib\site-packages\django\urls\resolvers.py", line 831, in _reverse_with_prefix
    raise NoReverseMatch(msg)
django.urls.exceptions.NoReverseMatch: Reverse for 'update_command' with arguments '('',)' not found. 1 pattern(s) tried: ['apps/update_command/(?P<pk>[0-9]+)/\\Z']
ERROR 2024-10-05 14:01:50,393 basehttp "GET /apps/get_command/ HTTP/1.1" 500 138636
ERROR 2024-10-05 14:02:18,279 log Internal Server Error: /apps/get_command/
Traceback (most recent call last):
  File "C:\workspace\projet\venv\lib\site-packages\django\core\handlers\exception.py", line 55, in inner
    response = get_response(request)
  File "C:\workspace\projet\venv\lib\site-packages\django\core\handlers\base.py", line 197, in _get_response
    response = wrapped_callback(request, *callback_args, **callback_kwargs)
  File "C:\workspace\projet\backend\saleManagment\apps\views.py", line 880, in get_command
    return render(request, 'command_detail.html', {'commands': commands})
  File "C:\workspace\projet\venv\lib\site-packages\django\shortcuts.py", line 25, in render
    content = loader.render_to_string(template_name, context, request, using=using)
  File "C:\workspace\projet\venv\lib\site-packages\django\template\loader.py", line 62, in render_to_string
    return template.render(context, request)
  File "C:\workspace\projet\venv\lib\site-packages\django\template\backends\django.py", line 107, in render
    return self.template.render(context)
  File "C:\workspace\projet\venv\lib\site-packages\django\template\base.py", line 171, in render
    return self._render(context)
  File "C:\workspace\projet\venv\lib\site-packages\django\template\base.py", line 163, in _render
    return self.nodelist.render(context)
  File "C:\workspace\projet\venv\lib\site-packages\django\template\base.py", line 1008, in render
    return SafeString("".join([node.render_annotated(context) for node in self]))
  File "C:\workspace\projet\venv\lib\site-packages\django\template\base.py", line 1008, in <listcomp>
    return SafeString("".join([node.render_annotated(context) for node in self]))
  File "C:\workspace\projet\venv\lib\site-packages\django\template\base.py", line 969, in render_annotated
    return self.render(context)
  File "C:\workspace\projet\venv\lib\site-packages\django\template\defaulttags.py", line 243, in render
    nodelist.append(node.render_annotated(context))
  File "C:\workspace\projet\venv\lib\site-packages\django\template\base.py", line 969, in render_annotated
    return self.render(context)
  File "C:\workspace\projet\venv\lib\site-packages\django\template\defaulttags.py", line 480, in render
    url = reverse(view_name, args=args, kwargs=kwargs, current_app=current_app)
  File "C:\workspace\projet\venv\lib\site-packages\django\urls\base.py", line 88, in reverse
    return resolver._reverse_with_prefix(view, prefix, *args, **kwargs)
  File "C:\workspace\projet\venv\lib\site-packages\django\urls\resolvers.py", line 831, in _reverse_with_prefix
    raise NoReverseMatch(msg)
django.urls.exceptions.NoReverseMatch: Reverse for 'delete_command' with arguments '('',)' not found. 1 pattern(s) tried: ['apps/delete_command/(?P<Command_id>[0-9]+)/\\Z']
ERROR 2024-10-05 14:02:18,316 basehttp "GET /apps/get_command/ HTTP/1.1" 500 138988
ERROR 2024-10-05 14:04:30,105 log Internal Server Error: /apps/get_command/
Traceback (most recent call last):
  File "C:\workspace\projet\venv\lib\site-packages\django\core\handlers\exception.py", line 55, in inner
    response = get_response(request)
  File "C:\workspace\projet\venv\lib\site-packages\django\core\handlers\base.py", line 197, in _get_response
    response = wrapped_callback(request, *callback_args, **callback_kwargs)
  File "C:\workspace\projet\backend\saleManagment\apps\views.py", line 880, in get_command
    return render(request, 'command_detail.html', {'commands': commands})
  File "C:\workspace\projet\venv\lib\site-packages\django\shortcuts.py", line 25, in render
    content = loader.render_to_string(template_name, context, request, using=using)
  File "C:\workspace\projet\venv\lib\site-packages\django\template\loader.py", line 61, in render_to_string
    template = get_template(template_name, using=using)
  File "C:\workspace\projet\venv\lib\site-packages\django\template\loader.py", line 15, in get_template
    return engine.get_template(template_name)
  File "C:\workspace\projet\venv\lib\site-packages\django\template\backends\django.py", line 79, in get_template
    return Template(self.engine.get_template(template_name), self)
  File "C:\workspace\projet\venv\lib\site-packages\django\template\engine.py", line 177, in get_template
    template, origin = self.find_template(template_name)
  File "C:\workspace\projet\venv\lib\site-packages\django\template\engine.py", line 159, in find_template
    template = loader.get_template(name, skip=skip)
  File "C:\workspace\projet\venv\lib\site-packages\django\template\loaders\cached.py", line 57, in get_template
    template = super().get_template(template_name, skip)
  File "C:\workspace\projet\venv\lib\site-packages\django\template\loaders\base.py", line 28, in get_template
    return Template(
  File "C:\workspace\projet\venv\lib\site-packages\django\template\base.py", line 154, in __init__
    self.nodelist = self.compile_nodelist()
  File "C:\workspace\projet\venv\lib\site-packages\django\template\base.py", line 196, in compile_nodelist
    nodelist = parser.parse()
  File "C:\workspace\projet\venv\lib\site-packages\django\template\base.py", line 518, in parse
    raise self.error(token, e)
  File "C:\workspace\projet\venv\lib\site-packages\django\template\base.py", line 516, in parse
    compiled_result = compile_func(self, token)
  File "C:\workspace\projet\venv\lib\site-packages\django\template\defaulttags.py", line 862, in do_for
    nodelist_loop = parser.parse(
  File "C:\workspace\projet\venv\lib\site-packages\django\template\base.py", line 489, in parse
    raise self.error(token, e)
  File "C:\workspace\projet\venv\lib\site-packages\django\template\base.py", line 487, in parse
    filter_expression = self.compile_filter(token.contents)
  File "C:\workspace\projet\venv\lib\site-packages\django\template\base.py", line 605, in compile_filter
    return FilterExpression(token, self)
  File "C:\workspace\projet\venv\lib\site-packages\django\template\base.py", line 706, in __init__
    raise TemplateSyntaxError(
django.template.exceptions.TemplateSyntaxError: Could not parse the remainder: '(Command, 'status')' from 'getattr(Command, 'status')'
ERROR 2024-10-05 14:04:30,161 basehttp "GET /apps/get_command/ HTTP/1.1" 500 183735
ERROR 2024-10-05 14:27:09,569 log Internal Server Error: /apps/update_facture/1/
Traceback (most recent call last):
  File "C:\workspace\projet\venv\lib\site-packages\django\core\handlers\exception.py", line 55, in inner
    response = get_response(request)
  File "C:\workspace\projet\venv\lib\site-packages\django\core\handlers\base.py", line 197, in _get_response
    response = wrapped_callback(request, *callback_args, **callback_kwargs)
  File "C:\workspace\projet\backend\saleManagment\apps\views.py", line 345, in update_facture
    fact = get_object_or_404(facture, facture=id)
  File "C:\workspace\projet\venv\lib\site-packages\django\shortcuts.py", line 86, in get_object_or_404
    return queryset.get(*args, **kwargs)
  File "C:\workspace\projet\venv\lib\site-packages\django\db\models\query.py", line 635, in get
    clone = self._chain() if self.query.combinator else self.filter(*args, **kwargs)
  File "C:\workspace\projet\venv\lib\site-packages\django\db\models\query.py", line 1476, in filter
    return self._filter_or_exclude(False, args, kwargs)
  File "C:\workspace\projet\venv\lib\site-packages\django\db\models\query.py", line 1494, in _filter_or_exclude
    clone._filter_or_exclude_inplace(negate, args, kwargs)
  File "C:\workspace\projet\venv\lib\site-packages\django\db\models\query.py", line 1501, in _filter_or_exclude_inplace
    self._query.add_q(Q(*args, **kwargs))
  File "C:\workspace\projet\venv\lib\site-packages\django\db\models\sql\query.py", line 1609, in add_q
    clause, _ = self._add_q(q_object, self.used_aliases)
  File "C:\workspace\projet\venv\lib\site-packages\django\db\models\sql\query.py", line 1641, in _add_q
    child_clause, needed_inner = self.build_filter(
  File "C:\workspace\projet\venv\lib\site-packages\django\db\models\sql\query.py", line 1491, in build_filter
    lookups, parts, reffed_expression = self.solve_lookup_type(arg, summarize)
  File "C:\workspace\projet\venv\lib\site-packages\django\db\models\sql\query.py", line 1303, in solve_lookup_type
    _, field, _, lookup_parts = self.names_to_path(lookup_splitted, self.get_meta())
  File "C:\workspace\projet\venv\lib\site-packages\django\db\models\sql\query.py", line 1768, in names_to_path
    raise FieldError(
django.core.exceptions.FieldError: Cannot resolve keyword 'facture' into field. Choices are: addressf, command, command_id, customer, customer_id, datef, discount, facture_id, payment_method, price, product, product_id, qte_facture, tax, ttc, variant, variant_id
ERROR 2024-10-05 14:27:09,604 basehttp "GET /apps/update_facture/1/ HTTP/1.1" 500 117412
ERROR 2024-10-05 14:28:27,976 log Internal Server Error: /apps/update_facture/1/
Traceback (most recent call last):
  File "C:\workspace\projet\venv\lib\site-packages\django\core\handlers\exception.py", line 55, in inner
    response = get_response(request)
  File "C:\workspace\projet\venv\lib\site-packages\django\core\handlers\base.py", line 197, in _get_response
    response = wrapped_callback(request, *callback_args, **callback_kwargs)
TypeError: update_facture() got an unexpected keyword argument 'facture_id'
ERROR 2024-10-05 14:28:27,992 basehttp "GET /apps/update_facture/1/ HTTP/1.1" 500 65401
ERROR 2024-10-05 14:53:03,864 log Internal Server Error: /apps/update_facture/1/
Traceback (most recent call last):
  File "C:\workspace\projet\venv\lib\site-packages\django\core\handlers\exception.py", line 55, in inner
    response = get_response(request)
  File "C:\workspace\projet\venv\lib\site-packages\django\core\handlers\base.py", line 197, in _get_response
    response = wrapped_callback(request, *callback_args, **callback_kwargs)
  File "C:\workspace\projet\backend\saleManagment\apps\views.py", line 354, in update_facture
    return render(request, 'updatefacture.html', {'form': form})
  File "C:\workspace\projet\venv\lib\site-packages\django\shortcuts.py", line 25, in render
    content = loader.render_to_string(template_name, context, request, using=using)
  File "C:\workspace\projet\venv\lib\site-packages\django\template\loader.py", line 62, in render_to_string
    return template.render(context, request)
  File "C:\workspace\projet\venv\lib\site-packages\django\template\backends\django.py", line 107, in render
    return self.template.render(context)
  File "C:\workspace\projet\venv\lib\site-packages\django\template\base.py", line 171, in render
    return self._render(context)
  File "C:\workspace\projet\venv\lib\site-packages\django\template\base.py", line 163, in _render
    return self.nodelist.render(context)
  File "C:\workspace\projet\venv\lib\site-packages\django\template\base.py", line 1008, in render
    return SafeString("".join([node.render_annotated(context) for node in self]))
  File "C:\workspace\projet\venv\lib\site-packages\django\template\base.py", line 1008, in <listcomp>
    return SafeString("".join([node.render_annotated(context) for node in self]))
  File "C:\workspace\projet\venv\lib\site-packages\django\template\base.py", line 969, in render_annotated
    return self.render(context)
  File "C:\workspace\projet\venv\lib\site-packages\django\template\base.py", line 1067, in render
    output = self.filter_expression.resolve(context)
  File "C:\workspace\projet\venv\lib\site-packages\django\template\base.py", line 718, in resolve
    obj = self.var.resolve(context)
  File "C:\workspace\projet\venv\lib\site-packages\django\template\base.py", line 850, in resolve
    value = self._resolve_lookup(context)
  File "C:\workspace\projet\venv\lib\site-packages\django\template\base.py", line 917, in _resolve_lookup
    current = current()
  File "C:\workspace\projet\venv\lib\site-packages\django\forms\utils.py", line 87, in as_p
    return self.render(self.template_name_p)
  File "C:\workspace\projet\venv\lib\site-packages\django\forms\utils.py", line 55, in render
    return mark_safe(renderer.render(template, context))
  File "C:\workspace\projet\venv\lib\site-packages\django\forms\renderers.py", line 29, in render
    return template.render(context, request=request).strip()
  File "C:\workspace\projet\venv\lib\site-packages\django\template\backends\django.py", line 107, in render
    return self.template.render(context)
  File "C:\workspace\projet\venv\lib\site-packages\django\template\base.py", line 171, in render
    return self._render(context)
  File "C:\workspace\projet\venv\lib\site-packages\django\template\base.py", line 163, in _render
    return self.nodelist.render(context)
  File "C:\workspace\projet\venv\lib\site-packages\django\template\base.py", line 1008, in render
    return SafeString("".join([node.render_annotated(context) for node in self]))
  File "C:\workspace\projet\venv\lib\site-packages\django\template\base.py", line 1008, in <listcomp>
    return SafeString("".join([node.render_annotated(context) for node in self]))
  File "C:\workspace\projet\venv\lib\site-packages\django\template\base.py", line 969, in render_annotated
    return self.render(context)
  File "C:\workspace\projet\venv\lib\site-packages\django\template\defaulttags.py", line 243, in render
    nodelist.append(node.render_annotated(context))
  File "C:\workspace\projet\venv\lib\site-packages\django\template\base.py", line 969, in render_annotated
    return self.render(context)
  File "C:\workspace\projet\venv\lib\site-packages\django\template\base.py", line 1073, in render
    return render_value_in_context(output, context)
  File "C:\workspace\projet\venv\lib\site-packages\django\template\base.py", line 1050, in render_value_in_context
    value = str(value)
  File "C:\workspace\projet\venv\lib\site-packages\django\forms\utils.py", line 79, in __str__
    return self.as_widget()
  File "C:\workspace\projet\venv\lib\site-packages\django\forms\boundfield.py", line 108, in as_widget
    return widget.render(
  File "C:\workspace\projet\venv\lib\site-packages\django\forms\widgets.py", line 278, in render
    context = self.get_context(name, value, attrs)
  File "C:\workspace\projet\venv\lib\site-packages\django\forms\widgets.py", line 764, in get_context
    context = super().get_context(name, value, attrs)
  File "C:\workspace\projet\venv\lib\site-packages\django\forms\widgets.py", line 715, in get_context
    context["widget"]["optgroups"] = self.optgroups(
  File "C:\workspace\projet\venv\lib\site-packages\django\forms\widgets.py", line 655, in optgroups
    for index, (option_value, option_label) in enumerate(self.choices):
  File "C:\workspace\projet\venv\lib\site-packages\django\forms\models.py", line 1425, in __iter__
    yield self.choice(obj)
  File "C:\workspace\projet\venv\lib\site-packages\django\forms\models.py", line 1439, in choice
    self.field.label_from_instance(obj),
  File "C:\workspace\projet\venv\lib\site-packages\django\forms\models.py", line 1529, in label_from_instance
    return str(obj)
  File "C:\workspace\projet\backend\saleManagment\apps\models.py", line 264, in __str__
    return f"Order {self.id} for {self.customer} - Status: {self.status} - Delivery Person: {self.delivery.delivery_person} ({self.delivery.delivery_person_number})"
AttributeError: 'Command' object has no attribute 'id'
ERROR 2024-10-05 14:53:03,894 basehttp "GET /apps/update_facture/1/ HTTP/1.1" 500 245020
ERROR 2024-10-05 14:53:16,788 log Internal Server Error: /apps/update_facture/1/
Traceback (most recent call last):
  File "C:\workspace\projet\venv\lib\site-packages\django\core\handlers\exception.py", line 55, in inner
    response = get_response(request)
  File "C:\workspace\projet\venv\lib\site-packages\django\core\handlers\base.py", line 197, in _get_response
    response = wrapped_callback(request, *callback_args, **callback_kwargs)
  File "C:\workspace\projet\backend\saleManagment\apps\views.py", line 354, in update_facture
    return render(request, 'updatefacture.html', {'form': form})
  File "C:\workspace\projet\venv\lib\site-packages\django\shortcuts.py", line 25, in render
    content = loader.render_to_string(template_name, context, request, using=using)
  File "C:\workspace\projet\venv\lib\site-packages\django\template\loader.py", line 62, in render_to_string
    return template.render(context, request)
  File "C:\workspace\projet\venv\lib\site-packages\django\template\backends\django.py", line 107, in render
    return self.template.render(context)
  File "C:\workspace\projet\venv\lib\site-packages\django\template\base.py", line 171, in render
    return self._render(context)
  File "C:\workspace\projet\venv\lib\site-packages\django\template\base.py", line 163, in _render
    return self.nodelist.render(context)
  File "C:\workspace\projet\venv\lib\site-packages\django\template\base.py", line 1008, in render
    return SafeString("".join([node.render_annotated(context) for node in self]))
  File "C:\workspace\projet\venv\lib\site-packages\django\template\base.py", line 1008, in <listcomp>
    return SafeString("".join([node.render_annotated(context) for node in self]))
  File "C:\workspace\projet\venv\lib\site-packages\django\template\base.py", line 969, in render_annotated
    return self.render(context)
  File "C:\workspace\projet\venv\lib\site-packages\django\template\base.py", line 1067, in render
    output = self.filter_expression.resolve(context)
  File "C:\workspace\projet\venv\lib\site-packages\django\template\base.py", line 718, in resolve
    obj = self.var.resolve(context)
  File "C:\workspace\projet\venv\lib\site-packages\django\template\base.py", line 850, in resolve
    value = self._resolve_lookup(context)
  File "C:\workspace\projet\venv\lib\site-packages\django\template\base.py", line 917, in _resolve_lookup
    current = current()
  File "C:\workspace\projet\venv\lib\site-packages\django\forms\utils.py", line 87, in as_p
    return self.render(self.template_name_p)
  File "C:\workspace\projet\venv\lib\site-packages\django\forms\utils.py", line 55, in render
    return mark_safe(renderer.render(template, context))
  File "C:\workspace\projet\venv\lib\site-packages\django\forms\renderers.py", line 29, in render
    return template.render(context, request=request).strip()
  File "C:\workspace\projet\venv\lib\site-packages\django\template\backends\django.py", line 107, in render
    return self.template.render(context)
  File "C:\workspace\projet\venv\lib\site-packages\django\template\base.py", line 171, in render
    return self._render(context)
  File "C:\workspace\projet\venv\lib\site-packages\django\template\base.py", line 163, in _render
    return self.nodelist.render(context)
  File "C:\workspace\projet\venv\lib\site-packages\django\template\base.py", line 1008, in render
    return SafeString("".join([node.render_annotated(context) for node in self]))
  File "C:\workspace\projet\venv\lib\site-packages\django\template\base.py", line 1008, in <listcomp>
    return SafeString("".join([node.render_annotated(context) for node in self]))
  File "C:\workspace\projet\venv\lib\site-packages\django\template\base.py", line 969, in render_annotated
    return self.render(context)
  File "C:\workspace\projet\venv\lib\site-packages\django\template\defaulttags.py", line 243, in render
    nodelist.append(node.render_annotated(context))
  File "C:\workspace\projet\venv\lib\site-packages\django\template\base.py", line 969, in render_annotated
    return self.render(context)
  File "C:\workspace\projet\venv\lib\site-packages\django\template\base.py", line 1073, in render
    return render_value_in_context(output, context)
  File "C:\workspace\projet\venv\lib\site-packages\django\template\base.py", line 1050, in render_value_in_context
    value = str(value)
  File "C:\workspace\projet\venv\lib\site-packages\django\forms\utils.py", line 79, in __str__
    return self.as_widget()
  File "C:\workspace\projet\venv\lib\site-packages\django\forms\boundfield.py", line 108, in as_widget
    return widget.render(
  File "C:\workspace\projet\venv\lib\site-packages\django\forms\widgets.py", line 278, in render
    context = self.get_context(name, value, attrs)
  File "C:\workspace\projet\venv\lib\site-packages\django\forms\widgets.py", line 764, in get_context
    context = super().get_context(name, value, attrs)
  File "C:\workspace\projet\venv\lib\site-packages\django\forms\widgets.py", line 715, in get_context
    context["widget"]["optgroups"] = self.optgroups(
  File "C:\workspace\projet\venv\lib\site-packages\django\forms\widgets.py", line 655, in optgroups
    for index, (option_value, option_label) in enumerate(self.choices):
  File "C:\workspace\projet\venv\lib\site-packages\django\forms\models.py", line 1425, in __iter__
    yield self.choice(obj)
  File "C:\workspace\projet\venv\lib\site-packages\django\forms\models.py", line 1439, in choice
    self.field.label_from_instance(obj),
  File "C:\workspace\projet\venv\lib\site-packages\django\forms\models.py", line 1529, in label_from_instance
    return str(obj)
  File "C:\workspace\projet\backend\saleManagment\apps\models.py", line 264, in __str__
    return f"Order {self.id} for {self.customer} - Status: {self.status} - Delivery Person: {self.delivery.delivery_person} ({self.delivery.delivery_person_number})"
AttributeError: 'Command' object has no attribute 'id'
ERROR 2024-10-05 14:53:16,809 basehttp "GET /apps/update_facture/1/ HTTP/1.1" 500 245020
ERROR 2024-10-07 10:30:17,584 log Internal Server Error: /apps/updatepassword.html/
Traceback (most recent call last):
  File "C:\workspace\projet\venv\lib\site-packages\django\core\handlers\exception.py", line 55, in inner
    response = get_response(request)
  File "C:\workspace\projet\venv\lib\site-packages\django\core\handlers\base.py", line 197, in _get_response
    response = wrapped_callback(request, *callback_args, **callback_kwargs)
  File "C:\workspace\projet\backend\saleManagment\apps\views.py", line 710, in update_password
    return render(request, 'updatepassword.html')
  File "C:\workspace\projet\venv\lib\site-packages\django\shortcuts.py", line 25, in render
    content = loader.render_to_string(template_name, context, request, using=using)
  File "C:\workspace\projet\venv\lib\site-packages\django\template\loader.py", line 62, in render_to_string
    return template.render(context, request)
  File "C:\workspace\projet\venv\lib\site-packages\django\template\backends\django.py", line 107, in render
    return self.template.render(context)
  File "C:\workspace\projet\venv\lib\site-packages\django\template\base.py", line 171, in render
    return self._render(context)
  File "C:\workspace\projet\venv\lib\site-packages\django\template\base.py", line 163, in _render
    return self.nodelist.render(context)
  File "C:\workspace\projet\venv\lib\site-packages\django\template\base.py", line 1008, in render
    return SafeString("".join([node.render_annotated(context) for node in self]))
  File "C:\workspace\projet\venv\lib\site-packages\django\template\base.py", line 1008, in <listcomp>
    return SafeString("".join([node.render_annotated(context) for node in self]))
  File "C:\workspace\projet\venv\lib\site-packages\django\template\base.py", line 969, in render_annotated
    return self.render(context)
  File "C:\workspace\projet\venv\lib\site-packages\django\template\defaulttags.py", line 480, in render
    url = reverse(view_name, args=args, kwargs=kwargs, current_app=current_app)
  File "C:\workspace\projet\venv\lib\site-packages\django\urls\base.py", line 88, in reverse
    return resolver._reverse_with_prefix(view, prefix, *args, **kwargs)
  File "C:\workspace\projet\venv\lib\site-packages\django\urls\resolvers.py", line 831, in _reverse_with_prefix
    raise NoReverseMatch(msg)
django.urls.exceptions.NoReverseMatch: Reverse for 'login_view' not found. 'login_view' is not a valid view function or pattern name.
ERROR 2024-10-07 10:30:17,610 basehttp "GET /apps/updatepassword.html/ HTTP/1.1" 500 122486
ERROR 2024-10-07 11:28:58,412 log Internal Server Error: /apps/add_supplier
Traceback (most recent call last):
  File "C:\workspace\projet\venv\lib\site-packages\django\core\handlers\exception.py", line 55, in inner
    response = get_response(request)
  File "C:\workspace\projet\venv\lib\site-packages\django\core\handlers\base.py", line 197, in _get_response
    response = wrapped_callback(request, *callback_args, **callback_kwargs)
  File "C:\workspace\projet\backend\saleManagment\apps\views.py", line 784, in add_supplier
    return render(request, 'addsupplier.html')
  File "C:\workspace\projet\venv\lib\site-packages\django\shortcuts.py", line 25, in render
    content = loader.render_to_string(template_name, context, request, using=using)
  File "C:\workspace\projet\venv\lib\site-packages\django\template\loader.py", line 62, in render_to_string
    return template.render(context, request)
  File "C:\workspace\projet\venv\lib\site-packages\django\template\backends\django.py", line 107, in render
    return self.template.render(context)
  File "C:\workspace\projet\venv\lib\site-packages\django\template\base.py", line 171, in render
    return self._render(context)
  File "C:\workspace\projet\venv\lib\site-packages\django\template\base.py", line 163, in _render
    return self.nodelist.render(context)
  File "C:\workspace\projet\venv\lib\site-packages\django\template\base.py", line 1008, in render
    return SafeString("".join([node.render_annotated(context) for node in self]))
  File "C:\workspace\projet\venv\lib\site-packages\django\template\base.py", line 1008, in <listcomp>
    return SafeString("".join([node.render_annotated(context) for node in self]))
  File "C:\workspace\projet\venv\lib\site-packages\django\template\base.py", line 969, in render_annotated
    return self.render(context)
  File "C:\workspace\projet\venv\lib\site-packages\django\template\defaulttags.py", line 480, in render
    url = reverse(view_name, args=args, kwargs=kwargs, current_app=current_app)
  File "C:\workspace\projet\venv\lib\site-packages\django\urls\base.py", line 88, in reverse
    return resolver._reverse_with_prefix(view, prefix, *args, **kwargs)
  File "C:\workspace\projet\venv\lib\site-packages\django\urls\resolvers.py", line 831, in _reverse_with_prefix
    raise NoReverseMatch(msg)
django.urls.exceptions.NoReverseMatch: Reverse for 'get_all_suppliers' not found. 'get_all_suppliers' is not a valid view function or pattern name.
ERROR 2024-10-07 11:28:58,441 basehttp "GET /apps/add_supplier HTTP/1.1" 500 123501
ERROR 2024-10-07 12:23:43,673 log Internal Server Error: /apps/users/11/edit/
Traceback (most recent call last):
  File "C:\workspace\projet\venv\lib\site-packages\django\template\base.py", line 510, in parse
    compile_func = self.tags[command]
KeyError: 'static'

During handling of the above exception, another exception occurred:

Traceback (most recent call last):
  File "C:\workspace\projet\venv\lib\site-packages\django\core\handlers\exception.py", line 55, in inner
    response = get_response(request)
  File "C:\workspace\projet\venv\lib\site-packages\django\core\handlers\base.py", line 197, in _get_response
    response = wrapped_callback(request, *callback_args, **callback_kwargs)
  File "C:\workspace\projet\venv\lib\site-packages\django\contrib\auth\decorators.py", line 60, in _view_wrapper
    return view_func(request, *args, **kwargs)
  File "C:\workspace\projet\backend\saleManagment\apps\views.py", line 1002, in user_update
    return render(request, 'user_form.html', {'form': form})
  File "C:\workspace\projet\venv\lib\site-packages\django\shortcuts.py", line 25, in render
    content = loader.render_to_string(template_name, context, request, using=using)
  File "C:\workspace\projet\venv\lib\site-packages\django\template\loader.py", line 61, in render_to_string
    template = get_template(template_name, using=using)
  File "C:\workspace\projet\venv\lib\site-packages\django\template\loader.py", line 15, in get_template
    return engine.get_template(template_name)
  File "C:\workspace\projet\venv\lib\site-packages\django\template\backends\django.py", line 79, in get_template
    return Template(self.engine.get_template(template_name), self)
  File "C:\workspace\projet\venv\lib\site-packages\django\template\engine.py", line 177, in get_template
    template, origin = self.find_template(template_name)
  File "C:\workspace\projet\venv\lib\site-packages\django\template\engine.py", line 159, in find_template
    template = loader.get_template(name, skip=skip)
  File "C:\workspace\projet\venv\lib\site-packages\django\template\loaders\cached.py", line 57, in get_template
    template = super().get_template(template_name, skip)
  File "C:\workspace\projet\venv\lib\site-packages\django\template\loaders\base.py", line 28, in get_template
    return Template(
  File "C:\workspace\projet\venv\lib\site-packages\django\template\base.py", line 154, in __init__
    self.nodelist = self.compile_nodelist()
  File "C:\workspace\projet\venv\lib\site-packages\django\template\base.py", line 196, in compile_nodelist
    nodelist = parser.parse()
  File "C:\workspace\projet\venv\lib\site-packages\django\template\base.py", line 512, in parse
    self.invalid_block_tag(token, command, parse_until)
  File "C:\workspace\projet\venv\lib\site-packages\django\template\base.py", line 573, in invalid_block_tag
    raise self.error(
django.template.exceptions.TemplateSyntaxError: Invalid block tag on line 9: 'static'. Did you forget to register or load this tag?
ERROR 2024-10-07 12:23:43,705 basehttp "GET /apps/users/11/edit/ HTTP/1.1" 500 172413
ERROR 2024-10-07 15:34:47,732 log Internal Server Error: /apps/update_retour/7
Traceback (most recent call last):
  File "C:\workspace\projet\venv\lib\site-packages\django\core\handlers\exception.py", line 55, in inner
    response = get_response(request)
  File "C:\workspace\projet\venv\lib\site-packages\django\core\handlers\base.py", line 197, in _get_response
    response = wrapped_callback(request, *callback_args, **callback_kwargs)
  File "C:\workspace\projet\backend\saleManagment\apps\views.py", line 148, in update_retour
    return render(request, 'updateretour.html', {'form': form})
  File "C:\workspace\projet\venv\lib\site-packages\django\shortcuts.py", line 25, in render
    content = loader.render_to_string(template_name, context, request, using=using)
  File "C:\workspace\projet\venv\lib\site-packages\django\template\loader.py", line 62, in render_to_string
    return template.render(context, request)
  File "C:\workspace\projet\venv\lib\site-packages\django\template\backends\django.py", line 107, in render
    return self.template.render(context)
  File "C:\workspace\projet\venv\lib\site-packages\django\template\base.py", line 171, in render
    return self._render(context)
  File "C:\workspace\projet\venv\lib\site-packages\django\template\base.py", line 163, in _render
    return self.nodelist.render(context)
  File "C:\workspace\projet\venv\lib\site-packages\django\template\base.py", line 1008, in render
    return SafeString("".join([node.render_annotated(context) for node in self]))
  File "C:\workspace\projet\venv\lib\site-packages\django\template\base.py", line 1008, in <listcomp>
    return SafeString("".join([node.render_annotated(context) for node in self]))
  File "C:\workspace\projet\venv\lib\site-packages\django\template\base.py", line 969, in render_annotated
    return self.render(context)
  File "C:\workspace\projet\venv\lib\site-packages\django\template\defaulttags.py", line 480, in render
    url = reverse(view_name, args=args, kwargs=kwargs, current_app=current_app)
  File "C:\workspace\projet\venv\lib\site-packages\django\urls\base.py", line 88, in reverse
    return resolver._reverse_with_prefix(view, prefix, *args, **kwargs)
  File "C:\workspace\projet\venv\lib\site-packages\django\urls\resolvers.py", line 831, in _reverse_with_prefix
    raise NoReverseMatch(msg)
django.urls.exceptions.NoReverseMatch: Reverse for 'update_retour' with no arguments not found. 1 pattern(s) tried: ['apps/update_retour/(?P<retour_id>[0-9]+)\\Z']
ERROR 2024-10-07 15:34:47,750 basehttp "GET /apps/update_retour/7 HTTP/1.1" 500 128284
ERROR 2024-10-07 15:35:53,786 log Internal Server Error: /apps/update_retour/7
Traceback (most recent call last):
  File "C:\workspace\projet\venv\lib\site-packages\django\core\handlers\exception.py", line 55, in inner
    response = get_response(request)
  File "C:\workspace\projet\venv\lib\site-packages\django\core\handlers\base.py", line 197, in _get_response
    response = wrapped_callback(request, *callback_args, **callback_kwargs)
  File "C:\workspace\projet\backend\saleManagment\apps\views.py", line 148, in update_retour
    return render(request, 'updateretour.html', {'form': form})
  File "C:\workspace\projet\venv\lib\site-packages\django\shortcuts.py", line 25, in render
    content = loader.render_to_string(template_name, context, request, using=using)
  File "C:\workspace\projet\venv\lib\site-packages\django\template\loader.py", line 62, in render_to_string
    return template.render(context, request)
  File "C:\workspace\projet\venv\lib\site-packages\django\template\backends\django.py", line 107, in render
    return self.template.render(context)
  File "C:\workspace\projet\venv\lib\site-packages\django\template\base.py", line 171, in render
    return self._render(context)
  File "C:\workspace\projet\venv\lib\site-packages\django\template\base.py", line 163, in _render
    return self.nodelist.render(context)
  File "C:\workspace\projet\venv\lib\site-packages\django\template\base.py", line 1008, in render
    return SafeString("".join([node.render_annotated(context) for node in self]))
  File "C:\workspace\projet\venv\lib\site-packages\django\template\base.py", line 1008, in <listcomp>
    return SafeString("".join([node.render_annotated(context) for node in self]))
  File "C:\workspace\projet\venv\lib\site-packages\django\template\base.py", line 969, in render_annotated
    return self.render(context)
  File "C:\workspace\projet\venv\lib\site-packages\django\template\defaulttags.py", line 480, in render
    url = reverse(view_name, args=args, kwargs=kwargs, current_app=current_app)
  File "C:\workspace\projet\venv\lib\site-packages\django\urls\base.py", line 88, in reverse
    return resolver._reverse_with_prefix(view, prefix, *args, **kwargs)
  File "C:\workspace\projet\venv\lib\site-packages\django\urls\resolvers.py", line 831, in _reverse_with_prefix
    raise NoReverseMatch(msg)
django.urls.exceptions.NoReverseMatch: Reverse for 'update_retour' with arguments '('',)' not found. 1 pattern(s) tried: ['apps/update_retour/(?P<retour_id>[0-9]+)\\Z']
ERROR 2024-10-07 15:35:53,797 basehttp "GET /apps/update_retour/7 HTTP/1.1" 500 129864
ERROR 2024-10-07 15:40:19,471 log Internal Server Error: /apps/update_bonreception/22
Traceback (most recent call last):
  File "C:\workspace\projet\venv\lib\site-packages\django\core\handlers\exception.py", line 55, in inner
    response = get_response(request)
  File "C:\workspace\projet\venv\lib\site-packages\django\core\handlers\base.py", line 197, in _get_response
    response = wrapped_callback(request, *callback_args, **callback_kwargs)
  File "C:\workspace\projet\backend\saleManagment\apps\views.py", line 78, in update_bonreception
    return render(request, 'updatereception.html', {'form': form})
  File "C:\workspace\projet\venv\lib\site-packages\django\shortcuts.py", line 25, in render
    content = loader.render_to_string(template_name, context, request, using=using)
  File "C:\workspace\projet\venv\lib\site-packages\django\template\loader.py", line 62, in render_to_string
    return template.render(context, request)
  File "C:\workspace\projet\venv\lib\site-packages\django\template\backends\django.py", line 107, in render
    return self.template.render(context)
  File "C:\workspace\projet\venv\lib\site-packages\django\template\base.py", line 171, in render
    return self._render(context)
  File "C:\workspace\projet\venv\lib\site-packages\django\template\base.py", line 163, in _render
    return self.nodelist.render(context)
  File "C:\workspace\projet\venv\lib\site-packages\django\template\base.py", line 1008, in render
    return SafeString("".join([node.render_annotated(context) for node in self]))
  File "C:\workspace\projet\venv\lib\site-packages\django\template\base.py", line 1008, in <listcomp>
    return SafeString("".join([node.render_annotated(context) for node in self]))
  File "C:\workspace\projet\venv\lib\site-packages\django\template\base.py", line 969, in render_annotated
    return self.render(context)
  File "C:\workspace\projet\venv\lib\site-packages\django\template\defaulttags.py", line 480, in render
    url = reverse(view_name, args=args, kwargs=kwargs, current_app=current_app)
  File "C:\workspace\projet\venv\lib\site-packages\django\urls\base.py", line 88, in reverse
    return resolver._reverse_with_prefix(view, prefix, *args, **kwargs)
  File "C:\workspace\projet\venv\lib\site-packages\django\urls\resolvers.py", line 831, in _reverse_with_prefix
    raise NoReverseMatch(msg)
django.urls.exceptions.NoReverseMatch: Reverse for 'update_bonreception' with no arguments not found. 1 pattern(s) tried: ['apps/update_bonreception/(?P<delivery>[0-9]+)\\Z']
ERROR 2024-10-07 15:40:19,487 basehttp "GET /apps/update_bonreception/22 HTTP/1.1" 500 128686
ERROR 2024-10-08 10:28:40,556 log Internal Server Error: /apps/add_command/
Traceback (most recent call last):
  File "C:\workspace\projet\venv\lib\site-packages\django\db\backends\utils.py", line 105, in _execute
    return self.cursor.execute(sql, params)
  File "C:\workspace\projet\venv\lib\site-packages\django\db\backends\mysql\base.py", line 76, in execute
    return self.cursor.execute(query, args)
  File "C:\workspace\projet\venv\lib\site-packages\MySQLdb\cursors.py", line 179, in execute
    res = self._query(mogrified_query)
  File "C:\workspace\projet\venv\lib\site-packages\MySQLdb\cursors.py", line 330, in _query
    db.query(q)
  File "C:\workspace\projet\venv\lib\site-packages\MySQLdb\connections.py", line 261, in query
    _mysql.connection.query(self, query)
MySQLdb.IntegrityError: (1452, 'Cannot add or update a child row: a foreign key constraint fails (`django_db`.`apps_command`, CONSTRAINT `delivery_id_refs_id` FOREIGN KEY (`delivery_id`) REFERENCES `apps_delivery` (`delivery_id`) ON DELETE CASCADE)')

The above exception was the direct cause of the following exception:

Traceback (most recent call last):
  File "C:\workspace\projet\venv\lib\site-packages\django\core\handlers\exception.py", line 55, in inner
    response = get_response(request)
  File "C:\workspace\projet\venv\lib\site-packages\django\core\handlers\base.py", line 197, in _get_response
    response = wrapped_callback(request, *callback_args, **callback_kwargs)
  File "C:\workspace\projet\backend\saleManagment\apps\views.py", line 897, in add_command
    command.save()
  File "C:\workspace\projet\venv\lib\site-packages\django\db\models\base.py", line 891, in save
    self.save_base(
  File "C:\workspace\projet\venv\lib\site-packages\django\db\models\base.py", line 997, in save_base
    updated = self._save_table(
  File "C:\workspace\projet\venv\lib\site-packages\django\db\models\base.py", line 1160, in _save_table
    results = self._do_insert(
  File "C:\workspace\projet\venv\lib\site-packages\django\db\models\base.py", line 1201, in _do_insert
    return manager._insert(
  File "C:\workspace\projet\venv\lib\site-packages\django\db\models\manager.py", line 87, in manager_method
    return getattr(self.get_queryset(), name)(*args, **kwargs)
  File "C:\workspace\projet\venv\lib\site-packages\django\db\models\query.py", line 1847, in _insert
    return query.get_compiler(using=using).execute_sql(returning_fields)
  File "C:\workspace\projet\venv\lib\site-packages\django\db\models\sql\compiler.py", line 1836, in execute_sql
    cursor.execute(sql, params)
  File "C:\workspace\projet\venv\lib\site-packages\django\db\backends\utils.py", line 122, in execute
    return super().execute(sql, params)
  File "C:\workspace\projet\venv\lib\site-packages\django\db\backends\utils.py", line 79, in execute
    return self._execute_with_wrappers(
  File "C:\workspace\projet\venv\lib\site-packages\django\db\backends\utils.py", line 92, in _execute_with_wrappers
    return executor(sql, params, many, context)
  File "C:\workspace\projet\venv\lib\site-packages\django\db\backends\utils.py", line 100, in _execute
    with self.db.wrap_database_errors:
  File "C:\workspace\projet\venv\lib\site-packages\django\db\utils.py", line 91, in __exit__
    raise dj_exc_value.with_traceback(traceback) from exc_value
  File "C:\workspace\projet\venv\lib\site-packages\django\db\backends\utils.py", line 105, in _execute
    return self.cursor.execute(sql, params)
  File "C:\workspace\projet\venv\lib\site-packages\django\db\backends\mysql\base.py", line 76, in execute
    return self.cursor.execute(query, args)
  File "C:\workspace\projet\venv\lib\site-packages\MySQLdb\cursors.py", line 179, in execute
    res = self._query(mogrified_query)
  File "C:\workspace\projet\venv\lib\site-packages\MySQLdb\cursors.py", line 330, in _query
    db.query(q)
  File "C:\workspace\projet\venv\lib\site-packages\MySQLdb\connections.py", line 261, in query
    _mysql.connection.query(self, query)
django.db.utils.IntegrityError: (1452, 'Cannot add or update a child row: a foreign key constraint fails (`django_db`.`apps_command`, CONSTRAINT `delivery_id_refs_id` FOREIGN KEY (`delivery_id`) REFERENCES `apps_delivery` (`delivery_id`) ON DELETE CASCADE)')
ERROR 2024-10-08 10:28:40,577 basehttp "POST /apps/add_command/ HTTP/1.1" 500 177934
ERROR 2024-10-08 12:28:54,865 log Internal Server Error: /apps/products/update_item/16/
Traceback (most recent call last):
  File "C:\workspace\projet\venv\lib\site-packages\django\core\handlers\exception.py", line 55, in inner
    response = get_response(request)
  File "C:\workspace\projet\venv\lib\site-packages\django\core\handlers\base.py", line 197, in _get_response
    response = wrapped_callback(request, *callback_args, **callback_kwargs)
  File "C:\workspace\projet\backend\saleManagment\apps\views.py", line 766, in update_item
    return render(request, 'updateproduct.html', {'order_item': item_instance, 'form': form})
  File "C:\workspace\projet\venv\lib\site-packages\django\shortcuts.py", line 25, in render
    content = loader.render_to_string(template_name, context, request, using=using)
  File "C:\workspace\projet\venv\lib\site-packages\django\template\loader.py", line 62, in render_to_string
    return template.render(context, request)
  File "C:\workspace\projet\venv\lib\site-packages\django\template\backends\django.py", line 107, in render
    return self.template.render(context)
  File "C:\workspace\projet\venv\lib\site-packages\django\template\base.py", line 171, in render
    return self._render(context)
  File "C:\workspace\projet\venv\lib\site-packages\django\template\base.py", line 163, in _render
    return self.nodelist.render(context)
  File "C:\workspace\projet\venv\lib\site-packages\django\template\base.py", line 1008, in render
    return SafeString("".join([node.render_annotated(context) for node in self]))
  File "C:\workspace\projet\venv\lib\site-packages\django\template\base.py", line 1008, in <listcomp>
    return SafeString("".join([node.render_annotated(context) for node in self]))
  File "C:\workspace\projet\venv\lib\site-packages\django\template\base.py", line 969, in render_annotated
    return self.render(context)
  File "C:\workspace\projet\venv\lib\site-packages\django\template\defaulttags.py", line 480, in render
    url = reverse(view_name, args=args, kwargs=kwargs, current_app=current_app)
  File "C:\workspace\projet\venv\lib\site-packages\django\urls\base.py", line 88, in reverse
    return resolver._reverse_with_prefix(view, prefix, *args, **kwargs)
  File "C:\workspace\projet\venv\lib\site-packages\django\urls\resolvers.py", line 831, in _reverse_with_prefix
    raise NoReverseMatch(msg)
django.urls.exceptions.NoReverseMatch: Reverse for 'update_item' with no arguments not found. 1 pattern(s) tried: ['apps/products/update_item/(?P<item_id>[0-9]+)/\\Z']
ERROR 2024-10-08 12:28:54,907 basehttp "GET /apps/products/update_item/16/ HTTP/1.1" 500 129781
ERROR 2024-10-08 12:32:40,197 log Internal Server Error: /apps/products/update_item/16/
Traceback (most recent call last):
  File "C:\workspace\projet\venv\lib\site-packages\django\core\handlers\exception.py", line 55, in inner
    response = get_response(request)
  File "C:\workspace\projet\venv\lib\site-packages\django\core\handlers\base.py", line 197, in _get_response
    response = wrapped_callback(request, *callback_args, **callback_kwargs)
  File "C:\workspace\projet\backend\saleManagment\apps\views.py", line 766, in update_item
    return render(request, 'updateproduct.html', {'order_item': item_instance, 'form': form})
  File "C:\workspace\projet\venv\lib\site-packages\django\shortcuts.py", line 25, in render
    content = loader.render_to_string(template_name, context, request, using=using)
  File "C:\workspace\projet\venv\lib\site-packages\django\template\loader.py", line 62, in render_to_string
    return template.render(context, request)
  File "C:\workspace\projet\venv\lib\site-packages\django\template\backends\django.py", line 107, in render
    return self.template.render(context)
  File "C:\workspace\projet\venv\lib\site-packages\django\template\base.py", line 171, in render
    return self._render(context)
  File "C:\workspace\projet\venv\lib\site-packages\django\template\base.py", line 163, in _render
    return self.nodelist.render(context)
  File "C:\workspace\projet\venv\lib\site-packages\django\template\base.py", line 1008, in render
    return SafeString("".join([node.render_annotated(context) for node in self]))
  File "C:\workspace\projet\venv\lib\site-packages\django\template\base.py", line 1008, in <listcomp>
    return SafeString("".join([node.render_annotated(context) for node in self]))
  File "C:\workspace\projet\venv\lib\site-packages\django\template\base.py", line 969, in render_annotated
    return self.render(context)
  File "C:\workspace\projet\venv\lib\site-packages\django\template\defaulttags.py", line 480, in render
    url = reverse(view_name, args=args, kwargs=kwargs, current_app=current_app)
  File "C:\workspace\projet\venv\lib\site-packages\django\urls\base.py", line 88, in reverse
    return resolver._reverse_with_prefix(view, prefix, *args, **kwargs)
  File "C:\workspace\projet\venv\lib\site-packages\django\urls\resolvers.py", line 831, in _reverse_with_prefix
    raise NoReverseMatch(msg)
django.urls.exceptions.NoReverseMatch: Reverse for 'update_item' with no arguments not found. 1 pattern(s) tried: ['apps/products/update_item/(?P<item_id>[0-9]+)/\\Z']
ERROR 2024-10-08 12:32:40,229 basehttp "GET /apps/products/update_item/16/ HTTP/1.1" 500 129785
ERROR 2024-10-08 12:32:42,820 log Internal Server Error: /apps/products/update_item/16/
Traceback (most recent call last):
  File "C:\workspace\projet\venv\lib\site-packages\django\core\handlers\exception.py", line 55, in inner
    response = get_response(request)
  File "C:\workspace\projet\venv\lib\site-packages\django\core\handlers\base.py", line 197, in _get_response
    response = wrapped_callback(request, *callback_args, **callback_kwargs)
  File "C:\workspace\projet\backend\saleManagment\apps\views.py", line 766, in update_item
    return render(request, 'updateproduct.html', {'order_item': item_instance, 'form': form})
  File "C:\workspace\projet\venv\lib\site-packages\django\shortcuts.py", line 25, in render
    content = loader.render_to_string(template_name, context, request, using=using)
  File "C:\workspace\projet\venv\lib\site-packages\django\template\loader.py", line 62, in render_to_string
    return template.render(context, request)
  File "C:\workspace\projet\venv\lib\site-packages\django\template\backends\django.py", line 107, in render
    return self.template.render(context)
  File "C:\workspace\projet\venv\lib\site-packages\django\template\base.py", line 171, in render
    return self._render(context)
  File "C:\workspace\projet\venv\lib\site-packages\django\template\base.py", line 163, in _render
    return self.nodelist.render(context)
  File "C:\workspace\projet\venv\lib\site-packages\django\template\base.py", line 1008, in render
    return SafeString("".join([node.render_annotated(context) for node in self]))
  File "C:\workspace\projet\venv\lib\site-packages\django\template\base.py", line 1008, in <listcomp>
    return SafeString("".join([node.render_annotated(context) for node in self]))
  File "C:\workspace\projet\venv\lib\site-packages\django\template\base.py", line 969, in render_annotated
    return self.render(context)
  File "C:\workspace\projet\venv\lib\site-packages\django\template\defaulttags.py", line 480, in render
    url = reverse(view_name, args=args, kwargs=kwargs, current_app=current_app)
  File "C:\workspace\projet\venv\lib\site-packages\django\urls\base.py", line 88, in reverse
    return resolver._reverse_with_prefix(view, prefix, *args, **kwargs)
  File "C:\workspace\projet\venv\lib\site-packages\django\urls\resolvers.py", line 831, in _reverse_with_prefix
    raise NoReverseMatch(msg)
django.urls.exceptions.NoReverseMatch: Reverse for 'update_item' with no arguments not found. 1 pattern(s) tried: ['apps/products/update_item/(?P<item_id>[0-9]+)/\\Z']
ERROR 2024-10-08 12:32:42,838 basehttp "GET /apps/products/update_item/16/ HTTP/1.1" 500 129785
ERROR 2024-10-08 12:33:39,629 log Internal Server Error: /apps/products/update_item/16/
Traceback (most recent call last):
  File "C:\workspace\projet\venv\lib\site-packages\django\core\handlers\exception.py", line 55, in inner
    response = get_response(request)
  File "C:\workspace\projet\venv\lib\site-packages\django\core\handlers\base.py", line 197, in _get_response
    response = wrapped_callback(request, *callback_args, **callback_kwargs)
  File "C:\workspace\projet\backend\saleManagment\apps\views.py", line 766, in update_item
    return render(request, 'updateproduct.html', {'order_item': item_instance, 'form': form})
  File "C:\workspace\projet\venv\lib\site-packages\django\shortcuts.py", line 25, in render
    content = loader.render_to_string(template_name, context, request, using=using)
  File "C:\workspace\projet\venv\lib\site-packages\django\template\loader.py", line 62, in render_to_string
    return template.render(context, request)
  File "C:\workspace\projet\venv\lib\site-packages\django\template\backends\django.py", line 107, in render
    return self.template.render(context)
  File "C:\workspace\projet\venv\lib\site-packages\django\template\base.py", line 171, in render
    return self._render(context)
  File "C:\workspace\projet\venv\lib\site-packages\django\template\base.py", line 163, in _render
    return self.nodelist.render(context)
  File "C:\workspace\projet\venv\lib\site-packages\django\template\base.py", line 1008, in render
    return SafeString("".join([node.render_annotated(context) for node in self]))
  File "C:\workspace\projet\venv\lib\site-packages\django\template\base.py", line 1008, in <listcomp>
    return SafeString("".join([node.render_annotated(context) for node in self]))
  File "C:\workspace\projet\venv\lib\site-packages\django\template\base.py", line 969, in render_annotated
    return self.render(context)
  File "C:\workspace\projet\venv\lib\site-packages\django\template\defaulttags.py", line 480, in render
    url = reverse(view_name, args=args, kwargs=kwargs, current_app=current_app)
  File "C:\workspace\projet\venv\lib\site-packages\django\urls\base.py", line 88, in reverse
    return resolver._reverse_with_prefix(view, prefix, *args, **kwargs)
  File "C:\workspace\projet\venv\lib\site-packages\django\urls\resolvers.py", line 831, in _reverse_with_prefix
    raise NoReverseMatch(msg)
django.urls.exceptions.NoReverseMatch: Reverse for 'update_item' with arguments '('',)' not found. 1 pattern(s) tried: ['apps/products/update_item/(?P<item_id>[0-9]+)/\\Z']
ERROR 2024-10-08 12:33:39,667 basehttp "GET /apps/products/update_item/16/ HTTP/1.1" 500 131325
ERROR 2024-10-08 12:33:40,946 log Internal Server Error: /apps/products/update_item/16/
Traceback (most recent call last):
  File "C:\workspace\projet\venv\lib\site-packages\django\core\handlers\exception.py", line 55, in inner
    response = get_response(request)
  File "C:\workspace\projet\venv\lib\site-packages\django\core\handlers\base.py", line 197, in _get_response
    response = wrapped_callback(request, *callback_args, **callback_kwargs)
  File "C:\workspace\projet\backend\saleManagment\apps\views.py", line 766, in update_item
    return render(request, 'updateproduct.html', {'order_item': item_instance, 'form': form})
  File "C:\workspace\projet\venv\lib\site-packages\django\shortcuts.py", line 25, in render
    content = loader.render_to_string(template_name, context, request, using=using)
  File "C:\workspace\projet\venv\lib\site-packages\django\template\loader.py", line 62, in render_to_string
    return template.render(context, request)
  File "C:\workspace\projet\venv\lib\site-packages\django\template\backends\django.py", line 107, in render
    return self.template.render(context)
  File "C:\workspace\projet\venv\lib\site-packages\django\template\base.py", line 171, in render
    return self._render(context)
  File "C:\workspace\projet\venv\lib\site-packages\django\template\base.py", line 163, in _render
    return self.nodelist.render(context)
  File "C:\workspace\projet\venv\lib\site-packages\django\template\base.py", line 1008, in render
    return SafeString("".join([node.render_annotated(context) for node in self]))
  File "C:\workspace\projet\venv\lib\site-packages\django\template\base.py", line 1008, in <listcomp>
    return SafeString("".join([node.render_annotated(context) for node in self]))
  File "C:\workspace\projet\venv\lib\site-packages\django\template\base.py", line 969, in render_annotated
    return self.render(context)
  File "C:\workspace\projet\venv\lib\site-packages\django\template\defaulttags.py", line 480, in render
    url = reverse(view_name, args=args, kwargs=kwargs, current_app=current_app)
  File "C:\workspace\projet\venv\lib\site-packages\django\urls\base.py", line 88, in reverse
    return resolver._reverse_with_prefix(view, prefix, *args, **kwargs)
  File "C:\workspace\projet\venv\lib\site-packages\django\urls\resolvers.py", line 831, in _reverse_with_prefix
    raise NoReverseMatch(msg)
django.urls.exceptions.NoReverseMatch: Reverse for 'update_item' with arguments '('',)' not found. 1 pattern(s) tried: ['apps/products/update_item/(?P<item_id>[0-9]+)/\\Z']
ERROR 2024-10-08 12:33:40,969 basehttp "GET /apps/products/update_item/16/ HTTP/1.1" 500 131325
ERROR 2024-10-14 12:44:31,435 log Internal Server Error: /apps/add_command/
Traceback (most recent call last):
  File "C:\workspace\projet\venv\lib\site-packages\django\db\backends\utils.py", line 105, in _execute
    return self.cursor.execute(sql, params)
  File "C:\workspace\projet\venv\lib\site-packages\django\db\backends\mysql\base.py", line 76, in execute
    return self.cursor.execute(query, args)
  File "C:\workspace\projet\venv\lib\site-packages\MySQLdb\cursors.py", line 179, in execute
    res = self._query(mogrified_query)
  File "C:\workspace\projet\venv\lib\site-packages\MySQLdb\cursors.py", line 330, in _query
    db.query(q)
  File "C:\workspace\projet\venv\lib\site-packages\MySQLdb\connections.py", line 261, in query
    _mysql.connection.query(self, query)
MySQLdb.IntegrityError: (1048, "Le champ 'customer_id' ne peut être vide (null)")

The above exception was the direct cause of the following exception:

Traceback (most recent call last):
  File "C:\workspace\projet\venv\lib\site-packages\django\core\handlers\exception.py", line 55, in inner
    response = get_response(request)
  File "C:\workspace\projet\venv\lib\site-packages\django\core\handlers\base.py", line 197, in _get_response
    response = wrapped_callback(request, *callback_args, **callback_kwargs)
  File "C:\workspace\projet\backend\saleManagment\apps\views.py", line 897, in add_command
    command.save()
  File "C:\workspace\projet\venv\lib\site-packages\django\db\models\base.py", line 891, in save
    self.save_base(
  File "C:\workspace\projet\venv\lib\site-packages\django\db\models\base.py", line 997, in save_base
    updated = self._save_table(
  File "C:\workspace\projet\venv\lib\site-packages\django\db\models\base.py", line 1160, in _save_table
    results = self._do_insert(
  File "C:\workspace\projet\venv\lib\site-packages\django\db\models\base.py", line 1201, in _do_insert
    return manager._insert(
  File "C:\workspace\projet\venv\lib\site-packages\django\db\models\manager.py", line 87, in manager_method
    return getattr(self.get_queryset(), name)(*args, **kwargs)
  File "C:\workspace\projet\venv\lib\site-packages\django\db\models\query.py", line 1847, in _insert
    return query.get_compiler(using=using).execute_sql(returning_fields)
  File "C:\workspace\projet\venv\lib\site-packages\django\db\models\sql\compiler.py", line 1836, in execute_sql
    cursor.execute(sql, params)
  File "C:\workspace\projet\venv\lib\site-packages\django\db\backends\utils.py", line 122, in execute
    return super().execute(sql, params)
  File "C:\workspace\projet\venv\lib\site-packages\django\db\backends\utils.py", line 79, in execute
    return self._execute_with_wrappers(
  File "C:\workspace\projet\venv\lib\site-packages\django\db\backends\utils.py", line 92, in _execute_with_wrappers
    return executor(sql, params, many, context)
  File "C:\workspace\projet\venv\lib\site-packages\django\db\backends\utils.py", line 100, in _execute
    with self.db.wrap_database_errors:
  File "C:\workspace\projet\venv\lib\site-packages\django\db\utils.py", line 91, in __exit__
    raise dj_exc_value.with_traceback(traceback) from exc_value
  File "C:\workspace\projet\venv\lib\site-packages\django\db\backends\utils.py", line 105, in _execute
    return self.cursor.execute(sql, params)
  File "C:\workspace\projet\venv\lib\site-packages\django\db\backends\mysql\base.py", line 76, in execute
    return self.cursor.execute(query, args)
  File "C:\workspace\projet\venv\lib\site-packages\MySQLdb\cursors.py", line 179, in execute
    res = self._query(mogrified_query)
  File "C:\workspace\projet\venv\lib\site-packages\MySQLdb\cursors.py", line 330, in _query
    db.query(q)
  File "C:\workspace\projet\venv\lib\site-packages\MySQLdb\connections.py", line 261, in query
    _mysql.connection.query(self, query)
django.db.utils.IntegrityError: (1048, "Le champ 'customer_id' ne peut être vide (null)")
ERROR 2024-10-14 12:44:31,458 basehttp "POST /apps/add_command/ HTTP/1.1" 500 176452
ERROR 2024-10-14 12:45:22,568 log Internal Server Error: /apps/add_command/
Traceback (most recent call last):
  File "C:\workspace\projet\venv\lib\site-packages\django\db\backends\utils.py", line 105, in _execute
    return self.cursor.execute(sql, params)
  File "C:\workspace\projet\venv\lib\site-packages\django\db\backends\mysql\base.py", line 76, in execute
    return self.cursor.execute(query, args)
  File "C:\workspace\projet\venv\lib\site-packages\MySQLdb\cursors.py", line 179, in execute
    res = self._query(mogrified_query)
  File "C:\workspace\projet\venv\lib\site-packages\MySQLdb\cursors.py", line 330, in _query
    db.query(q)
  File "C:\workspace\projet\venv\lib\site-packages\MySQLdb\connections.py", line 261, in query
    _mysql.connection.query(self, query)
MySQLdb.IntegrityError: (1048, "Le champ 'customer_id' ne peut être vide (null)")

The above exception was the direct cause of the following exception:

Traceback (most recent call last):
  File "C:\workspace\projet\venv\lib\site-packages\django\core\handlers\exception.py", line 55, in inner
    response = get_response(request)
  File "C:\workspace\projet\venv\lib\site-packages\django\core\handlers\base.py", line 197, in _get_response
    response = wrapped_callback(request, *callback_args, **callback_kwargs)
  File "C:\workspace\projet\backend\saleManagment\apps\views.py", line 897, in add_command
    command.save()
  File "C:\workspace\projet\venv\lib\site-packages\django\db\models\base.py", line 891, in save
    self.save_base(
  File "C:\workspace\projet\venv\lib\site-packages\django\db\models\base.py", line 997, in save_base
    updated = self._save_table(
  File "C:\workspace\projet\venv\lib\site-packages\django\db\models\base.py", line 1160, in _save_table
    results = self._do_insert(
  File "C:\workspace\projet\venv\lib\site-packages\django\db\models\base.py", line 1201, in _do_insert
    return manager._insert(
  File "C:\workspace\projet\venv\lib\site-packages\django\db\models\manager.py", line 87, in manager_method
    return getattr(self.get_queryset(), name)(*args, **kwargs)
  File "C:\workspace\projet\venv\lib\site-packages\django\db\models\query.py", line 1847, in _insert
    return query.get_compiler(using=using).execute_sql(returning_fields)
  File "C:\workspace\projet\venv\lib\site-packages\django\db\models\sql\compiler.py", line 1836, in execute_sql
    cursor.execute(sql, params)
  File "C:\workspace\projet\venv\lib\site-packages\django\db\backends\utils.py", line 122, in execute
    return super().execute(sql, params)
  File "C:\workspace\projet\venv\lib\site-packages\django\db\backends\utils.py", line 79, in execute
    return self._execute_with_wrappers(
  File "C:\workspace\projet\venv\lib\site-packages\django\db\backends\utils.py", line 92, in _execute_with_wrappers
    return executor(sql, params, many, context)
  File "C:\workspace\projet\venv\lib\site-packages\django\db\backends\utils.py", line 100, in _execute
    with self.db.wrap_database_errors:
  File "C:\workspace\projet\venv\lib\site-packages\django\db\utils.py", line 91, in __exit__
    raise dj_exc_value.with_traceback(traceback) from exc_value
  File "C:\workspace\projet\venv\lib\site-packages\django\db\backends\utils.py", line 105, in _execute
    return self.cursor.execute(sql, params)
  File "C:\workspace\projet\venv\lib\site-packages\django\db\backends\mysql\base.py", line 76, in execute
    return self.cursor.execute(query, args)
  File "C:\workspace\projet\venv\lib\site-packages\MySQLdb\cursors.py", line 179, in execute
    res = self._query(mogrified_query)
  File "C:\workspace\projet\venv\lib\site-packages\MySQLdb\cursors.py", line 330, in _query
    db.query(q)
  File "C:\workspace\projet\venv\lib\site-packages\MySQLdb\connections.py", line 261, in query
    _mysql.connection.query(self, query)
django.db.utils.IntegrityError: (1048, "Le champ 'customer_id' ne peut être vide (null)")
ERROR 2024-10-14 12:45:22,590 basehttp "POST /apps/add_command/ HTTP/1.1" 500 176452
ERROR 2024-10-14 12:54:07,457 log Internal Server Error: /apps/add_command/
Traceback (most recent call last):
  File "C:\workspace\projet\venv\lib\site-packages\django\core\handlers\exception.py", line 55, in inner
    response = get_response(request)
  File "C:\workspace\projet\venv\lib\site-packages\django\core\handlers\base.py", line 197, in _get_response
    response = wrapped_callback(request, *callback_args, **callback_kwargs)
  File "C:\workspace\projet\backend\saleManagment\apps\views.py", line 893, in add_command
    customer = customer.objects.get(customer=customer_id)  # Fetch the customer instance
UnboundLocalError: local variable 'customer' referenced before assignment
ERROR 2024-10-14 12:54:07,466 basehttp "POST /apps/add_command/ HTTP/1.1" 500 71268
ERROR 2024-10-14 12:54:11,860 log Internal Server Error: /apps/add_command/
Traceback (most recent call last):
  File "C:\workspace\projet\venv\lib\site-packages\django\core\handlers\exception.py", line 55, in inner
    response = get_response(request)
  File "C:\workspace\projet\venv\lib\site-packages\django\core\handlers\base.py", line 197, in _get_response
    response = wrapped_callback(request, *callback_args, **callback_kwargs)
  File "C:\workspace\projet\backend\saleManagment\apps\views.py", line 913, in add_command
    customers = customer.objects.all()
UnboundLocalError: local variable 'customer' referenced before assignment
ERROR 2024-10-14 12:54:11,864 basehttp "GET /apps/add_command/ HTTP/1.1" 500 68643
ERROR 2024-10-14 12:54:17,015 log Internal Server Error: /apps/add_command/
Traceback (most recent call last):
  File "C:\workspace\projet\venv\lib\site-packages\django\core\handlers\exception.py", line 55, in inner
    response = get_response(request)
  File "C:\workspace\projet\venv\lib\site-packages\django\core\handlers\base.py", line 197, in _get_response
    response = wrapped_callback(request, *callback_args, **callback_kwargs)
  File "C:\workspace\projet\backend\saleManagment\apps\views.py", line 913, in add_command
    customers = customer.objects.all()
UnboundLocalError: local variable 'customer' referenced before assignment
ERROR 2024-10-14 12:54:17,023 basehttp "GET /apps/add_command/ HTTP/1.1" 500 68506
ERROR 2024-10-14 13:20:16,509 log Internal Server Error: /apps/add_command/
Traceback (most recent call last):
  File "C:\workspace\projet\venv\lib\site-packages\django\db\models\fields\__init__.py", line 2123, in get_prep_value
    return int(value)
TypeError: int() argument must be a string, a bytes-like object or a real number, not 'Delivery'

The above exception was the direct cause of the following exception:

Traceback (most recent call last):
  File "C:\workspace\projet\venv\lib\site-packages\django\core\handlers\exception.py", line 55, in inner
    response = get_response(request)
  File "C:\workspace\projet\venv\lib\site-packages\django\core\handlers\base.py", line 197, in _get_response
    response = wrapped_callback(request, *callback_args, **callback_kwargs)
  File "C:\workspace\projet\backend\saleManagment\apps\views.py", line 902, in add_command
    command.save()
  File "C:\workspace\projet\venv\lib\site-packages\django\db\models\base.py", line 891, in save
    self.save_base(
  File "C:\workspace\projet\venv\lib\site-packages\django\db\models\base.py", line 997, in save_base
    updated = self._save_table(
  File "C:\workspace\projet\venv\lib\site-packages\django\db\models\base.py", line 1160, in _save_table
    results = self._do_insert(
  File "C:\workspace\projet\venv\lib\site-packages\django\db\models\base.py", line 1201, in _do_insert
    return manager._insert(
  File "C:\workspace\projet\venv\lib\site-packages\django\db\models\manager.py", line 87, in manager_method
    return getattr(self.get_queryset(), name)(*args, **kwargs)
  File "C:\workspace\projet\venv\lib\site-packages\django\db\models\query.py", line 1847, in _insert
    return query.get_compiler(using=using).execute_sql(returning_fields)
  File "C:\workspace\projet\venv\lib\site-packages\django\db\models\sql\compiler.py", line 1835, in execute_sql
    for sql, params in self.as_sql():
  File "C:\workspace\projet\venv\lib\site-packages\django\db\models\sql\compiler.py", line 1758, in as_sql
    value_rows = [
  File "C:\workspace\projet\venv\lib\site-packages\django\db\models\sql\compiler.py", line 1759, in <listcomp>
    [
  File "C:\workspace\projet\venv\lib\site-packages\django\db\models\sql\compiler.py", line 1760, in <listcomp>
    self.prepare_value(field, self.pre_save_val(field, obj))
  File "C:\workspace\projet\venv\lib\site-packages\django\db\models\sql\compiler.py", line 1699, in prepare_value
    return field.get_db_prep_save(value, connection=self.connection)
  File "C:\workspace\projet\venv\lib\site-packages\django\db\models\fields\related.py", line 1142, in get_db_prep_save
    return self.target_field.get_db_prep_save(value, connection=connection)
  File "C:\workspace\projet\venv\lib\site-packages\django\db\models\fields\__init__.py", line 1008, in get_db_prep_save
    return self.get_db_prep_value(value, connection=connection, prepared=False)
  File "C:\workspace\projet\venv\lib\site-packages\django\db\models\fields\__init__.py", line 2815, in get_db_prep_value
    value = self.get_prep_value(value)
  File "C:\workspace\projet\venv\lib\site-packages\django\db\models\fields\__init__.py", line 2125, in get_prep_value
    raise e.__class__(
TypeError: Field 'delivery_id' expected a number but got <Delivery: mahdia transport - abir ahmed>.
ERROR 2024-10-14 13:20:16,535 basehttp "POST /apps/add_command/ HTTP/1.1" 500 149430
ERROR 2024-10-14 15:24:25,840 log Internal Server Error: /apps/addfacture.html
Traceback (most recent call last):
  File "C:\workspace\projet\venv\lib\site-packages\django\core\handlers\exception.py", line 55, in inner
    response = get_response(request)
  File "C:\workspace\projet\venv\lib\site-packages\django\core\handlers\base.py", line 197, in _get_response
    response = wrapped_callback(request, *callback_args, **callback_kwargs)
  File "C:\workspace\projet\backend\saleManagment\apps\views.py", line 463, in add_facture
    customers = customer.objects.all()
UnboundLocalError: local variable 'customer' referenced before assignment
ERROR 2024-10-14 15:24:25,845 basehttp "GET /apps/addfacture.html HTTP/1.1" 500 68640
ERROR 2024-10-15 09:07:24,969 log Internal Server Error: /apps/update_facture/4/
Traceback (most recent call last):
  File "C:\workspace\projet\venv\lib\site-packages\django\core\handlers\exception.py", line 55, in inner
    response = get_response(request)
  File "C:\workspace\projet\venv\lib\site-packages\django\core\handlers\base.py", line 197, in _get_response
    response = wrapped_callback(request, *callback_args, **callback_kwargs)
  File "C:\workspace\projet\backend\saleManagment\apps\views.py", line 371, in update_facture
    current_stock = Stock.objects.get(item=fact.product, item_variant=fact.variant)
  File "C:\workspace\projet\venv\lib\site-packages\django\db\models\manager.py", line 87, in manager_method
    return getattr(self.get_queryset(), name)(*args, **kwargs)
  File "C:\workspace\projet\venv\lib\site-packages\django\db\models\query.py", line 649, in get
    raise self.model.DoesNotExist(
apps.models.Stock.DoesNotExist: Stock matching query does not exist.
ERROR 2024-10-15 09:07:24,984 basehttp "GET /apps/update_facture/4/ HTTP/1.1" 500 78558
ERROR 2024-10-15 09:07:39,895 log Internal Server Error: /apps/update_facture/4/
Traceback (most recent call last):
  File "C:\workspace\projet\venv\lib\site-packages\django\core\handlers\exception.py", line 55, in inner
    response = get_response(request)
  File "C:\workspace\projet\venv\lib\site-packages\django\core\handlers\base.py", line 197, in _get_response
    response = wrapped_callback(request, *callback_args, **callback_kwargs)
  File "C:\workspace\projet\backend\saleManagment\apps\views.py", line 371, in update_facture
    current_stock = Stock.objects.get(item=fact.product, item_variant=fact.variant)
  File "C:\workspace\projet\venv\lib\site-packages\django\db\models\manager.py", line 87, in manager_method
    return getattr(self.get_queryset(), name)(*args, **kwargs)
  File "C:\workspace\projet\venv\lib\site-packages\django\db\models\query.py", line 649, in get
    raise self.model.DoesNotExist(
apps.models.Stock.DoesNotExist: Stock matching query does not exist.
ERROR 2024-10-15 09:07:39,907 basehttp "GET /apps/update_facture/4/ HTTP/1.1" 500 78558
ERROR 2024-10-15 09:15:08,139 log Internal Server Error: /apps/update_facture/4/
Traceback (most recent call last):
  File "C:\workspace\projet\venv\lib\site-packages\django\core\handlers\exception.py", line 55, in inner
    response = get_response(request)
  File "C:\workspace\projet\venv\lib\site-packages\django\core\handlers\base.py", line 197, in _get_response
    response = wrapped_callback(request, *callback_args, **callback_kwargs)
  File "C:\workspace\projet\backend\saleManagment\apps\views.py", line 371, in update_facture
    current_stock = Stock.objects.get(item=fact.product, item_variant=fact.variant)
  File "C:\workspace\projet\venv\lib\site-packages\django\db\models\manager.py", line 87, in manager_method
    return getattr(self.get_queryset(), name)(*args, **kwargs)
  File "C:\workspace\projet\venv\lib\site-packages\django\db\models\query.py", line 649, in get
    raise self.model.DoesNotExist(
apps.models.Stock.DoesNotExist: Stock matching query does not exist.
ERROR 2024-10-15 09:15:08,148 basehttp "GET /apps/update_facture/4/ HTTP/1.1" 500 78558
ERROR 2024-10-15 14:30:04,189 log Internal Server Error: /apps/addretour
Traceback (most recent call last):
  File "C:\workspace\projet\venv\lib\site-packages\django\core\handlers\exception.py", line 55, in inner
    response = get_response(request)
  File "C:\workspace\projet\venv\lib\site-packages\django\core\handlers\base.py", line 197, in _get_response
    response = wrapped_callback(request, *callback_args, **callback_kwargs)
  File "C:\workspace\projet\backend\saleManagment\apps\views.py", line 171, in add_retour
    return render(request, 'addretour.html', {'form': form,'clients': clients,'suppliers': suppliers,'produits': produits,'variants': variants,'livreurs': livreurs,'numero_cs': numero_cs,})
  File "C:\workspace\projet\venv\lib\site-packages\django\shortcuts.py", line 25, in render
    content = loader.render_to_string(template_name, context, request, using=using)
  File "C:\workspace\projet\venv\lib\site-packages\django\template\loader.py", line 62, in render_to_string
    return template.render(context, request)
  File "C:\workspace\projet\venv\lib\site-packages\django\template\backends\django.py", line 107, in render
    return self.template.render(context)
  File "C:\workspace\projet\venv\lib\site-packages\django\template\base.py", line 171, in render
    return self._render(context)
  File "C:\workspace\projet\venv\lib\site-packages\django\template\base.py", line 163, in _render
    return self.nodelist.render(context)
  File "C:\workspace\projet\venv\lib\site-packages\django\template\base.py", line 1008, in render
    return SafeString("".join([node.render_annotated(context) for node in self]))
  File "C:\workspace\projet\venv\lib\site-packages\django\template\base.py", line 1008, in <listcomp>
    return SafeString("".join([node.render_annotated(context) for node in self]))
  File "C:\workspace\projet\venv\lib\site-packages\django\template\base.py", line 969, in render_annotated
    return self.render(context)
  File "C:\workspace\projet\venv\lib\site-packages\django\template\base.py", line 1067, in render
    output = self.filter_expression.resolve(context)
  File "C:\workspace\projet\venv\lib\site-packages\django\template\base.py", line 718, in resolve
    obj = self.var.resolve(context)
  File "C:\workspace\projet\venv\lib\site-packages\django\template\base.py", line 850, in resolve
    value = self._resolve_lookup(context)
  File "C:\workspace\projet\venv\lib\site-packages\django\template\base.py", line 917, in _resolve_lookup
    current = current()
  File "C:\workspace\projet\venv\lib\site-packages\django\forms\utils.py", line 87, in as_p
    return self.render(self.template_name_p)
  File "C:\workspace\projet\venv\lib\site-packages\django\forms\utils.py", line 55, in render
    return mark_safe(renderer.render(template, context))
  File "C:\workspace\projet\venv\lib\site-packages\django\forms\renderers.py", line 29, in render
    return template.render(context, request=request).strip()
  File "C:\workspace\projet\venv\lib\site-packages\django\template\backends\django.py", line 107, in render
    return self.template.render(context)
  File "C:\workspace\projet\venv\lib\site-packages\django\template\base.py", line 171, in render
    return self._render(context)
  File "C:\workspace\projet\venv\lib\site-packages\django\template\base.py", line 163, in _render
    return self.nodelist.render(context)
  File "C:\workspace\projet\venv\lib\site-packages\django\template\base.py", line 1008, in render
    return SafeString("".join([node.render_annotated(context) for node in self]))
  File "C:\workspace\projet\venv\lib\site-packages\django\template\base.py", line 1008, in <listcomp>
    return SafeString("".join([node.render_annotated(context) for node in self]))
  File "C:\workspace\projet\venv\lib\site-packages\django\template\base.py", line 969, in render_annotated
    return self.render(context)
  File "C:\workspace\projet\venv\lib\site-packages\django\template\defaulttags.py", line 243, in render
    nodelist.append(node.render_annotated(context))
  File "C:\workspace\projet\venv\lib\site-packages\django\template\base.py", line 969, in render_annotated
    return self.render(context)
  File "C:\workspace\projet\venv\lib\site-packages\django\template\base.py", line 1073, in render
    return render_value_in_context(output, context)
  File "C:\workspace\projet\venv\lib\site-packages\django\template\base.py", line 1050, in render_value_in_context
    value = str(value)
  File "C:\workspace\projet\venv\lib\site-packages\django\forms\utils.py", line 79, in __str__
    return self.as_widget()
  File "C:\workspace\projet\venv\lib\site-packages\django\forms\boundfield.py", line 108, in as_widget
    return widget.render(
  File "C:\workspace\projet\venv\lib\site-packages\django\forms\widgets.py", line 278, in render
    context = self.get_context(name, value, attrs)
  File "C:\workspace\projet\venv\lib\site-packages\django\forms\widgets.py", line 764, in get_context
    context = super().get_context(name, value, attrs)
  File "C:\workspace\projet\venv\lib\site-packages\django\forms\widgets.py", line 715, in get_context
    context["widget"]["optgroups"] = self.optgroups(
  File "C:\workspace\projet\venv\lib\site-packages\django\forms\widgets.py", line 655, in optgroups
    for index, (option_value, option_label) in enumerate(self.choices):
  File "C:\workspace\projet\venv\lib\site-packages\django\forms\models.py", line 1425, in __iter__
    yield self.choice(obj)
  File "C:\workspace\projet\venv\lib\site-packages\django\forms\models.py", line 1439, in choice
    self.field.label_from_instance(obj),
  File "C:\workspace\projet\venv\lib\site-packages\django\forms\models.py", line 1529, in label_from_instance
    return str(obj)
  File "C:\workspace\projet\backend\saleManagment\apps\models.py", line 123, in __str__
    f"ID {self.supplier} - "
AttributeError: 'supplier' object has no attribute 'supplier'
ERROR 2024-10-15 14:30:04,256 basehttp "POST /apps/addretour HTTP/1.1" 500 247885
ERROR 2024-10-21 16:02:00,937 log Internal Server Error: /apps/livreur/create/
Traceback (most recent call last):
  File "C:\workspace\projet\venv\lib\site-packages\django\core\handlers\exception.py", line 55, in inner
    response = get_response(request)
  File "C:\workspace\projet\venv\lib\site-packages\django\core\handlers\base.py", line 197, in _get_response
    response = wrapped_callback(request, *callback_args, **callback_kwargs)
  File "C:\workspace\projet\venv\lib\site-packages\django\contrib\auth\decorators.py", line 60, in _view_wrapper
    return view_func(request, *args, **kwargs)
  File "C:\workspace\projet\backend\saleManagment\apps\views.py", line 1315, in livreur_create_view
    return redirect('livreur_list')  # Redirect to a list of livreurs or another view
  File "C:\workspace\projet\venv\lib\site-packages\django\shortcuts.py", line 49, in redirect
    return redirect_class(resolve_url(to, *args, **kwargs))
  File "C:\workspace\projet\venv\lib\site-packages\django\shortcuts.py", line 180, in resolve_url
    return reverse(to, args=args, kwargs=kwargs)
  File "C:\workspace\projet\venv\lib\site-packages\django\urls\base.py", line 88, in reverse
    return resolver._reverse_with_prefix(view, prefix, *args, **kwargs)
  File "C:\workspace\projet\venv\lib\site-packages\django\urls\resolvers.py", line 831, in _reverse_with_prefix
    raise NoReverseMatch(msg)
django.urls.exceptions.NoReverseMatch: Reverse for 'livreur_list' not found. 'livreur_list' is not a valid view function or pattern name.
ERROR 2024-10-21 16:02:00,946 basehttp "POST /apps/livreur/create/ HTTP/1.1" 500 93823
ERROR 2024-10-23 11:55:34,003 log Internal Server Error: /apps/add_delivery/
Traceback (most recent call last):
  File "C:\workspace\projet\venv\lib\site-packages\django\core\handlers\exception.py", line 55, in inner
    response = get_response(request)
  File "C:\workspace\projet\venv\lib\site-packages\django\core\handlers\base.py", line 197, in _get_response
    response = wrapped_callback(request, *callback_args, **callback_kwargs)
  File "C:\workspace\projet\backend\saleManagment\apps\views.py", line 989, in add_delivery
    delivery = Delivery(
  File "C:\workspace\projet\venv\lib\site-packages\django\db\models\base.py", line 543, in __init__
    _setattr(self, field.name, rel_obj)
  File "C:\workspace\projet\venv\lib\site-packages\django\db\models\fields\related_descriptors.py", line 287, in __set__
    raise ValueError(
ValueError: Cannot assign "''": "Delivery.delivery_person" must be a "Livreurs" instance.
ERROR 2024-10-23 11:55:34,016 basehttp "POST /apps/add_delivery/ HTTP/1.1" 500 81387
ERROR 2024-10-23 11:56:05,672 log Internal Server Error: /apps/add_delivery/
Traceback (most recent call last):
  File "C:\workspace\projet\venv\lib\site-packages\django\core\handlers\exception.py", line 55, in inner
    response = get_response(request)
  File "C:\workspace\projet\venv\lib\site-packages\django\core\handlers\base.py", line 197, in _get_response
    response = wrapped_callback(request, *callback_args, **callback_kwargs)
  File "C:\workspace\projet\backend\saleManagment\apps\views.py", line 989, in add_delivery
    delivery = Delivery(
  File "C:\workspace\projet\venv\lib\site-packages\django\db\models\base.py", line 543, in __init__
    _setattr(self, field.name, rel_obj)
  File "C:\workspace\projet\venv\lib\site-packages\django\db\models\fields\related_descriptors.py", line 287, in __set__
    raise ValueError(
ValueError: Cannot assign "''": "Delivery.delivery_person" must be a "Livreurs" instance.
ERROR 2024-10-23 11:56:05,681 basehttp "POST /apps/add_delivery/ HTTP/1.1" 500 81387
ERROR 2024-10-23 11:56:12,827 log Internal Server Error: /apps/add_delivery/
Traceback (most recent call last):
  File "C:\workspace\projet\venv\lib\site-packages\django\core\handlers\exception.py", line 55, in inner
    response = get_response(request)
  File "C:\workspace\projet\venv\lib\site-packages\django\core\handlers\base.py", line 197, in _get_response
    response = wrapped_callback(request, *callback_args, **callback_kwargs)
  File "C:\workspace\projet\backend\saleManagment\apps\views.py", line 989, in add_delivery
    delivery = Delivery(
  File "C:\workspace\projet\venv\lib\site-packages\django\db\models\base.py", line 543, in __init__
    _setattr(self, field.name, rel_obj)
  File "C:\workspace\projet\venv\lib\site-packages\django\db\models\fields\related_descriptors.py", line 287, in __set__
    raise ValueError(
ValueError: Cannot assign "''": "Delivery.delivery_person" must be a "Livreurs" instance.
ERROR 2024-10-23 11:56:12,840 basehttp "POST /apps/add_delivery/ HTTP/1.1" 500 81387
ERROR 2024-10-23 11:58:10,641 log Internal Server Error: /apps/add_delivery/
Traceback (most recent call last):
  File "C:\workspace\projet\venv\lib\site-packages\django\core\handlers\exception.py", line 55, in inner
    response = get_response(request)
  File "C:\workspace\projet\venv\lib\site-packages\django\core\handlers\base.py", line 197, in _get_response
    response = wrapped_callback(request, *callback_args, **callback_kwargs)
  File "C:\workspace\projet\backend\saleManagment\apps\views.py", line 989, in add_delivery
    delivery = Delivery(
  File "C:\workspace\projet\venv\lib\site-packages\django\db\models\base.py", line 543, in __init__
    _setattr(self, field.name, rel_obj)
  File "C:\workspace\projet\venv\lib\site-packages\django\db\models\fields\related_descriptors.py", line 287, in __set__
    raise ValueError(
ValueError: Cannot assign "''": "Delivery.delivery_person" must be a "Livreurs" instance.
ERROR 2024-10-23 11:58:10,649 basehttp "POST /apps/add_delivery/ HTTP/1.1" 500 81387
ERROR 2024-10-23 12:07:42,735 log Internal Server Error: /apps/add_delivery/
Traceback (most recent call last):
  File "C:\workspace\projet\venv\lib\site-packages\django\db\models\fields\__init__.py", line 2123, in get_prep_value
    return int(value)
ValueError: invalid literal for int() with base 10: ''

The above exception was the direct cause of the following exception:

Traceback (most recent call last):
  File "C:\workspace\projet\venv\lib\site-packages\django\core\handlers\exception.py", line 55, in inner
    response = get_response(request)
  File "C:\workspace\projet\venv\lib\site-packages\django\core\handlers\base.py", line 197, in _get_response
    response = wrapped_callback(request, *callback_args, **callback_kwargs)
  File "C:\workspace\projet\backend\saleManagment\apps\views.py", line 990, in add_delivery
    delivery_person_instance = Livreurs.objects.get(id=delivery_person_id)
  File "C:\workspace\projet\venv\lib\site-packages\django\db\models\manager.py", line 87, in manager_method
    return getattr(self.get_queryset(), name)(*args, **kwargs)
  File "C:\workspace\projet\venv\lib\site-packages\django\db\models\query.py", line 635, in get
    clone = self._chain() if self.query.combinator else self.filter(*args, **kwargs)
  File "C:\workspace\projet\venv\lib\site-packages\django\db\models\query.py", line 1476, in filter
    return self._filter_or_exclude(False, args, kwargs)
  File "C:\workspace\projet\venv\lib\site-packages\django\db\models\query.py", line 1494, in _filter_or_exclude
    clone._filter_or_exclude_inplace(negate, args, kwargs)
  File "C:\workspace\projet\venv\lib\site-packages\django\db\models\query.py", line 1501, in _filter_or_exclude_inplace
    self._query.add_q(Q(*args, **kwargs))
  File "C:\workspace\projet\venv\lib\site-packages\django\db\models\sql\query.py", line 1609, in add_q
    clause, _ = self._add_q(q_object, self.used_aliases)
  File "C:\workspace\projet\venv\lib\site-packages\django\db\models\sql\query.py", line 1641, in _add_q
    child_clause, needed_inner = self.build_filter(
  File "C:\workspace\projet\venv\lib\site-packages\django\db\models\sql\query.py", line 1555, in build_filter
    condition = self.build_lookup(lookups, col, value)
  File "C:\workspace\projet\venv\lib\site-packages\django\db\models\sql\query.py", line 1385, in build_lookup
    lookup = lookup_class(lhs, rhs)
  File "C:\workspace\projet\venv\lib\site-packages\django\db\models\lookups.py", line 30, in __init__
    self.rhs = self.get_prep_lookup()
  File "C:\workspace\projet\venv\lib\site-packages\django\db\models\lookups.py", line 369, in get_prep_lookup
    return super().get_prep_lookup()
  File "C:\workspace\projet\venv\lib\site-packages\django\db\models\lookups.py", line 88, in get_prep_lookup
    return self.lhs.output_field.get_prep_value(self.rhs)
  File "C:\workspace\projet\venv\lib\site-packages\django\db\models\fields\__init__.py", line 2125, in get_prep_value
    raise e.__class__(
ValueError: Field 'id' expected a number but got ''.
ERROR 2024-10-23 12:07:42,809 basehttp "POST /apps/add_delivery/ HTTP/1.1" 500 135648
ERROR 2024-10-26 08:52:50,778 log Internal Server Error: /apps/users/16/delete/
Traceback (most recent call last):
  File "C:\workspace\projet\venv\lib\site-packages\django\db\backends\utils.py", line 105, in _execute
    return self.cursor.execute(sql, params)
  File "C:\workspace\projet\venv\lib\site-packages\django\db\backends\mysql\base.py", line 76, in execute
    return self.cursor.execute(query, args)
  File "C:\workspace\projet\venv\lib\site-packages\MySQLdb\cursors.py", line 179, in execute
    res = self._query(mogrified_query)
  File "C:\workspace\projet\venv\lib\site-packages\MySQLdb\cursors.py", line 330, in _query
    db.query(q)
  File "C:\workspace\projet\venv\lib\site-packages\MySQLdb\connections.py", line 261, in query
    _mysql.connection.query(self, query)
MySQLdb.OperationalError: (1054, "Champ 'apps_retour.livreur_id' inconnu dans where clause")

The above exception was the direct cause of the following exception:

Traceback (most recent call last):
  File "C:\workspace\projet\venv\lib\site-packages\django\core\handlers\exception.py", line 55, in inner
    response = get_response(request)
  File "C:\workspace\projet\venv\lib\site-packages\django\core\handlers\base.py", line 197, in _get_response
    response = wrapped_callback(request, *callback_args, **callback_kwargs)
  File "C:\workspace\projet\venv\lib\site-packages\django\contrib\auth\decorators.py", line 60, in _view_wrapper
    return view_func(request, *args, **kwargs)
  File "C:\workspace\projet\backend\saleManagment\apps\views.py", line 1283, in user_delete
    user.delete()
  File "C:\workspace\projet\venv\lib\site-packages\django\db\models\base.py", line 1272, in delete
    return collector.delete()
  File "C:\workspace\projet\venv\lib\site-packages\django\db\models\deletion.py", line 468, in delete
    count = qs._raw_delete(using=self.using)
  File "C:\workspace\projet\venv\lib\site-packages\django\db\models\query.py", line 1210, in _raw_delete
    cursor = query.get_compiler(using).execute_sql(CURSOR)
  File "C:\workspace\projet\venv\lib\site-packages\django\db\models\sql\compiler.py", line 1574, in execute_sql
    cursor.execute(sql, params)
  File "C:\workspace\projet\venv\lib\site-packages\django\db\backends\utils.py", line 122, in execute
    return super().execute(sql, params)
  File "C:\workspace\projet\venv\lib\site-packages\django\db\backends\utils.py", line 79, in execute
    return self._execute_with_wrappers(
  File "C:\workspace\projet\venv\lib\site-packages\django\db\backends\utils.py", line 92, in _execute_with_wrappers
    return executor(sql, params, many, context)
  File "C:\workspace\projet\venv\lib\site-packages\django\db\backends\utils.py", line 100, in _execute
    with self.db.wrap_database_errors:
  File "C:\workspace\projet\venv\lib\site-packages\django\db\utils.py", line 91, in __exit__
    raise dj_exc_value.with_traceback(traceback) from exc_value
  File "C:\workspace\projet\venv\lib\site-packages\django\db\backends\utils.py", line 105, in _execute
    return self.cursor.execute(sql, params)
  File "C:\workspace\projet\venv\lib\site-packages\django\db\backends\mysql\base.py", line 76, in execute
    return self.cursor.execute(query, args)
  File "C:\workspace\projet\venv\lib\site-packages\MySQLdb\cursors.py", line 179, in execute
    res = self._query(mogrified_query)
  File "C:\workspace\projet\venv\lib\site-packages\MySQLdb\cursors.py", line 330, in _query
    db.query(q)
  File "C:\workspace\projet\venv\lib\site-packages\MySQLdb\connections.py", line 261, in query
    _mysql.connection.query(self, query)
django.db.utils.OperationalError: (1054, "Champ 'apps_retour.livreur_id' inconnu dans where clause")
ERROR 2024-10-26 08:52:50,821 basehttp "POST /apps/users/16/delete/ HTTP/1.1" 500 157182
ERROR 2024-10-26 08:58:02,797 log Internal Server Error: /apps/users/16/delete/
Traceback (most recent call last):
  File "C:\workspace\projet\venv\lib\site-packages\django\db\backends\utils.py", line 105, in _execute
    return self.cursor.execute(sql, params)
  File "C:\workspace\projet\venv\lib\site-packages\django\db\backends\mysql\base.py", line 76, in execute
    return self.cursor.execute(query, args)
  File "C:\workspace\projet\venv\lib\site-packages\MySQLdb\cursors.py", line 179, in execute
    res = self._query(mogrified_query)
  File "C:\workspace\projet\venv\lib\site-packages\MySQLdb\cursors.py", line 330, in _query
    db.query(q)
  File "C:\workspace\projet\venv\lib\site-packages\MySQLdb\connections.py", line 261, in query
    _mysql.connection.query(self, query)
MySQLdb.OperationalError: (1054, "Champ 'apps_retour.livreur_id' inconnu dans where clause")

The above exception was the direct cause of the following exception:

Traceback (most recent call last):
  File "C:\workspace\projet\venv\lib\site-packages\django\core\handlers\exception.py", line 55, in inner
    response = get_response(request)
  File "C:\workspace\projet\venv\lib\site-packages\django\core\handlers\base.py", line 197, in _get_response
    response = wrapped_callback(request, *callback_args, **callback_kwargs)
  File "C:\workspace\projet\venv\lib\site-packages\django\contrib\auth\decorators.py", line 60, in _view_wrapper
    return view_func(request, *args, **kwargs)
  File "C:\workspace\projet\backend\saleManagment\apps\views.py", line 1283, in user_delete
    user.delete()
  File "C:\workspace\projet\venv\lib\site-packages\django\db\models\base.py", line 1272, in delete
    return collector.delete()
  File "C:\workspace\projet\venv\lib\site-packages\django\db\models\deletion.py", line 468, in delete
    count = qs._raw_delete(using=self.using)
  File "C:\workspace\projet\venv\lib\site-packages\django\db\models\query.py", line 1210, in _raw_delete
    cursor = query.get_compiler(using).execute_sql(CURSOR)
  File "C:\workspace\projet\venv\lib\site-packages\django\db\models\sql\compiler.py", line 1574, in execute_sql
    cursor.execute(sql, params)
  File "C:\workspace\projet\venv\lib\site-packages\django\db\backends\utils.py", line 122, in execute
    return super().execute(sql, params)
  File "C:\workspace\projet\venv\lib\site-packages\django\db\backends\utils.py", line 79, in execute
    return self._execute_with_wrappers(
  File "C:\workspace\projet\venv\lib\site-packages\django\db\backends\utils.py", line 92, in _execute_with_wrappers
    return executor(sql, params, many, context)
  File "C:\workspace\projet\venv\lib\site-packages\django\db\backends\utils.py", line 100, in _execute
    with self.db.wrap_database_errors:
  File "C:\workspace\projet\venv\lib\site-packages\django\db\utils.py", line 91, in __exit__
    raise dj_exc_value.with_traceback(traceback) from exc_value
  File "C:\workspace\projet\venv\lib\site-packages\django\db\backends\utils.py", line 105, in _execute
    return self.cursor.execute(sql, params)
  File "C:\workspace\projet\venv\lib\site-packages\django\db\backends\mysql\base.py", line 76, in execute
    return self.cursor.execute(query, args)
  File "C:\workspace\projet\venv\lib\site-packages\MySQLdb\cursors.py", line 179, in execute
    res = self._query(mogrified_query)
  File "C:\workspace\projet\venv\lib\site-packages\MySQLdb\cursors.py", line 330, in _query
    db.query(q)
  File "C:\workspace\projet\venv\lib\site-packages\MySQLdb\connections.py", line 261, in query
    _mysql.connection.query(self, query)
django.db.utils.OperationalError: (1054, "Champ 'apps_retour.livreur_id' inconnu dans where clause")
ERROR 2024-10-26 08:58:02,900 basehttp "POST /apps/users/16/delete/ HTTP/1.1" 500 157182
ERROR 2024-10-26 09:01:27,838 log Internal Server Error: /apps/users/16/delete/
Traceback (most recent call last):
  File "C:\workspace\projet\venv\lib\site-packages\django\db\backends\utils.py", line 105, in _execute
    return self.cursor.execute(sql, params)
  File "C:\workspace\projet\venv\lib\site-packages\django\db\backends\mysql\base.py", line 76, in execute
    return self.cursor.execute(query, args)
  File "C:\workspace\projet\venv\lib\site-packages\MySQLdb\cursors.py", line 179, in execute
    res = self._query(mogrified_query)
  File "C:\workspace\projet\venv\lib\site-packages\MySQLdb\cursors.py", line 330, in _query
    db.query(q)
  File "C:\workspace\projet\venv\lib\site-packages\MySQLdb\connections.py", line 261, in query
    _mysql.connection.query(self, query)
MySQLdb.OperationalError: (1292, "Truncated incorrect DOUBLE value: 'mahdia transport - abir ahmed'")

The above exception was the direct cause of the following exception:

Traceback (most recent call last):
  File "C:\workspace\projet\venv\lib\site-packages\django\core\handlers\exception.py", line 55, in inner
    response = get_response(request)
  File "C:\workspace\projet\venv\lib\site-packages\django\core\handlers\base.py", line 197, in _get_response
    response = wrapped_callback(request, *callback_args, **callback_kwargs)
  File "C:\workspace\projet\venv\lib\site-packages\django\contrib\auth\decorators.py", line 60, in _view_wrapper
    return view_func(request, *args, **kwargs)
  File "C:\workspace\projet\backend\saleManagment\apps\views.py", line 1283, in user_delete
    user.delete()
  File "C:\workspace\projet\venv\lib\site-packages\django\db\models\base.py", line 1272, in delete
    return collector.delete()
  File "C:\workspace\projet\venv\lib\site-packages\django\db\models\deletion.py", line 468, in delete
    count = qs._raw_delete(using=self.using)
  File "C:\workspace\projet\venv\lib\site-packages\django\db\models\query.py", line 1210, in _raw_delete
    cursor = query.get_compiler(using).execute_sql(CURSOR)
  File "C:\workspace\projet\venv\lib\site-packages\django\db\models\sql\compiler.py", line 1574, in execute_sql
    cursor.execute(sql, params)
  File "C:\workspace\projet\venv\lib\site-packages\django\db\backends\utils.py", line 122, in execute
    return super().execute(sql, params)
  File "C:\workspace\projet\venv\lib\site-packages\django\db\backends\utils.py", line 79, in execute
    return self._execute_with_wrappers(
  File "C:\workspace\projet\venv\lib\site-packages\django\db\backends\utils.py", line 92, in _execute_with_wrappers
    return executor(sql, params, many, context)
  File "C:\workspace\projet\venv\lib\site-packages\django\db\backends\utils.py", line 100, in _execute
    with self.db.wrap_database_errors:
  File "C:\workspace\projet\venv\lib\site-packages\django\db\utils.py", line 91, in __exit__
    raise dj_exc_value.with_traceback(traceback) from exc_value
  File "C:\workspace\projet\venv\lib\site-packages\django\db\backends\utils.py", line 105, in _execute
    return self.cursor.execute(sql, params)
  File "C:\workspace\projet\venv\lib\site-packages\django\db\backends\mysql\base.py", line 76, in execute
    return self.cursor.execute(query, args)
  File "C:\workspace\projet\venv\lib\site-packages\MySQLdb\cursors.py", line 179, in execute
    res = self._query(mogrified_query)
  File "C:\workspace\projet\venv\lib\site-packages\MySQLdb\cursors.py", line 330, in _query
    db.query(q)
  File "C:\workspace\projet\venv\lib\site-packages\MySQLdb\connections.py", line 261, in query
    _mysql.connection.query(self, query)
django.db.utils.OperationalError: (1292, "Truncated incorrect DOUBLE value: 'mahdia transport - abir ahmed'")
ERROR 2024-10-26 09:01:27,879 basehttp "POST /apps/users/16/delete/ HTTP/1.1" 500 157049
ERROR 2024-10-28 17:51:38,127 log Internal Server Error: /apps/add_note
Traceback (most recent call last):
  File "C:\workspace\projet\venv\lib\site-packages\django\core\handlers\exception.py", line 55, in inner
    response = get_response(request)
  File "C:\workspace\projet\venv\lib\site-packages\django\core\handlers\base.py", line 197, in _get_response
    response = wrapped_callback(request, *callback_args, **callback_kwargs)
  File "C:\workspace\projet\backend\saleManagment\apps\views.py", line 1345, in add_note
    customers = customer.objects.all()
UnboundLocalError: local variable 'customer' referenced before assignment
ERROR 2024-10-28 17:51:38,131 basehttp "GET /apps/add_note HTTP/1.1" 500 68774
ERROR 2024-10-28 17:55:01,858 log Internal Server Error: /apps/all_notes/
Traceback (most recent call last):
  File "C:\workspace\projet\venv\lib\site-packages\django\core\handlers\exception.py", line 55, in inner
    response = get_response(request)
  File "C:\workspace\projet\venv\lib\site-packages\django\core\handlers\base.py", line 197, in _get_response
    response = wrapped_callback(request, *callback_args, **callback_kwargs)
  File "C:\workspace\projet\backend\saleManagment\apps\views.py", line 1364, in all_notes
    return render(request, 'all_notes.html', {'notes': notes})
  File "C:\workspace\projet\venv\lib\site-packages\django\shortcuts.py", line 25, in render
    content = loader.render_to_string(template_name, context, request, using=using)
  File "C:\workspace\projet\venv\lib\site-packages\django\template\loader.py", line 62, in render_to_string
    return template.render(context, request)
  File "C:\workspace\projet\venv\lib\site-packages\django\template\backends\django.py", line 107, in render
    return self.template.render(context)
  File "C:\workspace\projet\venv\lib\site-packages\django\template\base.py", line 171, in render
    return self._render(context)
  File "C:\workspace\projet\venv\lib\site-packages\django\template\base.py", line 163, in _render
    return self.nodelist.render(context)
  File "C:\workspace\projet\venv\lib\site-packages\django\template\base.py", line 1008, in render
    return SafeString("".join([node.render_annotated(context) for node in self]))
  File "C:\workspace\projet\venv\lib\site-packages\django\template\base.py", line 1008, in <listcomp>
    return SafeString("".join([node.render_annotated(context) for node in self]))
  File "C:\workspace\projet\venv\lib\site-packages\django\template\base.py", line 969, in render_annotated
    return self.render(context)
  File "C:\workspace\projet\venv\lib\site-packages\django\template\defaulttags.py", line 243, in render
    nodelist.append(node.render_annotated(context))
  File "C:\workspace\projet\venv\lib\site-packages\django\template\base.py", line 969, in render_annotated
    return self.render(context)
  File "C:\workspace\projet\venv\lib\site-packages\django\template\defaulttags.py", line 480, in render
    url = reverse(view_name, args=args, kwargs=kwargs, current_app=current_app)
  File "C:\workspace\projet\venv\lib\site-packages\django\urls\base.py", line 88, in reverse
    return resolver._reverse_with_prefix(view, prefix, *args, **kwargs)
  File "C:\workspace\projet\venv\lib\site-packages\django\urls\resolvers.py", line 831, in _reverse_with_prefix
    raise NoReverseMatch(msg)
django.urls.exceptions.NoReverseMatch: Reverse for 'edit_note' with arguments '('',)' not found. 1 pattern(s) tried: ['apps/edit_note/(?P<note_id>[0-9]+)/\\Z']
ERROR 2024-10-28 17:55:01,872 basehttp "GET /apps/all_notes/ HTTP/1.1" 500 138367
ERROR 2024-10-28 17:57:04,984 log Internal Server Error: /apps/all_notes/
Traceback (most recent call last):
  File "C:\workspace\projet\venv\lib\site-packages\django\core\handlers\exception.py", line 55, in inner
    response = get_response(request)
  File "C:\workspace\projet\venv\lib\site-packages\django\core\handlers\base.py", line 197, in _get_response
    response = wrapped_callback(request, *callback_args, **callback_kwargs)
  File "C:\workspace\projet\backend\saleManagment\apps\views.py", line 1364, in all_notes
    return render(request, 'all_notes.html', {'notes': notes})
  File "C:\workspace\projet\venv\lib\site-packages\django\shortcuts.py", line 25, in render
    content = loader.render_to_string(template_name, context, request, using=using)
  File "C:\workspace\projet\venv\lib\site-packages\django\template\loader.py", line 62, in render_to_string
    return template.render(context, request)
  File "C:\workspace\projet\venv\lib\site-packages\django\template\backends\django.py", line 107, in render
    return self.template.render(context)
  File "C:\workspace\projet\venv\lib\site-packages\django\template\base.py", line 171, in render
    return self._render(context)
  File "C:\workspace\projet\venv\lib\site-packages\django\template\base.py", line 163, in _render
    return self.nodelist.render(context)
  File "C:\workspace\projet\venv\lib\site-packages\django\template\base.py", line 1008, in render
    return SafeString("".join([node.render_annotated(context) for node in self]))
  File "C:\workspace\projet\venv\lib\site-packages\django\template\base.py", line 1008, in <listcomp>
    return SafeString("".join([node.render_annotated(context) for node in self]))
  File "C:\workspace\projet\venv\lib\site-packages\django\template\base.py", line 969, in render_annotated
    return self.render(context)
  File "C:\workspace\projet\venv\lib\site-packages\django\template\defaulttags.py", line 243, in render
    nodelist.append(node.render_annotated(context))
  File "C:\workspace\projet\venv\lib\site-packages\django\template\base.py", line 969, in render_annotated
    return self.render(context)
  File "C:\workspace\projet\venv\lib\site-packages\django\template\defaulttags.py", line 480, in render
    url = reverse(view_name, args=args, kwargs=kwargs, current_app=current_app)
  File "C:\workspace\projet\venv\lib\site-packages\django\urls\base.py", line 88, in reverse
    return resolver._reverse_with_prefix(view, prefix, *args, **kwargs)
  File "C:\workspace\projet\venv\lib\site-packages\django\urls\resolvers.py", line 831, in _reverse_with_prefix
    raise NoReverseMatch(msg)
django.urls.exceptions.NoReverseMatch: Reverse for 'edit_note' with arguments '('',)' not found. 1 pattern(s) tried: ['apps/edit_note/(?P<note_id>[0-9]+)/\\Z']
ERROR 2024-10-28 17:57:04,998 basehttp "GET /apps/all_notes/ HTTP/1.1" 500 138402
ERROR 2024-10-28 17:57:06,383 log Internal Server Error: /apps/all_notes/
Traceback (most recent call last):
  File "C:\workspace\projet\venv\lib\site-packages\django\core\handlers\exception.py", line 55, in inner
    response = get_response(request)
  File "C:\workspace\projet\venv\lib\site-packages\django\core\handlers\base.py", line 197, in _get_response
    response = wrapped_callback(request, *callback_args, **callback_kwargs)
  File "C:\workspace\projet\backend\saleManagment\apps\views.py", line 1364, in all_notes
    return render(request, 'all_notes.html', {'notes': notes})
  File "C:\workspace\projet\venv\lib\site-packages\django\shortcuts.py", line 25, in render
    content = loader.render_to_string(template_name, context, request, using=using)
  File "C:\workspace\projet\venv\lib\site-packages\django\template\loader.py", line 62, in render_to_string
    return template.render(context, request)
  File "C:\workspace\projet\venv\lib\site-packages\django\template\backends\django.py", line 107, in render
    return self.template.render(context)
  File "C:\workspace\projet\venv\lib\site-packages\django\template\base.py", line 171, in render
    return self._render(context)
  File "C:\workspace\projet\venv\lib\site-packages\django\template\base.py", line 163, in _render
    return self.nodelist.render(context)
  File "C:\workspace\projet\venv\lib\site-packages\django\template\base.py", line 1008, in render
    return SafeString("".join([node.render_annotated(context) for node in self]))
  File "C:\workspace\projet\venv\lib\site-packages\django\template\base.py", line 1008, in <listcomp>
    return SafeString("".join([node.render_annotated(context) for node in self]))
  File "C:\workspace\projet\venv\lib\site-packages\django\template\base.py", line 969, in render_annotated
    return self.render(context)
  File "C:\workspace\projet\venv\lib\site-packages\django\template\defaulttags.py", line 243, in render
    nodelist.append(node.render_annotated(context))
  File "C:\workspace\projet\venv\lib\site-packages\django\template\base.py", line 969, in render_annotated
    return self.render(context)
  File "C:\workspace\projet\venv\lib\site-packages\django\template\defaulttags.py", line 480, in render
    url = reverse(view_name, args=args, kwargs=kwargs, current_app=current_app)
  File "C:\workspace\projet\venv\lib\site-packages\django\urls\base.py", line 88, in reverse
    return resolver._reverse_with_prefix(view, prefix, *args, **kwargs)
  File "C:\workspace\projet\venv\lib\site-packages\django\urls\resolvers.py", line 831, in _reverse_with_prefix
    raise NoReverseMatch(msg)
django.urls.exceptions.NoReverseMatch: Reverse for 'edit_note' with arguments '('',)' not found. 1 pattern(s) tried: ['apps/edit_note/(?P<note_id>[0-9]+)/\\Z']
ERROR 2024-10-28 17:57:06,394 basehttp "GET /apps/all_notes/ HTTP/1.1" 500 138402
ERROR 2024-10-28 18:14:55,770 log Internal Server Error: /apps/search_note/
Traceback (most recent call last):
  File "C:\workspace\projet\venv\lib\site-packages\django\core\handlers\exception.py", line 55, in inner
    response = get_response(request)
  File "C:\workspace\projet\venv\lib\site-packages\django\core\handlers\base.py", line 197, in _get_response
    response = wrapped_callback(request, *callback_args, **callback_kwargs)
  File "C:\workspace\projet\backend\saleManagment\apps\views.py", line 1408, in search_note
    notes = Note.objects.filter(query)
  File "C:\workspace\projet\venv\lib\site-packages\django\db\models\manager.py", line 87, in manager_method
    return getattr(self.get_queryset(), name)(*args, **kwargs)
  File "C:\workspace\projet\venv\lib\site-packages\django\db\models\query.py", line 1476, in filter
    return self._filter_or_exclude(False, args, kwargs)
  File "C:\workspace\projet\venv\lib\site-packages\django\db\models\query.py", line 1494, in _filter_or_exclude
    clone._filter_or_exclude_inplace(negate, args, kwargs)
  File "C:\workspace\projet\venv\lib\site-packages\django\db\models\query.py", line 1501, in _filter_or_exclude_inplace
    self._query.add_q(Q(*args, **kwargs))
  File "C:\workspace\projet\venv\lib\site-packages\django\db\models\sql\query.py", line 1609, in add_q
    clause, _ = self._add_q(q_object, self.used_aliases)
  File "C:\workspace\projet\venv\lib\site-packages\django\db\models\sql\query.py", line 1641, in _add_q
    child_clause, needed_inner = self.build_filter(
  File "C:\workspace\projet\venv\lib\site-packages\django\db\models\sql\query.py", line 1468, in build_filter
    return self._add_q(
  File "C:\workspace\projet\venv\lib\site-packages\django\db\models\sql\query.py", line 1641, in _add_q
    child_clause, needed_inner = self.build_filter(
  File "C:\workspace\projet\venv\lib\site-packages\django\db\models\sql\query.py", line 1555, in build_filter
    condition = self.build_lookup(lookups, col, value)
  File "C:\workspace\projet\venv\lib\site-packages\django\db\models\sql\query.py", line 1372, in build_lookup
    lhs = self.try_transform(lhs, name)
  File "C:\workspace\projet\venv\lib\site-packages\django\db\models\sql\query.py", line 1423, in try_transform
    raise FieldError(
django.core.exceptions.FieldError: Unsupported lookup 'id' for ForeignKey or join on the field not permitted.
ERROR 2024-10-28 18:14:55,782 basehttp "GET /apps/search_note/?csrfmiddlewaretoken=owwr8heGySbXg7BNMHwXeMsYQBFOIYyQbZCCL77L3bl5b3wU3E75bScirKkbvXPr&search_query=customer1 HTTP/1.1" 500 129427
ERROR 2024-11-10 19:54:24,929 log Internal Server Error: /apps/home
Traceback (most recent call last):
  File "C:\workspace\projet\venv\lib\site-packages\django\core\handlers\exception.py", line 55, in inner
    response = get_response(request)
  File "C:\workspace\projet\venv\lib\site-packages\django\core\handlers\base.py", line 197, in _get_response
    response = wrapped_callback(request, *callback_args, **callback_kwargs)
  File "C:\workspace\projet\backend\saleManagment\apps\views.py", line 891, in home
    return render(request,"home.html")
  File "C:\workspace\projet\venv\lib\site-packages\django\shortcuts.py", line 25, in render
    content = loader.render_to_string(template_name, context, request, using=using)
  File "C:\workspace\projet\venv\lib\site-packages\django\template\loader.py", line 61, in render_to_string
    template = get_template(template_name, using=using)
  File "C:\workspace\projet\venv\lib\site-packages\django\template\loader.py", line 15, in get_template
    return engine.get_template(template_name)
  File "C:\workspace\projet\venv\lib\site-packages\django\template\backends\django.py", line 79, in get_template
    return Template(self.engine.get_template(template_name), self)
  File "C:\workspace\projet\venv\lib\site-packages\django\template\engine.py", line 177, in get_template
    template, origin = self.find_template(template_name)
  File "C:\workspace\projet\venv\lib\site-packages\django\template\engine.py", line 159, in find_template
    template = loader.get_template(name, skip=skip)
  File "C:\workspace\projet\venv\lib\site-packages\django\template\loaders\cached.py", line 57, in get_template
    template = super().get_template(template_name, skip)
  File "C:\workspace\projet\venv\lib\site-packages\django\template\loaders\base.py", line 28, in get_template
    return Template(
  File "C:\workspace\projet\venv\lib\site-packages\django\template\base.py", line 154, in __init__
    self.nodelist = self.compile_nodelist()
  File "C:\workspace\projet\venv\lib\site-packages\django\template\base.py", line 196, in compile_nodelist
    nodelist = parser.parse()
  File "C:\workspace\projet\venv\lib\site-packages\django\template\base.py", line 518, in parse
    raise self.error(token, e)
  File "C:\workspace\projet\venv\lib\site-packages\django\template\base.py", line 516, in parse
    compiled_result = compile_func(self, token)
  File "C:\workspace\projet\venv\lib\site-packages\django\template\defaulttags.py", line 1531, in do_with
    extra_context = token_kwargs(remaining_bits, parser, support_legacy=True)
  File "C:\workspace\projet\venv\lib\site-packages\django\template\base.py", line 1119, in token_kwargs
    kwargs[key] = parser.compile_filter(value)
  File "C:\workspace\projet\venv\lib\site-packages\django\template\base.py", line 605, in compile_filter
    return FilterExpression(token, self)
  File "C:\workspace\projet\venv\lib\site-packages\django\template\base.py", line 706, in __init__
    raise TemplateSyntaxError(
django.template.exceptions.TemplateSyntaxError: Could not parse the remainder: '(is_read=False).count' from 'notifications.filter(is_read=False).count'
ERROR 2024-11-10 19:54:24,966 basehttp "GET /apps/home HTTP/1.1" 500 177302
ERROR 2024-11-10 20:44:28,779 log Internal Server Error: /apps/home
Traceback (most recent call last):
  File "C:\workspace\projet\venv\lib\site-packages\django\core\handlers\exception.py", line 55, in inner
    response = get_response(request)
  File "C:\workspace\projet\venv\lib\site-packages\django\core\handlers\base.py", line 197, in _get_response
    response = wrapped_callback(request, *callback_args, **callback_kwargs)
  File "C:\workspace\projet\backend\saleManagment\apps\views.py", line 895, in home
    return render(request,"home.html", context)
  File "C:\workspace\projet\venv\lib\site-packages\django\shortcuts.py", line 25, in render
    content = loader.render_to_string(template_name, context, request, using=using)
  File "C:\workspace\projet\venv\lib\site-packages\django\template\loader.py", line 61, in render_to_string
    template = get_template(template_name, using=using)
  File "C:\workspace\projet\venv\lib\site-packages\django\template\loader.py", line 15, in get_template
    return engine.get_template(template_name)
  File "C:\workspace\projet\venv\lib\site-packages\django\template\backends\django.py", line 79, in get_template
    return Template(self.engine.get_template(template_name), self)
  File "C:\workspace\projet\venv\lib\site-packages\django\template\engine.py", line 177, in get_template
    template, origin = self.find_template(template_name)
  File "C:\workspace\projet\venv\lib\site-packages\django\template\engine.py", line 159, in find_template
    template = loader.get_template(name, skip=skip)
  File "C:\workspace\projet\venv\lib\site-packages\django\template\loaders\cached.py", line 57, in get_template
    template = super().get_template(template_name, skip)
  File "C:\workspace\projet\venv\lib\site-packages\django\template\loaders\base.py", line 28, in get_template
    return Template(
  File "C:\workspace\projet\venv\lib\site-packages\django\template\base.py", line 154, in __init__
    self.nodelist = self.compile_nodelist()
  File "C:\workspace\projet\venv\lib\site-packages\django\template\base.py", line 196, in compile_nodelist
    nodelist = parser.parse()
  File "C:\workspace\projet\venv\lib\site-packages\django\template\base.py", line 518, in parse
    raise self.error(token, e)
  File "C:\workspace\projet\venv\lib\site-packages\django\template\base.py", line 516, in parse
    compiled_result = compile_func(self, token)
  File "C:\workspace\projet\venv\lib\site-packages\django\template\defaulttags.py", line 1531, in do_with
    extra_context = token_kwargs(remaining_bits, parser, support_legacy=True)
  File "C:\workspace\projet\venv\lib\site-packages\django\template\base.py", line 1119, in token_kwargs
    kwargs[key] = parser.compile_filter(value)
  File "C:\workspace\projet\venv\lib\site-packages\django\template\base.py", line 605, in compile_filter
    return FilterExpression(token, self)
  File "C:\workspace\projet\venv\lib\site-packages\django\template\base.py", line 706, in __init__
    raise TemplateSyntaxError(
django.template.exceptions.TemplateSyntaxError: Could not parse the remainder: '(is_read=False).count' from 'notifications.filter(is_read=False).count'
ERROR 2024-11-10 20:44:28,815 basehttp "GET /apps/home HTTP/1.1" 500 179580
ERROR 2024-11-14 09:05:55,533 log Internal Server Error: /apps/addretour
Traceback (most recent call last):
  File "C:\workspace\projet\venv\lib\site-packages\django\core\handlers\exception.py", line 55, in inner
    response = get_response(request)
  File "C:\workspace\projet\venv\lib\site-packages\django\core\handlers\base.py", line 197, in _get_response
    response = wrapped_callback(request, *callback_args, **callback_kwargs)
  File "C:\workspace\projet\backend\saleManagment\apps\views.py", line 140, in add_retour
    if form.is_valid():
  File "C:\workspace\projet\venv\lib\site-packages\django\forms\forms.py", line 197, in is_valid
    return self.is_bound and not self.errors
  File "C:\workspace\projet\venv\lib\site-packages\django\forms\forms.py", line 192, in errors
    self.full_clean()
  File "C:\workspace\projet\venv\lib\site-packages\django\forms\forms.py", line 327, in full_clean
    self._post_clean()
  File "C:\workspace\projet\venv\lib\site-packages\django\forms\models.py", line 491, in _post_clean
    self.instance = construct_instance(
  File "C:\workspace\projet\venv\lib\site-packages\django\forms\models.py", line 87, in construct_instance
    f.save_form_data(instance, cleaned_data[f.name])
  File "C:\workspace\projet\venv\lib\site-packages\django\db\models\fields\__init__.py", line 1093, in save_form_data
    setattr(instance, self.name, data)
  File "C:\workspace\projet\venv\lib\site-packages\django\db\models\fields\related_descriptors.py", line 287, in __set__
    raise ValueError(
ValueError: Cannot assign "<Delivery: aramex - delivery (new delivery) - delivery company>": "retour.livreur" must be a "Livreurs" instance.
ERROR 2024-11-14 09:05:55,552 basehttp "POST /apps/addretour HTTP/1.1" 500 101493
ERROR 2024-11-18 16:22:32,636 log Internal Server Error: /apps/add_bonreception
Traceback (most recent call last):
  File "C:\workspace\projet\venv\lib\site-packages\django\core\handlers\exception.py", line 55, in inner
    response = get_response(request)
  File "C:\workspace\projet\venv\lib\site-packages\django\core\handlers\base.py", line 197, in _get_response
    response = wrapped_callback(request, *callback_args, **callback_kwargs)
  File "C:\workspace\projet\venv\lib\site-packages\django\views\decorators\csrf.py", line 65, in _view_wrapper
    return view_func(request, *args, **kwargs)
  File "C:\workspace\projet\venv\lib\site-packages\django\views\generic\base.py", line 104, in view
    return self.dispatch(request, *args, **kwargs)
  File "C:\workspace\projet\venv\lib\site-packages\rest_framework\views.py", line 509, in dispatch
    response = self.handle_exception(exc)
  File "C:\workspace\projet\venv\lib\site-packages\rest_framework\views.py", line 469, in handle_exception
    self.raise_uncaught_exception(exc)
  File "C:\workspace\projet\venv\lib\site-packages\rest_framework\views.py", line 480, in raise_uncaught_exception
    raise exc
  File "C:\workspace\projet\venv\lib\site-packages\rest_framework\views.py", line 506, in dispatch
    response = handler(request, *args, **kwargs)
  File "C:\workspace\projet\venv\lib\site-packages\rest_framework\decorators.py", line 50, in handler
    return func(*args, **kwargs)
  File "C:\workspace\projet\backend\saleManagment\apps\views.py", line 67, in add_bonreception
    return render(request, 'addreception.html', {'form': form, 'formset': formset})
  File "C:\workspace\projet\venv\lib\site-packages\django\shortcuts.py", line 25, in render
    content = loader.render_to_string(template_name, context, request, using=using)
  File "C:\workspace\projet\venv\lib\site-packages\django\template\loader.py", line 62, in render_to_string
    return template.render(context, request)
  File "C:\workspace\projet\venv\lib\site-packages\django\template\backends\django.py", line 107, in render
    return self.template.render(context)
  File "C:\workspace\projet\venv\lib\site-packages\django\template\base.py", line 171, in render
    return self._render(context)
  File "C:\workspace\projet\venv\lib\site-packages\django\template\base.py", line 163, in _render
    return self.nodelist.render(context)
  File "C:\workspace\projet\venv\lib\site-packages\django\template\base.py", line 1008, in render
    return SafeString("".join([node.render_annotated(context) for node in self]))
  File "C:\workspace\projet\venv\lib\site-packages\django\template\base.py", line 1008, in <listcomp>
    return SafeString("".join([node.render_annotated(context) for node in self]))
  File "C:\workspace\projet\venv\lib\site-packages\django\template\base.py", line 969, in render_annotated
    return self.render(context)
  File "C:\workspace\projet\venv\lib\site-packages\django\template\base.py", line 1067, in render
    output = self.filter_expression.resolve(context)
  File "C:\workspace\projet\venv\lib\site-packages\django\template\base.py", line 718, in resolve
    obj = self.var.resolve(context)
  File "C:\workspace\projet\venv\lib\site-packages\django\template\base.py", line 850, in resolve
    value = self._resolve_lookup(context)
  File "C:\workspace\projet\venv\lib\site-packages\django\template\base.py", line 917, in _resolve_lookup
    current = current()
  File "C:\workspace\projet\venv\lib\site-packages\django\forms\utils.py", line 87, in as_p
    return self.render(self.template_name_p)
  File "C:\workspace\projet\venv\lib\site-packages\django\forms\utils.py", line 55, in render
    return mark_safe(renderer.render(template, context))
  File "C:\workspace\projet\venv\lib\site-packages\django\forms\renderers.py", line 29, in render
    return template.render(context, request=request).strip()
  File "C:\workspace\projet\venv\lib\site-packages\django\template\backends\django.py", line 107, in render
    return self.template.render(context)
  File "C:\workspace\projet\venv\lib\site-packages\django\template\base.py", line 171, in render
    return self._render(context)
  File "C:\workspace\projet\venv\lib\site-packages\django\template\base.py", line 163, in _render
    return self.nodelist.render(context)
  File "C:\workspace\projet\venv\lib\site-packages\django\template\base.py", line 1008, in render
    return SafeString("".join([node.render_annotated(context) for node in self]))
  File "C:\workspace\projet\venv\lib\site-packages\django\template\base.py", line 1008, in <listcomp>
    return SafeString("".join([node.render_annotated(context) for node in self]))
  File "C:\workspace\projet\venv\lib\site-packages\django\template\base.py", line 969, in render_annotated
    return self.render(context)
  File "C:\workspace\projet\venv\lib\site-packages\django\template\defaulttags.py", line 243, in render
    nodelist.append(node.render_annotated(context))
  File "C:\workspace\projet\venv\lib\site-packages\django\template\base.py", line 969, in render_annotated
    return self.render(context)
  File "C:\workspace\projet\venv\lib\site-packages\django\template\base.py", line 1073, in render
    return render_value_in_context(output, context)
  File "C:\workspace\projet\venv\lib\site-packages\django\template\base.py", line 1050, in render_value_in_context
    value = str(value)
  File "C:\workspace\projet\venv\lib\site-packages\django\forms\utils.py", line 79, in __str__
    return self.as_widget()
  File "C:\workspace\projet\venv\lib\site-packages\django\forms\boundfield.py", line 108, in as_widget
    return widget.render(
  File "C:\workspace\projet\venv\lib\site-packages\django\forms\widgets.py", line 278, in render
    context = self.get_context(name, value, attrs)
  File "C:\workspace\projet\venv\lib\site-packages\django\forms\widgets.py", line 764, in get_context
    context = super().get_context(name, value, attrs)
  File "C:\workspace\projet\venv\lib\site-packages\django\forms\widgets.py", line 715, in get_context
    context["widget"]["optgroups"] = self.optgroups(
  File "C:\workspace\projet\venv\lib\site-packages\django\forms\widgets.py", line 655, in optgroups
    for index, (option_value, option_label) in enumerate(self.choices):
  File "C:\workspace\projet\venv\lib\site-packages\django\forms\models.py", line 1425, in __iter__
    yield self.choice(obj)
  File "C:\workspace\projet\venv\lib\site-packages\django\forms\models.py", line 1439, in choice
    self.field.label_from_instance(obj),
  File "C:\workspace\projet\venv\lib\site-packages\django\forms\models.py", line 1529, in label_from_instance
    return str(obj)
  File "C:\workspace\projet\backend\saleManagment\apps\models.py", line 161, in __str__
    f"ID {self.supplier} - "
AttributeError: 'supplier' object has no attribute 'supplier'
ERROR 2024-11-18 16:22:32,680 basehttp "GET /apps/add_bonreception HTTP/1.1" 500 265846
ERROR 2024-11-18 16:24:48,165 log Internal Server Error: /apps/add_bonreception
Traceback (most recent call last):
  File "C:\workspace\projet\venv\lib\site-packages\django\core\handlers\exception.py", line 55, in inner
    response = get_response(request)
  File "C:\workspace\projet\venv\lib\site-packages\django\core\handlers\base.py", line 197, in _get_response
    response = wrapped_callback(request, *callback_args, **callback_kwargs)
  File "C:\workspace\projet\venv\lib\site-packages\django\views\decorators\csrf.py", line 65, in _view_wrapper
    return view_func(request, *args, **kwargs)
  File "C:\workspace\projet\venv\lib\site-packages\django\views\generic\base.py", line 104, in view
    return self.dispatch(request, *args, **kwargs)
  File "C:\workspace\projet\venv\lib\site-packages\rest_framework\views.py", line 509, in dispatch
    response = self.handle_exception(exc)
  File "C:\workspace\projet\venv\lib\site-packages\rest_framework\views.py", line 469, in handle_exception
    self.raise_uncaught_exception(exc)
  File "C:\workspace\projet\venv\lib\site-packages\rest_framework\views.py", line 480, in raise_uncaught_exception
    raise exc
  File "C:\workspace\projet\venv\lib\site-packages\rest_framework\views.py", line 506, in dispatch
    response = handler(request, *args, **kwargs)
  File "C:\workspace\projet\venv\lib\site-packages\rest_framework\decorators.py", line 50, in handler
    return func(*args, **kwargs)
  File "C:\workspace\projet\backend\saleManagment\apps\views.py", line 67, in add_bonreception
    return render(request, 'addreception.html', {'form': form, 'formset': formset})
  File "C:\workspace\projet\venv\lib\site-packages\django\shortcuts.py", line 25, in render
    content = loader.render_to_string(template_name, context, request, using=using)
  File "C:\workspace\projet\venv\lib\site-packages\django\template\loader.py", line 62, in render_to_string
    return template.render(context, request)
  File "C:\workspace\projet\venv\lib\site-packages\django\template\backends\django.py", line 107, in render
    return self.template.render(context)
  File "C:\workspace\projet\venv\lib\site-packages\django\template\base.py", line 171, in render
    return self._render(context)
  File "C:\workspace\projet\venv\lib\site-packages\django\template\base.py", line 163, in _render
    return self.nodelist.render(context)
  File "C:\workspace\projet\venv\lib\site-packages\django\template\base.py", line 1008, in render
    return SafeString("".join([node.render_annotated(context) for node in self]))
  File "C:\workspace\projet\venv\lib\site-packages\django\template\base.py", line 1008, in <listcomp>
    return SafeString("".join([node.render_annotated(context) for node in self]))
  File "C:\workspace\projet\venv\lib\site-packages\django\template\base.py", line 969, in render_annotated
    return self.render(context)
  File "C:\workspace\projet\venv\lib\site-packages\django\template\base.py", line 1067, in render
    output = self.filter_expression.resolve(context)
  File "C:\workspace\projet\venv\lib\site-packages\django\template\base.py", line 718, in resolve
    obj = self.var.resolve(context)
  File "C:\workspace\projet\venv\lib\site-packages\django\template\base.py", line 850, in resolve
    value = self._resolve_lookup(context)
  File "C:\workspace\projet\venv\lib\site-packages\django\template\base.py", line 917, in _resolve_lookup
    current = current()
  File "C:\workspace\projet\venv\lib\site-packages\django\forms\utils.py", line 87, in as_p
    return self.render(self.template_name_p)
  File "C:\workspace\projet\venv\lib\site-packages\django\forms\utils.py", line 55, in render
    return mark_safe(renderer.render(template, context))
  File "C:\workspace\projet\venv\lib\site-packages\django\forms\renderers.py", line 29, in render
    return template.render(context, request=request).strip()
  File "C:\workspace\projet\venv\lib\site-packages\django\template\backends\django.py", line 107, in render
    return self.template.render(context)
  File "C:\workspace\projet\venv\lib\site-packages\django\template\base.py", line 171, in render
    return self._render(context)
  File "C:\workspace\projet\venv\lib\site-packages\django\template\base.py", line 163, in _render
    return self.nodelist.render(context)
  File "C:\workspace\projet\venv\lib\site-packages\django\template\base.py", line 1008, in render
    return SafeString("".join([node.render_annotated(context) for node in self]))
  File "C:\workspace\projet\venv\lib\site-packages\django\template\base.py", line 1008, in <listcomp>
    return SafeString("".join([node.render_annotated(context) for node in self]))
  File "C:\workspace\projet\venv\lib\site-packages\django\template\base.py", line 969, in render_annotated
    return self.render(context)
  File "C:\workspace\projet\venv\lib\site-packages\django\template\defaulttags.py", line 243, in render
    nodelist.append(node.render_annotated(context))
  File "C:\workspace\projet\venv\lib\site-packages\django\template\base.py", line 969, in render_annotated
    return self.render(context)
  File "C:\workspace\projet\venv\lib\site-packages\django\template\base.py", line 1073, in render
    return render_value_in_context(output, context)
  File "C:\workspace\projet\venv\lib\site-packages\django\template\base.py", line 1050, in render_value_in_context
    value = str(value)
  File "C:\workspace\projet\venv\lib\site-packages\django\forms\utils.py", line 79, in __str__
    return self.as_widget()
  File "C:\workspace\projet\venv\lib\site-packages\django\forms\boundfield.py", line 108, in as_widget
    return widget.render(
  File "C:\workspace\projet\venv\lib\site-packages\django\forms\widgets.py", line 278, in render
    context = self.get_context(name, value, attrs)
  File "C:\workspace\projet\venv\lib\site-packages\django\forms\widgets.py", line 764, in get_context
    context = super().get_context(name, value, attrs)
  File "C:\workspace\projet\venv\lib\site-packages\django\forms\widgets.py", line 715, in get_context
    context["widget"]["optgroups"] = self.optgroups(
  File "C:\workspace\projet\venv\lib\site-packages\django\forms\widgets.py", line 655, in optgroups
    for index, (option_value, option_label) in enumerate(self.choices):
  File "C:\workspace\projet\venv\lib\site-packages\django\forms\models.py", line 1425, in __iter__
    yield self.choice(obj)
  File "C:\workspace\projet\venv\lib\site-packages\django\forms\models.py", line 1439, in choice
    self.field.label_from_instance(obj),
  File "C:\workspace\projet\venv\lib\site-packages\django\forms\models.py", line 1529, in label_from_instance
    return str(obj)
  File "C:\workspace\projet\backend\saleManagment\apps\models.py", line 161, in __str__
    f"ID {self.supplier} - "
AttributeError: 'supplier' object has no attribute 'supplier'
ERROR 2024-11-18 16:24:48,205 basehttp "GET /apps/add_bonreception HTTP/1.1" 500 265846
ERROR 2024-11-18 16:25:40,304 log Internal Server Error: /apps/add_bonreception
Traceback (most recent call last):
  File "C:\workspace\projet\venv\lib\site-packages\django\core\handlers\exception.py", line 55, in inner
    response = get_response(request)
  File "C:\workspace\projet\venv\lib\site-packages\django\core\handlers\base.py", line 197, in _get_response
    response = wrapped_callback(request, *callback_args, **callback_kwargs)
  File "C:\workspace\projet\venv\lib\site-packages\django\views\decorators\csrf.py", line 65, in _view_wrapper
    return view_func(request, *args, **kwargs)
  File "C:\workspace\projet\venv\lib\site-packages\django\views\generic\base.py", line 104, in view
    return self.dispatch(request, *args, **kwargs)
  File "C:\workspace\projet\venv\lib\site-packages\rest_framework\views.py", line 509, in dispatch
    response = self.handle_exception(exc)
  File "C:\workspace\projet\venv\lib\site-packages\rest_framework\views.py", line 469, in handle_exception
    self.raise_uncaught_exception(exc)
  File "C:\workspace\projet\venv\lib\site-packages\rest_framework\views.py", line 480, in raise_uncaught_exception
    raise exc
  File "C:\workspace\projet\venv\lib\site-packages\rest_framework\views.py", line 506, in dispatch
    response = handler(request, *args, **kwargs)
  File "C:\workspace\projet\venv\lib\site-packages\rest_framework\decorators.py", line 50, in handler
    return func(*args, **kwargs)
  File "C:\workspace\projet\backend\saleManagment\apps\views.py", line 67, in add_bonreception
    return render(request, 'addreception.html', {'form': form, 'formset': formset})
  File "C:\workspace\projet\venv\lib\site-packages\django\shortcuts.py", line 25, in render
    content = loader.render_to_string(template_name, context, request, using=using)
  File "C:\workspace\projet\venv\lib\site-packages\django\template\loader.py", line 62, in render_to_string
    return template.render(context, request)
  File "C:\workspace\projet\venv\lib\site-packages\django\template\backends\django.py", line 107, in render
    return self.template.render(context)
  File "C:\workspace\projet\venv\lib\site-packages\django\template\base.py", line 171, in render
    return self._render(context)
  File "C:\workspace\projet\venv\lib\site-packages\django\template\base.py", line 163, in _render
    return self.nodelist.render(context)
  File "C:\workspace\projet\venv\lib\site-packages\django\template\base.py", line 1008, in render
    return SafeString("".join([node.render_annotated(context) for node in self]))
  File "C:\workspace\projet\venv\lib\site-packages\django\template\base.py", line 1008, in <listcomp>
    return SafeString("".join([node.render_annotated(context) for node in self]))
  File "C:\workspace\projet\venv\lib\site-packages\django\template\base.py", line 969, in render_annotated
    return self.render(context)
  File "C:\workspace\projet\venv\lib\site-packages\django\template\base.py", line 1067, in render
    output = self.filter_expression.resolve(context)
  File "C:\workspace\projet\venv\lib\site-packages\django\template\base.py", line 718, in resolve
    obj = self.var.resolve(context)
  File "C:\workspace\projet\venv\lib\site-packages\django\template\base.py", line 850, in resolve
    value = self._resolve_lookup(context)
  File "C:\workspace\projet\venv\lib\site-packages\django\template\base.py", line 917, in _resolve_lookup
    current = current()
  File "C:\workspace\projet\venv\lib\site-packages\django\forms\utils.py", line 87, in as_p
    return self.render(self.template_name_p)
  File "C:\workspace\projet\venv\lib\site-packages\django\forms\utils.py", line 55, in render
    return mark_safe(renderer.render(template, context))
  File "C:\workspace\projet\venv\lib\site-packages\django\forms\renderers.py", line 29, in render
    return template.render(context, request=request).strip()
  File "C:\workspace\projet\venv\lib\site-packages\django\template\backends\django.py", line 107, in render
    return self.template.render(context)
  File "C:\workspace\projet\venv\lib\site-packages\django\template\base.py", line 171, in render
    return self._render(context)
  File "C:\workspace\projet\venv\lib\site-packages\django\template\base.py", line 163, in _render
    return self.nodelist.render(context)
  File "C:\workspace\projet\venv\lib\site-packages\django\template\base.py", line 1008, in render
    return SafeString("".join([node.render_annotated(context) for node in self]))
  File "C:\workspace\projet\venv\lib\site-packages\django\template\base.py", line 1008, in <listcomp>
    return SafeString("".join([node.render_annotated(context) for node in self]))
  File "C:\workspace\projet\venv\lib\site-packages\django\template\base.py", line 969, in render_annotated
    return self.render(context)
  File "C:\workspace\projet\venv\lib\site-packages\django\template\defaulttags.py", line 243, in render
    nodelist.append(node.render_annotated(context))
  File "C:\workspace\projet\venv\lib\site-packages\django\template\base.py", line 969, in render_annotated
    return self.render(context)
  File "C:\workspace\projet\venv\lib\site-packages\django\template\base.py", line 1073, in render
    return render_value_in_context(output, context)
  File "C:\workspace\projet\venv\lib\site-packages\django\template\base.py", line 1050, in render_value_in_context
    value = str(value)
  File "C:\workspace\projet\venv\lib\site-packages\django\forms\utils.py", line 79, in __str__
    return self.as_widget()
  File "C:\workspace\projet\venv\lib\site-packages\django\forms\boundfield.py", line 108, in as_widget
    return widget.render(
  File "C:\workspace\projet\venv\lib\site-packages\django\forms\widgets.py", line 278, in render
    context = self.get_context(name, value, attrs)
  File "C:\workspace\projet\venv\lib\site-packages\django\forms\widgets.py", line 764, in get_context
    context = super().get_context(name, value, attrs)
  File "C:\workspace\projet\venv\lib\site-packages\django\forms\widgets.py", line 715, in get_context
    context["widget"]["optgroups"] = self.optgroups(
  File "C:\workspace\projet\venv\lib\site-packages\django\forms\widgets.py", line 655, in optgroups
    for index, (option_value, option_label) in enumerate(self.choices):
  File "C:\workspace\projet\venv\lib\site-packages\django\forms\models.py", line 1425, in __iter__
    yield self.choice(obj)
  File "C:\workspace\projet\venv\lib\site-packages\django\forms\models.py", line 1439, in choice
    self.field.label_from_instance(obj),
  File "C:\workspace\projet\venv\lib\site-packages\django\forms\models.py", line 1529, in label_from_instance
    return str(obj)
  File "C:\workspace\projet\backend\saleManagment\apps\models.py", line 161, in __str__
    f"ID {self.supplier} - "
AttributeError: 'supplier' object has no attribute 'supplier'
ERROR 2024-11-18 16:25:40,347 basehttp "GET /apps/add_bonreception HTTP/1.1" 500 265861
ERROR 2024-11-18 16:29:48,242 log Internal Server Error: /apps/add_bonreception
Traceback (most recent call last):
  File "C:\workspace\projet\venv\lib\site-packages\django\core\handlers\exception.py", line 55, in inner
    response = get_response(request)
  File "C:\workspace\projet\venv\lib\site-packages\django\core\handlers\base.py", line 197, in _get_response
    response = wrapped_callback(request, *callback_args, **callback_kwargs)
  File "C:\workspace\projet\venv\lib\site-packages\django\views\decorators\csrf.py", line 65, in _view_wrapper
    return view_func(request, *args, **kwargs)
  File "C:\workspace\projet\venv\lib\site-packages\django\views\generic\base.py", line 104, in view
    return self.dispatch(request, *args, **kwargs)
  File "C:\workspace\projet\venv\lib\site-packages\rest_framework\views.py", line 509, in dispatch
    response = self.handle_exception(exc)
  File "C:\workspace\projet\venv\lib\site-packages\rest_framework\views.py", line 469, in handle_exception
    self.raise_uncaught_exception(exc)
  File "C:\workspace\projet\venv\lib\site-packages\rest_framework\views.py", line 480, in raise_uncaught_exception
    raise exc
  File "C:\workspace\projet\venv\lib\site-packages\rest_framework\views.py", line 506, in dispatch
    response = handler(request, *args, **kwargs)
  File "C:\workspace\projet\venv\lib\site-packages\rest_framework\decorators.py", line 50, in handler
    return func(*args, **kwargs)
  File "C:\workspace\projet\backend\saleManagment\apps\views.py", line 67, in add_bonreception
    return render(request, 'addreception.html', {'form': form, 'formset': formset})
  File "C:\workspace\projet\venv\lib\site-packages\django\shortcuts.py", line 25, in render
    content = loader.render_to_string(template_name, context, request, using=using)
  File "C:\workspace\projet\venv\lib\site-packages\django\template\loader.py", line 62, in render_to_string
    return template.render(context, request)
  File "C:\workspace\projet\venv\lib\site-packages\django\template\backends\django.py", line 107, in render
    return self.template.render(context)
  File "C:\workspace\projet\venv\lib\site-packages\django\template\base.py", line 171, in render
    return self._render(context)
  File "C:\workspace\projet\venv\lib\site-packages\django\template\base.py", line 163, in _render
    return self.nodelist.render(context)
  File "C:\workspace\projet\venv\lib\site-packages\django\template\base.py", line 1008, in render
    return SafeString("".join([node.render_annotated(context) for node in self]))
  File "C:\workspace\projet\venv\lib\site-packages\django\template\base.py", line 1008, in <listcomp>
    return SafeString("".join([node.render_annotated(context) for node in self]))
  File "C:\workspace\projet\venv\lib\site-packages\django\template\base.py", line 969, in render_annotated
    return self.render(context)
  File "C:\workspace\projet\venv\lib\site-packages\django\template\base.py", line 1067, in render
    output = self.filter_expression.resolve(context)
  File "C:\workspace\projet\venv\lib\site-packages\django\template\base.py", line 718, in resolve
    obj = self.var.resolve(context)
  File "C:\workspace\projet\venv\lib\site-packages\django\template\base.py", line 850, in resolve
    value = self._resolve_lookup(context)
  File "C:\workspace\projet\venv\lib\site-packages\django\template\base.py", line 917, in _resolve_lookup
    current = current()
  File "C:\workspace\projet\venv\lib\site-packages\django\forms\utils.py", line 87, in as_p
    return self.render(self.template_name_p)
  File "C:\workspace\projet\venv\lib\site-packages\django\forms\utils.py", line 55, in render
    return mark_safe(renderer.render(template, context))
  File "C:\workspace\projet\venv\lib\site-packages\django\forms\renderers.py", line 29, in render
    return template.render(context, request=request).strip()
  File "C:\workspace\projet\venv\lib\site-packages\django\template\backends\django.py", line 107, in render
    return self.template.render(context)
  File "C:\workspace\projet\venv\lib\site-packages\django\template\base.py", line 171, in render
    return self._render(context)
  File "C:\workspace\projet\venv\lib\site-packages\django\template\base.py", line 163, in _render
    return self.nodelist.render(context)
  File "C:\workspace\projet\venv\lib\site-packages\django\template\base.py", line 1008, in render
    return SafeString("".join([node.render_annotated(context) for node in self]))
  File "C:\workspace\projet\venv\lib\site-packages\django\template\base.py", line 1008, in <listcomp>
    return SafeString("".join([node.render_annotated(context) for node in self]))
  File "C:\workspace\projet\venv\lib\site-packages\django\template\base.py", line 969, in render_annotated
    return self.render(context)
  File "C:\workspace\projet\venv\lib\site-packages\django\template\defaulttags.py", line 243, in render
    nodelist.append(node.render_annotated(context))
  File "C:\workspace\projet\venv\lib\site-packages\django\template\base.py", line 969, in render_annotated
    return self.render(context)
  File "C:\workspace\projet\venv\lib\site-packages\django\template\base.py", line 1073, in render
    return render_value_in_context(output, context)
  File "C:\workspace\projet\venv\lib\site-packages\django\template\base.py", line 1050, in render_value_in_context
    value = str(value)
  File "C:\workspace\projet\venv\lib\site-packages\django\forms\utils.py", line 79, in __str__
    return self.as_widget()
  File "C:\workspace\projet\venv\lib\site-packages\django\forms\boundfield.py", line 108, in as_widget
    return widget.render(
  File "C:\workspace\projet\venv\lib\site-packages\django\forms\widgets.py", line 278, in render
    context = self.get_context(name, value, attrs)
  File "C:\workspace\projet\venv\lib\site-packages\django\forms\widgets.py", line 764, in get_context
    context = super().get_context(name, value, attrs)
  File "C:\workspace\projet\venv\lib\site-packages\django\forms\widgets.py", line 715, in get_context
    context["widget"]["optgroups"] = self.optgroups(
  File "C:\workspace\projet\venv\lib\site-packages\django\forms\widgets.py", line 655, in optgroups
    for index, (option_value, option_label) in enumerate(self.choices):
  File "C:\workspace\projet\venv\lib\site-packages\django\forms\models.py", line 1425, in __iter__
    yield self.choice(obj)
  File "C:\workspace\projet\venv\lib\site-packages\django\forms\models.py", line 1439, in choice
    self.field.label_from_instance(obj),
  File "C:\workspace\projet\venv\lib\site-packages\django\forms\models.py", line 1529, in label_from_instance
    return str(obj)
  File "C:\workspace\projet\backend\saleManagment\apps\models.py", line 161, in __str__
    f"ID {self.supplier} - "
AttributeError: 'supplier' object has no attribute 'supplier'
ERROR 2024-11-18 16:29:48,313 basehttp "GET /apps/add_bonreception HTTP/1.1" 500 265735
ERROR 2024-11-18 16:31:36,292 log Internal Server Error: /apps/add_bonreception
Traceback (most recent call last):
  File "C:\workspace\projet\venv\lib\site-packages\django\core\handlers\exception.py", line 55, in inner
    response = get_response(request)
  File "C:\workspace\projet\venv\lib\site-packages\django\core\handlers\base.py", line 197, in _get_response
    response = wrapped_callback(request, *callback_args, **callback_kwargs)
  File "C:\workspace\projet\venv\lib\site-packages\django\views\decorators\csrf.py", line 65, in _view_wrapper
    return view_func(request, *args, **kwargs)
  File "C:\workspace\projet\venv\lib\site-packages\django\views\generic\base.py", line 104, in view
    return self.dispatch(request, *args, **kwargs)
  File "C:\workspace\projet\venv\lib\site-packages\rest_framework\views.py", line 509, in dispatch
    response = self.handle_exception(exc)
  File "C:\workspace\projet\venv\lib\site-packages\rest_framework\views.py", line 469, in handle_exception
    self.raise_uncaught_exception(exc)
  File "C:\workspace\projet\venv\lib\site-packages\rest_framework\views.py", line 480, in raise_uncaught_exception
    raise exc
  File "C:\workspace\projet\venv\lib\site-packages\rest_framework\views.py", line 506, in dispatch
    response = handler(request, *args, **kwargs)
  File "C:\workspace\projet\venv\lib\site-packages\rest_framework\decorators.py", line 50, in handler
    return func(*args, **kwargs)
  File "C:\workspace\projet\backend\saleManagment\apps\views.py", line 67, in add_bonreception
    return render(request, 'addreception.html', {'form': form, 'formset': formset})
  File "C:\workspace\projet\venv\lib\site-packages\django\shortcuts.py", line 25, in render
    content = loader.render_to_string(template_name, context, request, using=using)
  File "C:\workspace\projet\venv\lib\site-packages\django\template\loader.py", line 62, in render_to_string
    return template.render(context, request)
  File "C:\workspace\projet\venv\lib\site-packages\django\template\backends\django.py", line 107, in render
    return self.template.render(context)
  File "C:\workspace\projet\venv\lib\site-packages\django\template\base.py", line 171, in render
    return self._render(context)
  File "C:\workspace\projet\venv\lib\site-packages\django\template\base.py", line 163, in _render
    return self.nodelist.render(context)
  File "C:\workspace\projet\venv\lib\site-packages\django\template\base.py", line 1008, in render
    return SafeString("".join([node.render_annotated(context) for node in self]))
  File "C:\workspace\projet\venv\lib\site-packages\django\template\base.py", line 1008, in <listcomp>
    return SafeString("".join([node.render_annotated(context) for node in self]))
  File "C:\workspace\projet\venv\lib\site-packages\django\template\base.py", line 969, in render_annotated
    return self.render(context)
  File "C:\workspace\projet\venv\lib\site-packages\django\template\base.py", line 1067, in render
    output = self.filter_expression.resolve(context)
  File "C:\workspace\projet\venv\lib\site-packages\django\template\base.py", line 718, in resolve
    obj = self.var.resolve(context)
  File "C:\workspace\projet\venv\lib\site-packages\django\template\base.py", line 850, in resolve
    value = self._resolve_lookup(context)
  File "C:\workspace\projet\venv\lib\site-packages\django\template\base.py", line 917, in _resolve_lookup
    current = current()
  File "C:\workspace\projet\venv\lib\site-packages\django\forms\utils.py", line 87, in as_p
    return self.render(self.template_name_p)
  File "C:\workspace\projet\venv\lib\site-packages\django\forms\utils.py", line 55, in render
    return mark_safe(renderer.render(template, context))
  File "C:\workspace\projet\venv\lib\site-packages\django\forms\renderers.py", line 29, in render
    return template.render(context, request=request).strip()
  File "C:\workspace\projet\venv\lib\site-packages\django\template\backends\django.py", line 107, in render
    return self.template.render(context)
  File "C:\workspace\projet\venv\lib\site-packages\django\template\base.py", line 171, in render
    return self._render(context)
  File "C:\workspace\projet\venv\lib\site-packages\django\template\base.py", line 163, in _render
    return self.nodelist.render(context)
  File "C:\workspace\projet\venv\lib\site-packages\django\template\base.py", line 1008, in render
    return SafeString("".join([node.render_annotated(context) for node in self]))
  File "C:\workspace\projet\venv\lib\site-packages\django\template\base.py", line 1008, in <listcomp>
    return SafeString("".join([node.render_annotated(context) for node in self]))
  File "C:\workspace\projet\venv\lib\site-packages\django\template\base.py", line 969, in render_annotated
    return self.render(context)
  File "C:\workspace\projet\venv\lib\site-packages\django\template\defaulttags.py", line 243, in render
    nodelist.append(node.render_annotated(context))
  File "C:\workspace\projet\venv\lib\site-packages\django\template\base.py", line 969, in render_annotated
    return self.render(context)
  File "C:\workspace\projet\venv\lib\site-packages\django\template\base.py", line 1073, in render
    return render_value_in_context(output, context)
  File "C:\workspace\projet\venv\lib\site-packages\django\template\base.py", line 1050, in render_value_in_context
    value = str(value)
  File "C:\workspace\projet\venv\lib\site-packages\django\forms\utils.py", line 79, in __str__
    return self.as_widget()
  File "C:\workspace\projet\venv\lib\site-packages\django\forms\boundfield.py", line 108, in as_widget
    return widget.render(
  File "C:\workspace\projet\venv\lib\site-packages\django\forms\widgets.py", line 278, in render
    context = self.get_context(name, value, attrs)
  File "C:\workspace\projet\venv\lib\site-packages\django\forms\widgets.py", line 764, in get_context
    context = super().get_context(name, value, attrs)
  File "C:\workspace\projet\venv\lib\site-packages\django\forms\widgets.py", line 715, in get_context
    context["widget"]["optgroups"] = self.optgroups(
  File "C:\workspace\projet\venv\lib\site-packages\django\forms\widgets.py", line 655, in optgroups
    for index, (option_value, option_label) in enumerate(self.choices):
  File "C:\workspace\projet\venv\lib\site-packages\django\forms\models.py", line 1425, in __iter__
    yield self.choice(obj)
  File "C:\workspace\projet\venv\lib\site-packages\django\forms\models.py", line 1439, in choice
    self.field.label_from_instance(obj),
  File "C:\workspace\projet\venv\lib\site-packages\django\forms\models.py", line 1529, in label_from_instance
    return str(obj)
  File "C:\workspace\projet\backend\saleManagment\apps\models.py", line 161, in __str__
    f"ID {self.supplier} - "
AttributeError: 'supplier' object has no attribute 'supplier'
ERROR 2024-11-18 16:31:36,331 basehttp "GET /apps/add_bonreception HTTP/1.1" 500 265858
ERROR 2024-11-18 17:51:19,313 log Internal Server Error: /apps/add_bonreception
Traceback (most recent call last):
  File "C:\workspace\projet\venv\lib\site-packages\django\db\models\fields\__init__.py", line 2123, in get_prep_value
    return int(value)
TypeError: int() argument must be a string, a bytes-like object or a real number, not 'dict'

The above exception was the direct cause of the following exception:

Traceback (most recent call last):
  File "C:\workspace\projet\venv\lib\site-packages\django\core\handlers\exception.py", line 55, in inner
    response = get_response(request)
  File "C:\workspace\projet\venv\lib\site-packages\django\core\handlers\base.py", line 197, in _get_response
    response = wrapped_callback(request, *callback_args, **callback_kwargs)
  File "C:\workspace\projet\venv\lib\site-packages\django\views\decorators\csrf.py", line 65, in _view_wrapper
    return view_func(request, *args, **kwargs)
  File "C:\workspace\projet\venv\lib\site-packages\django\views\generic\base.py", line 104, in view
    return self.dispatch(request, *args, **kwargs)
  File "C:\workspace\projet\venv\lib\site-packages\rest_framework\views.py", line 509, in dispatch
    response = self.handle_exception(exc)
  File "C:\workspace\projet\venv\lib\site-packages\rest_framework\views.py", line 469, in handle_exception
    self.raise_uncaught_exception(exc)
  File "C:\workspace\projet\venv\lib\site-packages\rest_framework\views.py", line 480, in raise_uncaught_exception
    raise exc
  File "C:\workspace\projet\venv\lib\site-packages\rest_framework\views.py", line 506, in dispatch
    response = handler(request, *args, **kwargs)
  File "C:\workspace\projet\venv\lib\site-packages\rest_framework\decorators.py", line 50, in handler
    return func(*args, **kwargs)
  File "C:\workspace\projet\backend\saleManagment\apps\views.py", line 53, in add_bonreception
    stock, created = Stock.objects.get_or_create(
  File "C:\workspace\projet\venv\lib\site-packages\django\db\models\manager.py", line 87, in manager_method
    return getattr(self.get_queryset(), name)(*args, **kwargs)
  File "C:\workspace\projet\venv\lib\site-packages\django\db\models\query.py", line 948, in get_or_create
    return self.get(**kwargs), False
  File "C:\workspace\projet\venv\lib\site-packages\django\db\models\query.py", line 635, in get
    clone = self._chain() if self.query.combinator else self.filter(*args, **kwargs)
  File "C:\workspace\projet\venv\lib\site-packages\django\db\models\query.py", line 1476, in filter
    return self._filter_or_exclude(False, args, kwargs)
  File "C:\workspace\projet\venv\lib\site-packages\django\db\models\query.py", line 1494, in _filter_or_exclude
    clone._filter_or_exclude_inplace(negate, args, kwargs)
  File "C:\workspace\projet\venv\lib\site-packages\django\db\models\query.py", line 1501, in _filter_or_exclude_inplace
    self._query.add_q(Q(*args, **kwargs))
  File "C:\workspace\projet\venv\lib\site-packages\django\db\models\sql\query.py", line 1609, in add_q
    clause, _ = self._add_q(q_object, self.used_aliases)
  File "C:\workspace\projet\venv\lib\site-packages\django\db\models\sql\query.py", line 1641, in _add_q
    child_clause, needed_inner = self.build_filter(
  File "C:\workspace\projet\venv\lib\site-packages\django\db\models\sql\query.py", line 1555, in build_filter
    condition = self.build_lookup(lookups, col, value)
  File "C:\workspace\projet\venv\lib\site-packages\django\db\models\sql\query.py", line 1385, in build_lookup
    lookup = lookup_class(lhs, rhs)
  File "C:\workspace\projet\venv\lib\site-packages\django\db\models\lookups.py", line 30, in __init__
    self.rhs = self.get_prep_lookup()
  File "C:\workspace\projet\venv\lib\site-packages\django\db\models\fields\related_lookups.py", line 156, in get_prep_lookup
    self.rhs = target_field.get_prep_value(self.rhs)
  File "C:\workspace\projet\venv\lib\site-packages\django\db\models\fields\__init__.py", line 2125, in get_prep_value
    raise e.__class__(
TypeError: Field 'variant_id' expected a number but got {'couleur': 'Red', 'taille': '36'}.
ERROR 2024-11-18 17:51:19,407 basehttp "POST /apps/add_bonreception HTTP/1.1" 500 171180
ERROR 2024-11-19 11:13:34,696 log Internal Server Error: /apps/add_bonreception
Traceback (most recent call last):
  File "C:\workspace\projet\venv\lib\site-packages\django\core\handlers\exception.py", line 55, in inner
    response = get_response(request)
  File "C:\workspace\projet\venv\lib\site-packages\django\core\handlers\base.py", line 197, in _get_response
    response = wrapped_callback(request, *callback_args, **callback_kwargs)
  File "C:\workspace\projet\venv\lib\site-packages\django\views\decorators\csrf.py", line 65, in _view_wrapper
    return view_func(request, *args, **kwargs)
  File "C:\workspace\projet\venv\lib\site-packages\django\views\generic\base.py", line 104, in view
    return self.dispatch(request, *args, **kwargs)
  File "C:\workspace\projet\venv\lib\site-packages\rest_framework\views.py", line 509, in dispatch
    response = self.handle_exception(exc)
  File "C:\workspace\projet\venv\lib\site-packages\rest_framework\views.py", line 469, in handle_exception
    self.raise_uncaught_exception(exc)
  File "C:\workspace\projet\venv\lib\site-packages\rest_framework\views.py", line 480, in raise_uncaught_exception
    raise exc
  File "C:\workspace\projet\venv\lib\site-packages\rest_framework\views.py", line 506, in dispatch
    response = handler(request, *args, **kwargs)
  File "C:\workspace\projet\venv\lib\site-packages\rest_framework\decorators.py", line 50, in handler
    return func(*args, **kwargs)
  File "C:\workspace\projet\backend\saleManagment\apps\views.py", line 55, in add_bonreception
    variants = json.loads(form_line.cleaned_data.get('variant_combination', '{}'))
  File "C:\Python310\lib\json\__init__.py", line 339, in loads
    raise TypeError(f'the JSON object must be str, bytes or bytearray, '
TypeError: the JSON object must be str, bytes or bytearray, not dict
ERROR 2024-11-19 11:13:34,741 basehttp "POST /apps/add_bonreception HTTP/1.1" 500 108648
ERROR 2024-11-19 16:56:18,201 log Internal Server Error: /apps/add_bonreception
Traceback (most recent call last):
  File "C:\workspace\projet\venv\lib\site-packages\django\core\handlers\exception.py", line 55, in inner
    response = get_response(request)
  File "C:\workspace\projet\venv\lib\site-packages\django\core\handlers\base.py", line 197, in _get_response
    response = wrapped_callback(request, *callback_args, **callback_kwargs)
  File "C:\workspace\projet\venv\lib\site-packages\django\views\decorators\csrf.py", line 65, in _view_wrapper
    return view_func(request, *args, **kwargs)
  File "C:\workspace\projet\venv\lib\site-packages\django\views\generic\base.py", line 104, in view
    return self.dispatch(request, *args, **kwargs)
  File "C:\workspace\projet\venv\lib\site-packages\rest_framework\views.py", line 509, in dispatch
    response = self.handle_exception(exc)
  File "C:\workspace\projet\venv\lib\site-packages\rest_framework\views.py", line 469, in handle_exception
    self.raise_uncaught_exception(exc)
  File "C:\workspace\projet\venv\lib\site-packages\rest_framework\views.py", line 480, in raise_uncaught_exception
    raise exc
  File "C:\workspace\projet\venv\lib\site-packages\rest_framework\views.py", line 506, in dispatch
    response = handler(request, *args, **kwargs)
  File "C:\workspace\projet\venv\lib\site-packages\rest_framework\decorators.py", line 50, in handler
    return func(*args, **kwargs)
  File "C:\workspace\projet\backend\saleManagment\apps\views.py", line 107, in add_bonreception
    items = item.objects.prefetch_related(
UnboundLocalError: local variable 'item' referenced before assignment
ERROR 2024-11-19 16:56:18,228 basehttp "GET /apps/add_bonreception HTTP/1.1" 500 100392
ERROR 2024-11-19 17:02:14,203 log Internal Server Error: /apps/add_bonreception
Traceback (most recent call last):
  File "C:\workspace\projet\venv\lib\site-packages\django\core\handlers\exception.py", line 55, in inner
    response = get_response(request)
  File "C:\workspace\projet\venv\lib\site-packages\django\core\handlers\base.py", line 197, in _get_response
    response = wrapped_callback(request, *callback_args, **callback_kwargs)
  File "C:\workspace\projet\venv\lib\site-packages\django\views\decorators\csrf.py", line 65, in _view_wrapper
    return view_func(request, *args, **kwargs)
  File "C:\workspace\projet\venv\lib\site-packages\django\views\generic\base.py", line 104, in view
    return self.dispatch(request, *args, **kwargs)
  File "C:\workspace\projet\venv\lib\site-packages\rest_framework\views.py", line 509, in dispatch
    response = self.handle_exception(exc)
  File "C:\workspace\projet\venv\lib\site-packages\rest_framework\views.py", line 469, in handle_exception
    self.raise_uncaught_exception(exc)
  File "C:\workspace\projet\venv\lib\site-packages\rest_framework\views.py", line 480, in raise_uncaught_exception
    raise exc
  File "C:\workspace\projet\venv\lib\site-packages\rest_framework\views.py", line 506, in dispatch
    response = handler(request, *args, **kwargs)
  File "C:\workspace\projet\venv\lib\site-packages\rest_framework\decorators.py", line 50, in handler
    return func(*args, **kwargs)
  File "C:\workspace\projet\backend\saleManagment\apps\views.py", line 107, in add_bonreception
    items_queryset = item.objects.prefetch_related(  # Renamed variable
UnboundLocalError: local variable 'item' referenced before assignment
ERROR 2024-11-19 17:02:14,246 basehttp "GET /apps/add_bonreception HTTP/1.1" 500 100450
ERROR 2024-11-19 17:02:41,853 log Internal Server Error: /apps/add_bonreception
Traceback (most recent call last):
  File "C:\workspace\projet\venv\lib\site-packages\django\core\handlers\exception.py", line 55, in inner
    response = get_response(request)
  File "C:\workspace\projet\venv\lib\site-packages\django\core\handlers\base.py", line 197, in _get_response
    response = wrapped_callback(request, *callback_args, **callback_kwargs)
  File "C:\workspace\projet\venv\lib\site-packages\django\views\decorators\csrf.py", line 65, in _view_wrapper
    return view_func(request, *args, **kwargs)
  File "C:\workspace\projet\venv\lib\site-packages\django\views\generic\base.py", line 104, in view
    return self.dispatch(request, *args, **kwargs)
  File "C:\workspace\projet\venv\lib\site-packages\rest_framework\views.py", line 509, in dispatch
    response = self.handle_exception(exc)
  File "C:\workspace\projet\venv\lib\site-packages\rest_framework\views.py", line 469, in handle_exception
    self.raise_uncaught_exception(exc)
  File "C:\workspace\projet\venv\lib\site-packages\rest_framework\views.py", line 480, in raise_uncaught_exception
    raise exc
  File "C:\workspace\projet\venv\lib\site-packages\rest_framework\views.py", line 506, in dispatch
    response = handler(request, *args, **kwargs)
  File "C:\workspace\projet\venv\lib\site-packages\rest_framework\decorators.py", line 50, in handler
    return func(*args, **kwargs)
  File "C:\workspace\projet\backend\saleManagment\apps\views.py", line 107, in add_bonreception
    items_queryset = item.objects.prefetch_related(  # Renamed variable
UnboundLocalError: local variable 'item' referenced before assignment
ERROR 2024-11-19 17:02:41,869 basehttp "GET /apps/add_bonreception HTTP/1.1" 500 100450
ERROR 2024-11-19 20:56:17,891 log Internal Server Error: /apps/stock_levels/
Traceback (most recent call last):
  File "C:\workspace\projet\venv\lib\site-packages\django\core\handlers\exception.py", line 55, in inner
    response = get_response(request)
  File "C:\workspace\projet\venv\lib\site-packages\django\core\handlers\base.py", line 197, in _get_response
    response = wrapped_callback(request, *callback_args, **callback_kwargs)
  File "C:\workspace\projet\backend\saleManagment\apps\views.py", line 441, in get_stock_levels
    for combination, quantity in zip(variant_combination, quantities)
TypeError: 'int' object is not iterable
ERROR 2024-11-19 20:56:17,903 basehttp "GET /apps/stock_levels/ HTTP/1.1" 500 69750
ERROR 2024-11-19 23:06:29,403 log Internal Server Error: /apps/add_command/
Traceback (most recent call last):
  File "C:\workspace\projet\venv\lib\site-packages\django\core\handlers\exception.py", line 55, in inner
    response = get_response(request)
  File "C:\workspace\projet\venv\lib\site-packages\django\core\handlers\base.py", line 197, in _get_response
    response = wrapped_callback(request, *callback_args, **callback_kwargs)
  File "C:\workspace\projet\backend\saleManagment\apps\views.py", line 1235, in add_command
    items = item.objects.prefetch_related(
UnboundLocalError: local variable 'item' referenced before assignment
ERROR 2024-11-19 23:06:29,408 basehttp "GET /apps/add_command/ HTTP/1.1" 500 69783
ERROR 2024-11-19 23:17:08,407 log Internal Server Error: /apps/add_command/
Traceback (most recent call last):
  File "C:\workspace\projet\venv\lib\site-packages\django\core\handlers\exception.py", line 55, in inner
    response = get_response(request)
  File "C:\workspace\projet\venv\lib\site-packages\django\core\handlers\base.py", line 197, in _get_response
    response = wrapped_callback(request, *callback_args, **callback_kwargs)
  File "C:\workspace\projet\backend\saleManagment\apps\views.py", line 1176, in add_command
    variant_combinations = json.loads(request.POST.get('variant_combinations', '[]'))  # Receive variant data
  File "C:\Python310\lib\json\__init__.py", line 346, in loads
    return _default_decoder.decode(s)
  File "C:\Python310\lib\json\decoder.py", line 337, in decode
    obj, end = self.raw_decode(s, idx=_w(s, 0).end())
  File "C:\Python310\lib\json\decoder.py", line 355, in raw_decode
    raise JSONDecodeError("Expecting value", s, err.value) from None
json.decoder.JSONDecodeError: Expecting value: line 1 column 1 (char 0)
ERROR 2024-11-19 23:17:08,424 basehttp "POST /apps/add_command/ HTTP/1.1" 500 82960
ERROR 2024-11-20 09:39:54,284 log Internal Server Error: /apps/update_command/27/
Traceback (most recent call last):
  File "C:\workspace\projet\venv\lib\site-packages\django\core\handlers\exception.py", line 55, in inner
    response = get_response(request)
  File "C:\workspace\projet\venv\lib\site-packages\django\core\handlers\base.py", line 197, in _get_response
    response = wrapped_callback(request, *callback_args, **callback_kwargs)
  File "C:\workspace\projet\backend\saleManagment\apps\views.py", line 1309, in update_command
    variant_combinations = json.loads(data.get('variant_combinations', '[]'))
  File "C:\Python310\lib\json\__init__.py", line 346, in loads
    return _default_decoder.decode(s)
  File "C:\Python310\lib\json\decoder.py", line 337, in decode
    obj, end = self.raw_decode(s, idx=_w(s, 0).end())
  File "C:\Python310\lib\json\decoder.py", line 353, in raw_decode
    obj, end = self.scan_once(s, idx)
json.decoder.JSONDecodeError: Expecting property name enclosed in double quotes: line 1 column 2 (char 1)
ERROR 2024-11-20 09:39:54,298 basehttp "POST /apps/update_command/27/ HTTP/1.1" 500 83999
ERROR 2024-11-20 10:51:15,591 log Internal Server Error: /apps/update_command/25/
Traceback (most recent call last):
  File "C:\workspace\projet\venv\lib\site-packages\django\core\handlers\exception.py", line 55, in inner
    response = get_response(request)
  File "C:\workspace\projet\venv\lib\site-packages\django\core\handlers\base.py", line 197, in _get_response
    response = wrapped_callback(request, *callback_args, **callback_kwargs)
  File "C:\workspace\projet\backend\saleManagment\apps\views.py", line 1404, in update_command
    return render(
  File "C:\workspace\projet\venv\lib\site-packages\django\shortcuts.py", line 25, in render
    content = loader.render_to_string(template_name, context, request, using=using)
  File "C:\workspace\projet\venv\lib\site-packages\django\template\loader.py", line 61, in render_to_string
    template = get_template(template_name, using=using)
  File "C:\workspace\projet\venv\lib\site-packages\django\template\loader.py", line 15, in get_template
    return engine.get_template(template_name)
  File "C:\workspace\projet\venv\lib\site-packages\django\template\backends\django.py", line 79, in get_template
    return Template(self.engine.get_template(template_name), self)
  File "C:\workspace\projet\venv\lib\site-packages\django\template\engine.py", line 177, in get_template
    template, origin = self.find_template(template_name)
  File "C:\workspace\projet\venv\lib\site-packages\django\template\engine.py", line 159, in find_template
    template = loader.get_template(name, skip=skip)
  File "C:\workspace\projet\venv\lib\site-packages\django\template\loaders\cached.py", line 57, in get_template
    template = super().get_template(template_name, skip)
  File "C:\workspace\projet\venv\lib\site-packages\django\template\loaders\base.py", line 28, in get_template
    return Template(
  File "C:\workspace\projet\venv\lib\site-packages\django\template\base.py", line 154, in __init__
    self.nodelist = self.compile_nodelist()
  File "C:\workspace\projet\venv\lib\site-packages\django\template\base.py", line 196, in compile_nodelist
    nodelist = parser.parse()
  File "C:\workspace\projet\venv\lib\site-packages\django\template\base.py", line 518, in parse
    raise self.error(token, e)
  File "C:\workspace\projet\venv\lib\site-packages\django\template\base.py", line 516, in parse
    compiled_result = compile_func(self, token)
  File "C:\workspace\projet\venv\lib\site-packages\django\template\defaulttags.py", line 862, in do_for
    nodelist_loop = parser.parse(
  File "C:\workspace\projet\venv\lib\site-packages\django\template\base.py", line 518, in parse
    raise self.error(token, e)
  File "C:\workspace\projet\venv\lib\site-packages\django\template\base.py", line 516, in parse
    compiled_result = compile_func(self, token)
  File "C:\workspace\projet\venv\lib\site-packages\django\template\defaulttags.py", line 862, in do_for
    nodelist_loop = parser.parse(
  File "C:\workspace\projet\venv\lib\site-packages\django\template\base.py", line 518, in parse
    raise self.error(token, e)
  File "C:\workspace\projet\venv\lib\site-packages\django\template\base.py", line 516, in parse
    compiled_result = compile_func(self, token)
  File "C:\workspace\projet\venv\lib\site-packages\django\template\defaulttags.py", line 861, in do_for
    sequence = parser.compile_filter(bits[in_index + 1])
  File "C:\workspace\projet\venv\lib\site-packages\django\template\base.py", line 605, in compile_filter
    return FilterExpression(token, self)
  File "C:\workspace\projet\venv\lib\site-packages\django\template\base.py", line 706, in __init__
    raise TemplateSyntaxError(
django.template.exceptions.TemplateSyntaxError: Could not parse the remainder: '[combination.item_id][variant_name]' from 'variant_data[combination.item_id][variant_name]'
ERROR 2024-11-20 10:51:15,700 basehttp "GET /apps/update_command/25/ HTTP/1.1" 500 242625
ERROR 2024-11-20 10:52:11,923 log Internal Server Error: /apps/update_command/26/
Traceback (most recent call last):
  File "C:\workspace\projet\venv\lib\site-packages\django\core\handlers\exception.py", line 55, in inner
    response = get_response(request)
  File "C:\workspace\projet\venv\lib\site-packages\django\core\handlers\base.py", line 197, in _get_response
    response = wrapped_callback(request, *callback_args, **callback_kwargs)
  File "C:\workspace\projet\backend\saleManagment\apps\views.py", line 1404, in update_command
    return render(
  File "C:\workspace\projet\venv\lib\site-packages\django\shortcuts.py", line 25, in render
    content = loader.render_to_string(template_name, context, request, using=using)
  File "C:\workspace\projet\venv\lib\site-packages\django\template\loader.py", line 61, in render_to_string
    template = get_template(template_name, using=using)
  File "C:\workspace\projet\venv\lib\site-packages\django\template\loader.py", line 15, in get_template
    return engine.get_template(template_name)
  File "C:\workspace\projet\venv\lib\site-packages\django\template\backends\django.py", line 79, in get_template
    return Template(self.engine.get_template(template_name), self)
  File "C:\workspace\projet\venv\lib\site-packages\django\template\engine.py", line 177, in get_template
    template, origin = self.find_template(template_name)
  File "C:\workspace\projet\venv\lib\site-packages\django\template\engine.py", line 159, in find_template
    template = loader.get_template(name, skip=skip)
  File "C:\workspace\projet\venv\lib\site-packages\django\template\loaders\cached.py", line 57, in get_template
    template = super().get_template(template_name, skip)
  File "C:\workspace\projet\venv\lib\site-packages\django\template\loaders\base.py", line 28, in get_template
    return Template(
  File "C:\workspace\projet\venv\lib\site-packages\django\template\base.py", line 154, in __init__
    self.nodelist = self.compile_nodelist()
  File "C:\workspace\projet\venv\lib\site-packages\django\template\base.py", line 196, in compile_nodelist
    nodelist = parser.parse()
  File "C:\workspace\projet\venv\lib\site-packages\django\template\base.py", line 518, in parse
    raise self.error(token, e)
  File "C:\workspace\projet\venv\lib\site-packages\django\template\base.py", line 516, in parse
    compiled_result = compile_func(self, token)
  File "C:\workspace\projet\venv\lib\site-packages\django\template\defaulttags.py", line 862, in do_for
    nodelist_loop = parser.parse(
  File "C:\workspace\projet\venv\lib\site-packages\django\template\base.py", line 518, in parse
    raise self.error(token, e)
  File "C:\workspace\projet\venv\lib\site-packages\django\template\base.py", line 516, in parse
    compiled_result = compile_func(self, token)
  File "C:\workspace\projet\venv\lib\site-packages\django\template\defaulttags.py", line 862, in do_for
    nodelist_loop = parser.parse(
  File "C:\workspace\projet\venv\lib\site-packages\django\template\base.py", line 518, in parse
    raise self.error(token, e)
  File "C:\workspace\projet\venv\lib\site-packages\django\template\base.py", line 516, in parse
    compiled_result = compile_func(self, token)
  File "C:\workspace\projet\venv\lib\site-packages\django\template\defaulttags.py", line 861, in do_for
    sequence = parser.compile_filter(bits[in_index + 1])
  File "C:\workspace\projet\venv\lib\site-packages\django\template\base.py", line 605, in compile_filter
    return FilterExpression(token, self)
  File "C:\workspace\projet\venv\lib\site-packages\django\template\base.py", line 706, in __init__
    raise TemplateSyntaxError(
django.template.exceptions.TemplateSyntaxError: Could not parse the remainder: '[combination.item_id][variant_name]' from 'variant_data[combination.item_id][variant_name]'
ERROR 2024-11-20 10:52:11,965 basehttp "GET /apps/update_command/26/ HTTP/1.1" 500 242670
ERROR 2024-11-20 11:38:09,469 log Internal Server Error: /apps/update_command/26/
Traceback (most recent call last):
  File "C:\workspace\projet\venv\lib\site-packages\django\core\handlers\exception.py", line 55, in inner
    response = get_response(request)
  File "C:\workspace\projet\venv\lib\site-packages\django\core\handlers\base.py", line 197, in _get_response
    response = wrapped_callback(request, *callback_args, **callback_kwargs)
  File "C:\workspace\projet\backend\saleManagment\apps\views.py", line 1405, in update_command
    return render(
  File "C:\workspace\projet\venv\lib\site-packages\django\shortcuts.py", line 25, in render
    content = loader.render_to_string(template_name, context, request, using=using)
  File "C:\workspace\projet\venv\lib\site-packages\django\template\loader.py", line 61, in render_to_string
    template = get_template(template_name, using=using)
  File "C:\workspace\projet\venv\lib\site-packages\django\template\loader.py", line 15, in get_template
    return engine.get_template(template_name)
  File "C:\workspace\projet\venv\lib\site-packages\django\template\backends\django.py", line 79, in get_template
    return Template(self.engine.get_template(template_name), self)
  File "C:\workspace\projet\venv\lib\site-packages\django\template\engine.py", line 177, in get_template
    template, origin = self.find_template(template_name)
  File "C:\workspace\projet\venv\lib\site-packages\django\template\engine.py", line 159, in find_template
    template = loader.get_template(name, skip=skip)
  File "C:\workspace\projet\venv\lib\site-packages\django\template\loaders\cached.py", line 57, in get_template
    template = super().get_template(template_name, skip)
  File "C:\workspace\projet\venv\lib\site-packages\django\template\loaders\base.py", line 28, in get_template
    return Template(
  File "C:\workspace\projet\venv\lib\site-packages\django\template\base.py", line 154, in __init__
    self.nodelist = self.compile_nodelist()
  File "C:\workspace\projet\venv\lib\site-packages\django\template\base.py", line 196, in compile_nodelist
    nodelist = parser.parse()
  File "C:\workspace\projet\venv\lib\site-packages\django\template\base.py", line 518, in parse
    raise self.error(token, e)
  File "C:\workspace\projet\venv\lib\site-packages\django\template\base.py", line 516, in parse
    compiled_result = compile_func(self, token)
  File "C:\workspace\projet\venv\lib\site-packages\django\template\defaulttags.py", line 862, in do_for
    nodelist_loop = parser.parse(
  File "C:\workspace\projet\venv\lib\site-packages\django\template\base.py", line 518, in parse
    raise self.error(token, e)
  File "C:\workspace\projet\venv\lib\site-packages\django\template\base.py", line 516, in parse
    compiled_result = compile_func(self, token)
  File "C:\workspace\projet\venv\lib\site-packages\django\template\defaulttags.py", line 862, in do_for
    nodelist_loop = parser.parse(
  File "C:\workspace\projet\venv\lib\site-packages\django\template\base.py", line 518, in parse
    raise self.error(token, e)
  File "C:\workspace\projet\venv\lib\site-packages\django\template\base.py", line 516, in parse
    compiled_result = compile_func(self, token)
  File "C:\workspace\projet\venv\lib\site-packages\django\template\defaulttags.py", line 861, in do_for
    sequence = parser.compile_filter(bits[in_index + 1])
  File "C:\workspace\projet\venv\lib\site-packages\django\template\base.py", line 605, in compile_filter
    return FilterExpression(token, self)
  File "C:\workspace\projet\venv\lib\site-packages\django\template\base.py", line 706, in __init__
    raise TemplateSyntaxError(
django.template.exceptions.TemplateSyntaxError: Could not parse the remainder: '[combination.item_id][variant_name]' from 'variant_data[combination.item_id][variant_name]'
ERROR 2024-11-20 11:38:09,516 basehttp "GET /apps/update_command/26/ HTTP/1.1" 500 238020
ERROR 2024-11-20 11:38:14,748 log Internal Server Error: /apps/update_command/26/
Traceback (most recent call last):
  File "C:\workspace\projet\venv\lib\site-packages\django\core\handlers\exception.py", line 55, in inner
    response = get_response(request)
  File "C:\workspace\projet\venv\lib\site-packages\django\core\handlers\base.py", line 197, in _get_response
    response = wrapped_callback(request, *callback_args, **callback_kwargs)
  File "C:\workspace\projet\backend\saleManagment\apps\views.py", line 1405, in update_command
    return render(
  File "C:\workspace\projet\venv\lib\site-packages\django\shortcuts.py", line 25, in render
    content = loader.render_to_string(template_name, context, request, using=using)
  File "C:\workspace\projet\venv\lib\site-packages\django\template\loader.py", line 61, in render_to_string
    template = get_template(template_name, using=using)
  File "C:\workspace\projet\venv\lib\site-packages\django\template\loader.py", line 15, in get_template
    return engine.get_template(template_name)
  File "C:\workspace\projet\venv\lib\site-packages\django\template\backends\django.py", line 79, in get_template
    return Template(self.engine.get_template(template_name), self)
  File "C:\workspace\projet\venv\lib\site-packages\django\template\engine.py", line 177, in get_template
    template, origin = self.find_template(template_name)
  File "C:\workspace\projet\venv\lib\site-packages\django\template\engine.py", line 159, in find_template
    template = loader.get_template(name, skip=skip)
  File "C:\workspace\projet\venv\lib\site-packages\django\template\loaders\cached.py", line 57, in get_template
    template = super().get_template(template_name, skip)
  File "C:\workspace\projet\venv\lib\site-packages\django\template\loaders\base.py", line 28, in get_template
    return Template(
  File "C:\workspace\projet\venv\lib\site-packages\django\template\base.py", line 154, in __init__
    self.nodelist = self.compile_nodelist()
  File "C:\workspace\projet\venv\lib\site-packages\django\template\base.py", line 196, in compile_nodelist
    nodelist = parser.parse()
  File "C:\workspace\projet\venv\lib\site-packages\django\template\base.py", line 518, in parse
    raise self.error(token, e)
  File "C:\workspace\projet\venv\lib\site-packages\django\template\base.py", line 516, in parse
    compiled_result = compile_func(self, token)
  File "C:\workspace\projet\venv\lib\site-packages\django\template\defaulttags.py", line 862, in do_for
    nodelist_loop = parser.parse(
  File "C:\workspace\projet\venv\lib\site-packages\django\template\base.py", line 518, in parse
    raise self.error(token, e)
  File "C:\workspace\projet\venv\lib\site-packages\django\template\base.py", line 516, in parse
    compiled_result = compile_func(self, token)
  File "C:\workspace\projet\venv\lib\site-packages\django\template\defaulttags.py", line 862, in do_for
    nodelist_loop = parser.parse(
  File "C:\workspace\projet\venv\lib\site-packages\django\template\base.py", line 518, in parse
    raise self.error(token, e)
  File "C:\workspace\projet\venv\lib\site-packages\django\template\base.py", line 516, in parse
    compiled_result = compile_func(self, token)
  File "C:\workspace\projet\venv\lib\site-packages\django\template\defaulttags.py", line 861, in do_for
    sequence = parser.compile_filter(bits[in_index + 1])
  File "C:\workspace\projet\venv\lib\site-packages\django\template\base.py", line 605, in compile_filter
    return FilterExpression(token, self)
  File "C:\workspace\projet\venv\lib\site-packages\django\template\base.py", line 706, in __init__
    raise TemplateSyntaxError(
django.template.exceptions.TemplateSyntaxError: Could not parse the remainder: '[combination.item_id][variant_name]' from 'variant_data[combination.item_id][variant_name]'
ERROR 2024-11-20 11:38:14,784 basehttp "GET /apps/update_command/26/ HTTP/1.1" 500 238020
ERROR 2024-11-20 11:40:00,275 log Internal Server Error: /apps/update_command/26/
Traceback (most recent call last):
  File "C:\workspace\projet\venv\lib\site-packages\django\core\handlers\exception.py", line 55, in inner
    response = get_response(request)
  File "C:\workspace\projet\venv\lib\site-packages\django\core\handlers\base.py", line 197, in _get_response
    response = wrapped_callback(request, *callback_args, **callback_kwargs)
  File "C:\workspace\projet\backend\saleManagment\apps\views.py", line 1405, in update_command
    return render(
  File "C:\workspace\projet\venv\lib\site-packages\django\shortcuts.py", line 25, in render
    content = loader.render_to_string(template_name, context, request, using=using)
  File "C:\workspace\projet\venv\lib\site-packages\django\template\loader.py", line 61, in render_to_string
    template = get_template(template_name, using=using)
  File "C:\workspace\projet\venv\lib\site-packages\django\template\loader.py", line 15, in get_template
    return engine.get_template(template_name)
  File "C:\workspace\projet\venv\lib\site-packages\django\template\backends\django.py", line 79, in get_template
    return Template(self.engine.get_template(template_name), self)
  File "C:\workspace\projet\venv\lib\site-packages\django\template\engine.py", line 177, in get_template
    template, origin = self.find_template(template_name)
  File "C:\workspace\projet\venv\lib\site-packages\django\template\engine.py", line 159, in find_template
    template = loader.get_template(name, skip=skip)
  File "C:\workspace\projet\venv\lib\site-packages\django\template\loaders\cached.py", line 57, in get_template
    template = super().get_template(template_name, skip)
  File "C:\workspace\projet\venv\lib\site-packages\django\template\loaders\base.py", line 28, in get_template
    return Template(
  File "C:\workspace\projet\venv\lib\site-packages\django\template\base.py", line 154, in __init__
    self.nodelist = self.compile_nodelist()
  File "C:\workspace\projet\venv\lib\site-packages\django\template\base.py", line 196, in compile_nodelist
    nodelist = parser.parse()
  File "C:\workspace\projet\venv\lib\site-packages\django\template\base.py", line 518, in parse
    raise self.error(token, e)
  File "C:\workspace\projet\venv\lib\site-packages\django\template\base.py", line 516, in parse
    compiled_result = compile_func(self, token)
  File "C:\workspace\projet\venv\lib\site-packages\django\template\defaulttags.py", line 862, in do_for
    nodelist_loop = parser.parse(
  File "C:\workspace\projet\venv\lib\site-packages\django\template\base.py", line 518, in parse
    raise self.error(token, e)
  File "C:\workspace\projet\venv\lib\site-packages\django\template\base.py", line 516, in parse
    compiled_result = compile_func(self, token)
  File "C:\workspace\projet\venv\lib\site-packages\django\template\defaulttags.py", line 862, in do_for
    nodelist_loop = parser.parse(
  File "C:\workspace\projet\venv\lib\site-packages\django\template\base.py", line 518, in parse
    raise self.error(token, e)
  File "C:\workspace\projet\venv\lib\site-packages\django\template\base.py", line 516, in parse
    compiled_result = compile_func(self, token)
  File "C:\workspace\projet\venv\lib\site-packages\django\template\defaulttags.py", line 861, in do_for
    sequence = parser.compile_filter(bits[in_index + 1])
  File "C:\workspace\projet\venv\lib\site-packages\django\template\base.py", line 605, in compile_filter
    return FilterExpression(token, self)
  File "C:\workspace\projet\venv\lib\site-packages\django\template\base.py", line 706, in __init__
    raise TemplateSyntaxError(
django.template.exceptions.TemplateSyntaxError: Could not parse the remainder: '[combination.item_id][variant_name]' from 'variant_data[combination.item_id][variant_name]'
ERROR 2024-11-20 11:40:00,373 basehttp "GET /apps/update_command/26/ HTTP/1.1" 500 238020
ERROR 2024-11-20 11:40:04,190 log Internal Server Error: /apps/update_command/26/
Traceback (most recent call last):
  File "C:\workspace\projet\venv\lib\site-packages\django\core\handlers\exception.py", line 55, in inner
    response = get_response(request)
  File "C:\workspace\projet\venv\lib\site-packages\django\core\handlers\base.py", line 197, in _get_response
    response = wrapped_callback(request, *callback_args, **callback_kwargs)
  File "C:\workspace\projet\backend\saleManagment\apps\views.py", line 1405, in update_command
    return render(
  File "C:\workspace\projet\venv\lib\site-packages\django\shortcuts.py", line 25, in render
    content = loader.render_to_string(template_name, context, request, using=using)
  File "C:\workspace\projet\venv\lib\site-packages\django\template\loader.py", line 61, in render_to_string
    template = get_template(template_name, using=using)
  File "C:\workspace\projet\venv\lib\site-packages\django\template\loader.py", line 15, in get_template
    return engine.get_template(template_name)
  File "C:\workspace\projet\venv\lib\site-packages\django\template\backends\django.py", line 79, in get_template
    return Template(self.engine.get_template(template_name), self)
  File "C:\workspace\projet\venv\lib\site-packages\django\template\engine.py", line 177, in get_template
    template, origin = self.find_template(template_name)
  File "C:\workspace\projet\venv\lib\site-packages\django\template\engine.py", line 159, in find_template
    template = loader.get_template(name, skip=skip)
  File "C:\workspace\projet\venv\lib\site-packages\django\template\loaders\cached.py", line 57, in get_template
    template = super().get_template(template_name, skip)
  File "C:\workspace\projet\venv\lib\site-packages\django\template\loaders\base.py", line 28, in get_template
    return Template(
  File "C:\workspace\projet\venv\lib\site-packages\django\template\base.py", line 154, in __init__
    self.nodelist = self.compile_nodelist()
  File "C:\workspace\projet\venv\lib\site-packages\django\template\base.py", line 196, in compile_nodelist
    nodelist = parser.parse()
  File "C:\workspace\projet\venv\lib\site-packages\django\template\base.py", line 518, in parse
    raise self.error(token, e)
  File "C:\workspace\projet\venv\lib\site-packages\django\template\base.py", line 516, in parse
    compiled_result = compile_func(self, token)
  File "C:\workspace\projet\venv\lib\site-packages\django\template\defaulttags.py", line 862, in do_for
    nodelist_loop = parser.parse(
  File "C:\workspace\projet\venv\lib\site-packages\django\template\base.py", line 518, in parse
    raise self.error(token, e)
  File "C:\workspace\projet\venv\lib\site-packages\django\template\base.py", line 516, in parse
    compiled_result = compile_func(self, token)
  File "C:\workspace\projet\venv\lib\site-packages\django\template\defaulttags.py", line 862, in do_for
    nodelist_loop = parser.parse(
  File "C:\workspace\projet\venv\lib\site-packages\django\template\base.py", line 518, in parse
    raise self.error(token, e)
  File "C:\workspace\projet\venv\lib\site-packages\django\template\base.py", line 516, in parse
    compiled_result = compile_func(self, token)
  File "C:\workspace\projet\venv\lib\site-packages\django\template\defaulttags.py", line 861, in do_for
    sequence = parser.compile_filter(bits[in_index + 1])
  File "C:\workspace\projet\venv\lib\site-packages\django\template\base.py", line 605, in compile_filter
    return FilterExpression(token, self)
  File "C:\workspace\projet\venv\lib\site-packages\django\template\base.py", line 706, in __init__
    raise TemplateSyntaxError(
django.template.exceptions.TemplateSyntaxError: Could not parse the remainder: '[combination.item_id][variant_name]' from 'variant_data[combination.item_id][variant_name]'
ERROR 2024-11-20 11:40:04,237 basehttp "GET /apps/update_command/26/ HTTP/1.1" 500 237883
ERROR 2024-11-20 11:40:32,629 log Internal Server Error: /apps/update_command/26/
Traceback (most recent call last):
  File "C:\workspace\projet\venv\lib\site-packages\django\core\handlers\exception.py", line 55, in inner
    response = get_response(request)
  File "C:\workspace\projet\venv\lib\site-packages\django\core\handlers\base.py", line 197, in _get_response
    response = wrapped_callback(request, *callback_args, **callback_kwargs)
  File "C:\workspace\projet\backend\saleManagment\apps\views.py", line 1405, in update_command
    return render(
  File "C:\workspace\projet\venv\lib\site-packages\django\shortcuts.py", line 25, in render
    content = loader.render_to_string(template_name, context, request, using=using)
  File "C:\workspace\projet\venv\lib\site-packages\django\template\loader.py", line 61, in render_to_string
    template = get_template(template_name, using=using)
  File "C:\workspace\projet\venv\lib\site-packages\django\template\loader.py", line 15, in get_template
    return engine.get_template(template_name)
  File "C:\workspace\projet\venv\lib\site-packages\django\template\backends\django.py", line 79, in get_template
    return Template(self.engine.get_template(template_name), self)
  File "C:\workspace\projet\venv\lib\site-packages\django\template\engine.py", line 177, in get_template
    template, origin = self.find_template(template_name)
  File "C:\workspace\projet\venv\lib\site-packages\django\template\engine.py", line 159, in find_template
    template = loader.get_template(name, skip=skip)
  File "C:\workspace\projet\venv\lib\site-packages\django\template\loaders\cached.py", line 57, in get_template
    template = super().get_template(template_name, skip)
  File "C:\workspace\projet\venv\lib\site-packages\django\template\loaders\base.py", line 28, in get_template
    return Template(
  File "C:\workspace\projet\venv\lib\site-packages\django\template\base.py", line 154, in __init__
    self.nodelist = self.compile_nodelist()
  File "C:\workspace\projet\venv\lib\site-packages\django\template\base.py", line 196, in compile_nodelist
    nodelist = parser.parse()
  File "C:\workspace\projet\venv\lib\site-packages\django\template\base.py", line 518, in parse
    raise self.error(token, e)
  File "C:\workspace\projet\venv\lib\site-packages\django\template\base.py", line 516, in parse
    compiled_result = compile_func(self, token)
  File "C:\workspace\projet\venv\lib\site-packages\django\template\defaulttags.py", line 862, in do_for
    nodelist_loop = parser.parse(
  File "C:\workspace\projet\venv\lib\site-packages\django\template\base.py", line 518, in parse
    raise self.error(token, e)
  File "C:\workspace\projet\venv\lib\site-packages\django\template\base.py", line 516, in parse
    compiled_result = compile_func(self, token)
  File "C:\workspace\projet\venv\lib\site-packages\django\template\defaulttags.py", line 862, in do_for
    nodelist_loop = parser.parse(
  File "C:\workspace\projet\venv\lib\site-packages\django\template\base.py", line 518, in parse
    raise self.error(token, e)
  File "C:\workspace\projet\venv\lib\site-packages\django\template\base.py", line 516, in parse
    compiled_result = compile_func(self, token)
  File "C:\workspace\projet\venv\lib\site-packages\django\template\defaulttags.py", line 861, in do_for
    sequence = parser.compile_filter(bits[in_index + 1])
  File "C:\workspace\projet\venv\lib\site-packages\django\template\base.py", line 605, in compile_filter
    return FilterExpression(token, self)
  File "C:\workspace\projet\venv\lib\site-packages\django\template\base.py", line 706, in __init__
    raise TemplateSyntaxError(
django.template.exceptions.TemplateSyntaxError: Could not parse the remainder: '[combination.item_id][variant_name]' from 'variant_data[combination.item_id][variant_name]'
ERROR 2024-11-20 11:40:32,672 basehttp "GET /apps/update_command/26/ HTTP/1.1" 500 237883
ERROR 2024-11-20 11:45:57,017 log Internal Server Error: /apps/update_command/26/
Traceback (most recent call last):
  File "C:\workspace\projet\venv\lib\site-packages\django\core\handlers\exception.py", line 55, in inner
    response = get_response(request)
  File "C:\workspace\projet\venv\lib\site-packages\django\core\handlers\base.py", line 197, in _get_response
    response = wrapped_callback(request, *callback_args, **callback_kwargs)
  File "C:\workspace\projet\backend\saleManagment\apps\views.py", line 1405, in update_command
    return render(
  File "C:\workspace\projet\venv\lib\site-packages\django\shortcuts.py", line 25, in render
    content = loader.render_to_string(template_name, context, request, using=using)
  File "C:\workspace\projet\venv\lib\site-packages\django\template\loader.py", line 61, in render_to_string
    template = get_template(template_name, using=using)
  File "C:\workspace\projet\venv\lib\site-packages\django\template\loader.py", line 15, in get_template
    return engine.get_template(template_name)
  File "C:\workspace\projet\venv\lib\site-packages\django\template\backends\django.py", line 79, in get_template
    return Template(self.engine.get_template(template_name), self)
  File "C:\workspace\projet\venv\lib\site-packages\django\template\engine.py", line 177, in get_template
    template, origin = self.find_template(template_name)
  File "C:\workspace\projet\venv\lib\site-packages\django\template\engine.py", line 159, in find_template
    template = loader.get_template(name, skip=skip)
  File "C:\workspace\projet\venv\lib\site-packages\django\template\loaders\cached.py", line 57, in get_template
    template = super().get_template(template_name, skip)
  File "C:\workspace\projet\venv\lib\site-packages\django\template\loaders\base.py", line 28, in get_template
    return Template(
  File "C:\workspace\projet\venv\lib\site-packages\django\template\base.py", line 154, in __init__
    self.nodelist = self.compile_nodelist()
  File "C:\workspace\projet\venv\lib\site-packages\django\template\base.py", line 196, in compile_nodelist
    nodelist = parser.parse()
  File "C:\workspace\projet\venv\lib\site-packages\django\template\base.py", line 518, in parse
    raise self.error(token, e)
  File "C:\workspace\projet\venv\lib\site-packages\django\template\base.py", line 516, in parse
    compiled_result = compile_func(self, token)
  File "C:\workspace\projet\venv\lib\site-packages\django\template\defaulttags.py", line 862, in do_for
    nodelist_loop = parser.parse(
  File "C:\workspace\projet\venv\lib\site-packages\django\template\base.py", line 518, in parse
    raise self.error(token, e)
  File "C:\workspace\projet\venv\lib\site-packages\django\template\base.py", line 516, in parse
    compiled_result = compile_func(self, token)
  File "C:\workspace\projet\venv\lib\site-packages\django\template\defaulttags.py", line 862, in do_for
    nodelist_loop = parser.parse(
  File "C:\workspace\projet\venv\lib\site-packages\django\template\base.py", line 518, in parse
    raise self.error(token, e)
  File "C:\workspace\projet\venv\lib\site-packages\django\template\base.py", line 516, in parse
    compiled_result = compile_func(self, token)
  File "C:\workspace\projet\venv\lib\site-packages\django\template\defaulttags.py", line 861, in do_for
    sequence = parser.compile_filter(bits[in_index + 1])
  File "C:\workspace\projet\venv\lib\site-packages\django\template\base.py", line 605, in compile_filter
    return FilterExpression(token, self)
  File "C:\workspace\projet\venv\lib\site-packages\django\template\base.py", line 706, in __init__
    raise TemplateSyntaxError(
django.template.exceptions.TemplateSyntaxError: Could not parse the remainder: '[combination.item_id][variant_name]' from 'variant_data[combination.item_id][variant_name]'
ERROR 2024-11-20 11:45:57,075 basehttp "GET /apps/update_command/26/ HTTP/1.1" 500 238315
ERROR 2024-11-20 11:46:02,148 log Internal Server Error: /apps/update_command/26/
Traceback (most recent call last):
  File "C:\workspace\projet\venv\lib\site-packages\django\core\handlers\exception.py", line 55, in inner
    response = get_response(request)
  File "C:\workspace\projet\venv\lib\site-packages\django\core\handlers\base.py", line 197, in _get_response
    response = wrapped_callback(request, *callback_args, **callback_kwargs)
  File "C:\workspace\projet\backend\saleManagment\apps\views.py", line 1405, in update_command
    return render(
  File "C:\workspace\projet\venv\lib\site-packages\django\shortcuts.py", line 25, in render
    content = loader.render_to_string(template_name, context, request, using=using)
  File "C:\workspace\projet\venv\lib\site-packages\django\template\loader.py", line 61, in render_to_string
    template = get_template(template_name, using=using)
  File "C:\workspace\projet\venv\lib\site-packages\django\template\loader.py", line 15, in get_template
    return engine.get_template(template_name)
  File "C:\workspace\projet\venv\lib\site-packages\django\template\backends\django.py", line 79, in get_template
    return Template(self.engine.get_template(template_name), self)
  File "C:\workspace\projet\venv\lib\site-packages\django\template\engine.py", line 177, in get_template
    template, origin = self.find_template(template_name)
  File "C:\workspace\projet\venv\lib\site-packages\django\template\engine.py", line 159, in find_template
    template = loader.get_template(name, skip=skip)
  File "C:\workspace\projet\venv\lib\site-packages\django\template\loaders\cached.py", line 57, in get_template
    template = super().get_template(template_name, skip)
  File "C:\workspace\projet\venv\lib\site-packages\django\template\loaders\base.py", line 28, in get_template
    return Template(
  File "C:\workspace\projet\venv\lib\site-packages\django\template\base.py", line 154, in __init__
    self.nodelist = self.compile_nodelist()
  File "C:\workspace\projet\venv\lib\site-packages\django\template\base.py", line 196, in compile_nodelist
    nodelist = parser.parse()
  File "C:\workspace\projet\venv\lib\site-packages\django\template\base.py", line 518, in parse
    raise self.error(token, e)
  File "C:\workspace\projet\venv\lib\site-packages\django\template\base.py", line 516, in parse
    compiled_result = compile_func(self, token)
  File "C:\workspace\projet\venv\lib\site-packages\django\template\defaulttags.py", line 862, in do_for
    nodelist_loop = parser.parse(
  File "C:\workspace\projet\venv\lib\site-packages\django\template\base.py", line 518, in parse
    raise self.error(token, e)
  File "C:\workspace\projet\venv\lib\site-packages\django\template\base.py", line 516, in parse
    compiled_result = compile_func(self, token)
  File "C:\workspace\projet\venv\lib\site-packages\django\template\defaulttags.py", line 862, in do_for
    nodelist_loop = parser.parse(
  File "C:\workspace\projet\venv\lib\site-packages\django\template\base.py", line 518, in parse
    raise self.error(token, e)
  File "C:\workspace\projet\venv\lib\site-packages\django\template\base.py", line 516, in parse
    compiled_result = compile_func(self, token)
  File "C:\workspace\projet\venv\lib\site-packages\django\template\defaulttags.py", line 861, in do_for
    sequence = parser.compile_filter(bits[in_index + 1])
  File "C:\workspace\projet\venv\lib\site-packages\django\template\base.py", line 605, in compile_filter
    return FilterExpression(token, self)
  File "C:\workspace\projet\venv\lib\site-packages\django\template\base.py", line 706, in __init__
    raise TemplateSyntaxError(
django.template.exceptions.TemplateSyntaxError: Could not parse the remainder: '[combination.item_id][variant_name]' from 'variant_data[combination.item_id][variant_name]'
ERROR 2024-11-20 11:46:02,181 basehttp "GET /apps/update_command/26/ HTTP/1.1" 500 238178
ERROR 2024-11-20 13:57:45,754 log Internal Server Error: /apps/addfacture.html
Traceback (most recent call last):
  File "C:\workspace\projet\venv\lib\site-packages\django\core\handlers\exception.py", line 55, in inner
    response = get_response(request)
  File "C:\workspace\projet\venv\lib\site-packages\django\core\handlers\base.py", line 197, in _get_response
    response = wrapped_callback(request, *callback_args, **callback_kwargs)
  File "C:\workspace\projet\backend\saleManagment\apps\views.py", line 723, in add_facture
    return render(request, "add_facture.html", {
  File "C:\workspace\projet\venv\lib\site-packages\django\shortcuts.py", line 25, in render
    content = loader.render_to_string(template_name, context, request, using=using)
  File "C:\workspace\projet\venv\lib\site-packages\django\template\loader.py", line 61, in render_to_string
    template = get_template(template_name, using=using)
  File "C:\workspace\projet\venv\lib\site-packages\django\template\loader.py", line 19, in get_template
    raise TemplateDoesNotExist(template_name, chain=chain)
django.template.exceptions.TemplateDoesNotExist: add_facture.html
ERROR 2024-11-20 13:57:45,797 basehttp "GET /apps/addfacture.html HTTP/1.1" 500 87370
ERROR 2024-11-20 17:10:18,467 log Internal Server Error: /apps/update_command/29/
Traceback (most recent call last):
  File "C:\workspace\projet\venv\lib\site-packages\django\db\backends\utils.py", line 105, in _execute
    return self.cursor.execute(sql, params)
  File "C:\workspace\projet\venv\lib\site-packages\django\db\backends\mysql\base.py", line 76, in execute
    return self.cursor.execute(query, args)
  File "C:\workspace\projet\venv\lib\site-packages\MySQLdb\cursors.py", line 179, in execute
    res = self._query(mogrified_query)
  File "C:\workspace\projet\venv\lib\site-packages\MySQLdb\cursors.py", line 330, in _query
    db.query(q)
  File "C:\workspace\projet\venv\lib\site-packages\MySQLdb\connections.py", line 261, in query
    _mysql.connection.query(self, query)
MySQLdb.OperationalError: (1054, "Champ 'apps_Command.product_id' inconnu dans field list")

The above exception was the direct cause of the following exception:

Traceback (most recent call last):
  File "C:\workspace\projet\venv\lib\site-packages\django\core\handlers\exception.py", line 55, in inner
    response = get_response(request)
  File "C:\workspace\projet\venv\lib\site-packages\django\core\handlers\base.py", line 197, in _get_response
    response = wrapped_callback(request, *callback_args, **callback_kwargs)
  File "C:\workspace\projet\backend\saleManagment\apps\views.py", line 1324, in update_command
    command = get_object_or_404(Command, pk=pk)
  File "C:\workspace\projet\venv\lib\site-packages\django\shortcuts.py", line 86, in get_object_or_404
    return queryset.get(*args, **kwargs)
  File "C:\workspace\projet\venv\lib\site-packages\django\db\models\query.py", line 645, in get
    num = len(clone)
  File "C:\workspace\projet\venv\lib\site-packages\django\db\models\query.py", line 382, in __len__
    self._fetch_all()
  File "C:\workspace\projet\venv\lib\site-packages\django\db\models\query.py", line 1928, in _fetch_all
    self._result_cache = list(self._iterable_class(self))
  File "C:\workspace\projet\venv\lib\site-packages\django\db\models\query.py", line 91, in __iter__
    results = compiler.execute_sql(
  File "C:\workspace\projet\venv\lib\site-packages\django\db\models\sql\compiler.py", line 1574, in execute_sql
    cursor.execute(sql, params)
  File "C:\workspace\projet\venv\lib\site-packages\django\db\backends\utils.py", line 122, in execute
    return super().execute(sql, params)
  File "C:\workspace\projet\venv\lib\site-packages\django\db\backends\utils.py", line 79, in execute
    return self._execute_with_wrappers(
  File "C:\workspace\projet\venv\lib\site-packages\django\db\backends\utils.py", line 92, in _execute_with_wrappers
    return executor(sql, params, many, context)
  File "C:\workspace\projet\venv\lib\site-packages\django\db\backends\utils.py", line 100, in _execute
    with self.db.wrap_database_errors:
  File "C:\workspace\projet\venv\lib\site-packages\django\db\utils.py", line 91, in __exit__
    raise dj_exc_value.with_traceback(traceback) from exc_value
  File "C:\workspace\projet\venv\lib\site-packages\django\db\backends\utils.py", line 105, in _execute
    return self.cursor.execute(sql, params)
  File "C:\workspace\projet\venv\lib\site-packages\django\db\backends\mysql\base.py", line 76, in execute
    return self.cursor.execute(query, args)
  File "C:\workspace\projet\venv\lib\site-packages\MySQLdb\cursors.py", line 179, in execute
    res = self._query(mogrified_query)
  File "C:\workspace\projet\venv\lib\site-packages\MySQLdb\cursors.py", line 330, in _query
    db.query(q)
  File "C:\workspace\projet\venv\lib\site-packages\MySQLdb\connections.py", line 261, in query
    _mysql.connection.query(self, query)
django.db.utils.OperationalError: (1054, "Champ 'apps_Command.product_id' inconnu dans field list")
ERROR 2024-11-20 17:10:18,502 basehttp "GET /apps/update_command/29/ HTTP/1.1" 500 164688
ERROR 2024-11-21 00:37:46,014 log Internal Server Error: /apps/add_command/
Traceback (most recent call last):
  File "C:\workspace\projet\venv\lib\site-packages\django\db\backends\utils.py", line 105, in _execute
    return self.cursor.execute(sql, params)
  File "C:\workspace\projet\venv\lib\site-packages\django\db\backends\mysql\base.py", line 76, in execute
    return self.cursor.execute(query, args)
  File "C:\workspace\projet\venv\lib\site-packages\MySQLdb\cursors.py", line 179, in execute
    res = self._query(mogrified_query)
  File "C:\workspace\projet\venv\lib\site-packages\MySQLdb\cursors.py", line 330, in _query
    db.query(q)
  File "C:\workspace\projet\venv\lib\site-packages\MySQLdb\connections.py", line 261, in query
    _mysql.connection.query(self, query)
MySQLdb.ProgrammingError: (1146, "La table 'django_db.apps_commandline' n'existe pas")

The above exception was the direct cause of the following exception:

Traceback (most recent call last):
  File "C:\workspace\projet\venv\lib\site-packages\django\core\handlers\exception.py", line 55, in inner
    response = get_response(request)
  File "C:\workspace\projet\venv\lib\site-packages\django\core\handlers\base.py", line 197, in _get_response
    response = wrapped_callback(request, *callback_args, **callback_kwargs)
  File "C:\workspace\projet\backend\saleManagment\apps\views.py", line 1296, in add_command
    return render(request, "add_command.html", {
  File "C:\workspace\projet\venv\lib\site-packages\django\shortcuts.py", line 25, in render
    content = loader.render_to_string(template_name, context, request, using=using)
  File "C:\workspace\projet\venv\lib\site-packages\django\template\loader.py", line 62, in render_to_string
    return template.render(context, request)
  File "C:\workspace\projet\venv\lib\site-packages\django\template\backends\django.py", line 107, in render
    return self.template.render(context)
  File "C:\workspace\projet\venv\lib\site-packages\django\template\base.py", line 171, in render
    return self._render(context)
  File "C:\workspace\projet\venv\lib\site-packages\django\template\base.py", line 163, in _render
    return self.nodelist.render(context)
  File "C:\workspace\projet\venv\lib\site-packages\django\template\base.py", line 1008, in render
    return SafeString("".join([node.render_annotated(context) for node in self]))
  File "C:\workspace\projet\venv\lib\site-packages\django\template\base.py", line 1008, in <listcomp>
    return SafeString("".join([node.render_annotated(context) for node in self]))
  File "C:\workspace\projet\venv\lib\site-packages\django\template\base.py", line 969, in render_annotated
    return self.render(context)
  File "C:\workspace\projet\venv\lib\site-packages\django\template\base.py", line 1067, in render
    output = self.filter_expression.resolve(context)
  File "C:\workspace\projet\venv\lib\site-packages\django\template\base.py", line 718, in resolve
    obj = self.var.resolve(context)
  File "C:\workspace\projet\venv\lib\site-packages\django\template\base.py", line 850, in resolve
    value = self._resolve_lookup(context)
  File "C:\workspace\projet\venv\lib\site-packages\django\template\base.py", line 883, in _resolve_lookup
    current = current[bit]
  File "C:\workspace\projet\venv\lib\site-packages\django\forms\formsets.py", line 118, in __getitem__
    return self.forms[index]
  File "C:\workspace\projet\venv\lib\site-packages\django\utils\functional.py", line 47, in __get__
    res = instance.__dict__[self.name] = self.func(instance)
  File "C:\workspace\projet\venv\lib\site-packages\django\forms\formsets.py", line 207, in forms
    for i in range(self.total_form_count())
  File "C:\workspace\projet\venv\lib\site-packages\django\forms\formsets.py", line 182, in total_form_count
    initial_forms = self.initial_form_count()
  File "C:\workspace\projet\venv\lib\site-packages\django\forms\models.py", line 697, in initial_form_count
    return len(self.get_queryset())
  File "C:\workspace\projet\venv\lib\site-packages\django\db\models\query.py", line 382, in __len__
    self._fetch_all()
  File "C:\workspace\projet\venv\lib\site-packages\django\db\models\query.py", line 1928, in _fetch_all
    self._result_cache = list(self._iterable_class(self))
  File "C:\workspace\projet\venv\lib\site-packages\django\db\models\query.py", line 91, in __iter__
    results = compiler.execute_sql(
  File "C:\workspace\projet\venv\lib\site-packages\django\db\models\sql\compiler.py", line 1574, in execute_sql
    cursor.execute(sql, params)
  File "C:\workspace\projet\venv\lib\site-packages\django\db\backends\utils.py", line 122, in execute
    return super().execute(sql, params)
  File "C:\workspace\projet\venv\lib\site-packages\django\db\backends\utils.py", line 79, in execute
    return self._execute_with_wrappers(
  File "C:\workspace\projet\venv\lib\site-packages\django\db\backends\utils.py", line 92, in _execute_with_wrappers
    return executor(sql, params, many, context)
  File "C:\workspace\projet\venv\lib\site-packages\django\db\backends\utils.py", line 100, in _execute
    with self.db.wrap_database_errors:
  File "C:\workspace\projet\venv\lib\site-packages\django\db\utils.py", line 91, in __exit__
    raise dj_exc_value.with_traceback(traceback) from exc_value
  File "C:\workspace\projet\venv\lib\site-packages\django\db\backends\utils.py", line 105, in _execute
    return self.cursor.execute(sql, params)
  File "C:\workspace\projet\venv\lib\site-packages\django\db\backends\mysql\base.py", line 76, in execute
    return self.cursor.execute(query, args)
  File "C:\workspace\projet\venv\lib\site-packages\MySQLdb\cursors.py", line 179, in execute
    res = self._query(mogrified_query)
  File "C:\workspace\projet\venv\lib\site-packages\MySQLdb\cursors.py", line 330, in _query
    db.query(q)
  File "C:\workspace\projet\venv\lib\site-packages\MySQLdb\connections.py", line 261, in query
    _mysql.connection.query(self, query)
django.db.utils.ProgrammingError: (1146, "La table 'django_db.apps_commandline' n'existe pas")
ERROR 2024-11-21 00:37:46,103 basehttp "GET /apps/add_command/ HTTP/1.1" 500 229415
ERROR 2024-11-21 00:40:16,459 log Internal Server Error: /apps/add_command/
Traceback (most recent call last):
  File "C:\workspace\projet\venv\lib\site-packages\django\db\backends\utils.py", line 105, in _execute
    return self.cursor.execute(sql, params)
  File "C:\workspace\projet\venv\lib\site-packages\django\db\backends\mysql\base.py", line 76, in execute
    return self.cursor.execute(query, args)
  File "C:\workspace\projet\venv\lib\site-packages\MySQLdb\cursors.py", line 179, in execute
    res = self._query(mogrified_query)
  File "C:\workspace\projet\venv\lib\site-packages\MySQLdb\cursors.py", line 330, in _query
    db.query(q)
  File "C:\workspace\projet\venv\lib\site-packages\MySQLdb\connections.py", line 261, in query
    _mysql.connection.query(self, query)
MySQLdb.ProgrammingError: (1146, "La table 'django_db.apps_commandline' n'existe pas")

The above exception was the direct cause of the following exception:

Traceback (most recent call last):
  File "C:\workspace\projet\venv\lib\site-packages\django\core\handlers\exception.py", line 55, in inner
    response = get_response(request)
  File "C:\workspace\projet\venv\lib\site-packages\django\core\handlers\base.py", line 197, in _get_response
    response = wrapped_callback(request, *callback_args, **callback_kwargs)
  File "C:\workspace\projet\backend\saleManagment\apps\views.py", line 1296, in add_command
    return render(request, "add_command.html", {
  File "C:\workspace\projet\venv\lib\site-packages\django\shortcuts.py", line 25, in render
    content = loader.render_to_string(template_name, context, request, using=using)
  File "C:\workspace\projet\venv\lib\site-packages\django\template\loader.py", line 62, in render_to_string
    return template.render(context, request)
  File "C:\workspace\projet\venv\lib\site-packages\django\template\backends\django.py", line 107, in render
    return self.template.render(context)
  File "C:\workspace\projet\venv\lib\site-packages\django\template\base.py", line 171, in render
    return self._render(context)
  File "C:\workspace\projet\venv\lib\site-packages\django\template\base.py", line 163, in _render
    return self.nodelist.render(context)
  File "C:\workspace\projet\venv\lib\site-packages\django\template\base.py", line 1008, in render
    return SafeString("".join([node.render_annotated(context) for node in self]))
  File "C:\workspace\projet\venv\lib\site-packages\django\template\base.py", line 1008, in <listcomp>
    return SafeString("".join([node.render_annotated(context) for node in self]))
  File "C:\workspace\projet\venv\lib\site-packages\django\template\base.py", line 969, in render_annotated
    return self.render(context)
  File "C:\workspace\projet\venv\lib\site-packages\django\template\base.py", line 1067, in render
    output = self.filter_expression.resolve(context)
  File "C:\workspace\projet\venv\lib\site-packages\django\template\base.py", line 718, in resolve
    obj = self.var.resolve(context)
  File "C:\workspace\projet\venv\lib\site-packages\django\template\base.py", line 850, in resolve
    value = self._resolve_lookup(context)
  File "C:\workspace\projet\venv\lib\site-packages\django\template\base.py", line 883, in _resolve_lookup
    current = current[bit]
  File "C:\workspace\projet\venv\lib\site-packages\django\forms\formsets.py", line 118, in __getitem__
    return self.forms[index]
  File "C:\workspace\projet\venv\lib\site-packages\django\utils\functional.py", line 47, in __get__
    res = instance.__dict__[self.name] = self.func(instance)
  File "C:\workspace\projet\venv\lib\site-packages\django\forms\formsets.py", line 207, in forms
    for i in range(self.total_form_count())
  File "C:\workspace\projet\venv\lib\site-packages\django\forms\formsets.py", line 182, in total_form_count
    initial_forms = self.initial_form_count()
  File "C:\workspace\projet\venv\lib\site-packages\django\forms\models.py", line 697, in initial_form_count
    return len(self.get_queryset())
  File "C:\workspace\projet\venv\lib\site-packages\django\db\models\query.py", line 382, in __len__
    self._fetch_all()
  File "C:\workspace\projet\venv\lib\site-packages\django\db\models\query.py", line 1928, in _fetch_all
    self._result_cache = list(self._iterable_class(self))
  File "C:\workspace\projet\venv\lib\site-packages\django\db\models\query.py", line 91, in __iter__
    results = compiler.execute_sql(
  File "C:\workspace\projet\venv\lib\site-packages\django\db\models\sql\compiler.py", line 1574, in execute_sql
    cursor.execute(sql, params)
  File "C:\workspace\projet\venv\lib\site-packages\django\db\backends\utils.py", line 122, in execute
    return super().execute(sql, params)
  File "C:\workspace\projet\venv\lib\site-packages\django\db\backends\utils.py", line 79, in execute
    return self._execute_with_wrappers(
  File "C:\workspace\projet\venv\lib\site-packages\django\db\backends\utils.py", line 92, in _execute_with_wrappers
    return executor(sql, params, many, context)
  File "C:\workspace\projet\venv\lib\site-packages\django\db\backends\utils.py", line 100, in _execute
    with self.db.wrap_database_errors:
  File "C:\workspace\projet\venv\lib\site-packages\django\db\utils.py", line 91, in __exit__
    raise dj_exc_value.with_traceback(traceback) from exc_value
  File "C:\workspace\projet\venv\lib\site-packages\django\db\backends\utils.py", line 105, in _execute
    return self.cursor.execute(sql, params)
  File "C:\workspace\projet\venv\lib\site-packages\django\db\backends\mysql\base.py", line 76, in execute
    return self.cursor.execute(query, args)
  File "C:\workspace\projet\venv\lib\site-packages\MySQLdb\cursors.py", line 179, in execute
    res = self._query(mogrified_query)
  File "C:\workspace\projet\venv\lib\site-packages\MySQLdb\cursors.py", line 330, in _query
    db.query(q)
  File "C:\workspace\projet\venv\lib\site-packages\MySQLdb\connections.py", line 261, in query
    _mysql.connection.query(self, query)
django.db.utils.ProgrammingError: (1146, "La table 'django_db.apps_commandline' n'existe pas")
ERROR 2024-11-21 00:40:16,598 basehttp "GET /apps/add_command/ HTTP/1.1" 500 229278
ERROR 2024-11-21 00:44:27,396 log Internal Server Error: /apps/add_command/
Traceback (most recent call last):
  File "C:\workspace\projet\venv\lib\site-packages\django\db\backends\utils.py", line 105, in _execute
    return self.cursor.execute(sql, params)
  File "C:\workspace\projet\venv\lib\site-packages\django\db\backends\mysql\base.py", line 76, in execute
    return self.cursor.execute(query, args)
  File "C:\workspace\projet\venv\lib\site-packages\MySQLdb\cursors.py", line 179, in execute
    res = self._query(mogrified_query)
  File "C:\workspace\projet\venv\lib\site-packages\MySQLdb\cursors.py", line 330, in _query
    db.query(q)
  File "C:\workspace\projet\venv\lib\site-packages\MySQLdb\connections.py", line 261, in query
    _mysql.connection.query(self, query)
MySQLdb.ProgrammingError: (1146, "La table 'django_db.apps_commandline' n'existe pas")

The above exception was the direct cause of the following exception:

Traceback (most recent call last):
  File "C:\workspace\projet\venv\lib\site-packages\django\core\handlers\exception.py", line 55, in inner
    response = get_response(request)
  File "C:\workspace\projet\venv\lib\site-packages\django\core\handlers\base.py", line 197, in _get_response
    response = wrapped_callback(request, *callback_args, **callback_kwargs)
  File "C:\workspace\projet\backend\saleManagment\apps\views.py", line 1296, in add_command
    return render(request, "add_command.html", {
  File "C:\workspace\projet\venv\lib\site-packages\django\shortcuts.py", line 25, in render
    content = loader.render_to_string(template_name, context, request, using=using)
  File "C:\workspace\projet\venv\lib\site-packages\django\template\loader.py", line 62, in render_to_string
    return template.render(context, request)
  File "C:\workspace\projet\venv\lib\site-packages\django\template\backends\django.py", line 107, in render
    return self.template.render(context)
  File "C:\workspace\projet\venv\lib\site-packages\django\template\base.py", line 171, in render
    return self._render(context)
  File "C:\workspace\projet\venv\lib\site-packages\django\template\base.py", line 163, in _render
    return self.nodelist.render(context)
  File "C:\workspace\projet\venv\lib\site-packages\django\template\base.py", line 1008, in render
    return SafeString("".join([node.render_annotated(context) for node in self]))
  File "C:\workspace\projet\venv\lib\site-packages\django\template\base.py", line 1008, in <listcomp>
    return SafeString("".join([node.render_annotated(context) for node in self]))
  File "C:\workspace\projet\venv\lib\site-packages\django\template\base.py", line 969, in render_annotated
    return self.render(context)
  File "C:\workspace\projet\venv\lib\site-packages\django\template\base.py", line 1067, in render
    output = self.filter_expression.resolve(context)
  File "C:\workspace\projet\venv\lib\site-packages\django\template\base.py", line 718, in resolve
    obj = self.var.resolve(context)
  File "C:\workspace\projet\venv\lib\site-packages\django\template\base.py", line 850, in resolve
    value = self._resolve_lookup(context)
  File "C:\workspace\projet\venv\lib\site-packages\django\template\base.py", line 883, in _resolve_lookup
    current = current[bit]
  File "C:\workspace\projet\venv\lib\site-packages\django\forms\formsets.py", line 118, in __getitem__
    return self.forms[index]
  File "C:\workspace\projet\venv\lib\site-packages\django\utils\functional.py", line 47, in __get__
    res = instance.__dict__[self.name] = self.func(instance)
  File "C:\workspace\projet\venv\lib\site-packages\django\forms\formsets.py", line 207, in forms
    for i in range(self.total_form_count())
  File "C:\workspace\projet\venv\lib\site-packages\django\forms\formsets.py", line 182, in total_form_count
    initial_forms = self.initial_form_count()
  File "C:\workspace\projet\venv\lib\site-packages\django\forms\models.py", line 697, in initial_form_count
    return len(self.get_queryset())
  File "C:\workspace\projet\venv\lib\site-packages\django\db\models\query.py", line 382, in __len__
    self._fetch_all()
  File "C:\workspace\projet\venv\lib\site-packages\django\db\models\query.py", line 1928, in _fetch_all
    self._result_cache = list(self._iterable_class(self))
  File "C:\workspace\projet\venv\lib\site-packages\django\db\models\query.py", line 91, in __iter__
    results = compiler.execute_sql(
  File "C:\workspace\projet\venv\lib\site-packages\django\db\models\sql\compiler.py", line 1574, in execute_sql
    cursor.execute(sql, params)
  File "C:\workspace\projet\venv\lib\site-packages\django\db\backends\utils.py", line 122, in execute
    return super().execute(sql, params)
  File "C:\workspace\projet\venv\lib\site-packages\django\db\backends\utils.py", line 79, in execute
    return self._execute_with_wrappers(
  File "C:\workspace\projet\venv\lib\site-packages\django\db\backends\utils.py", line 92, in _execute_with_wrappers
    return executor(sql, params, many, context)
  File "C:\workspace\projet\venv\lib\site-packages\django\db\backends\utils.py", line 100, in _execute
    with self.db.wrap_database_errors:
  File "C:\workspace\projet\venv\lib\site-packages\django\db\utils.py", line 91, in __exit__
    raise dj_exc_value.with_traceback(traceback) from exc_value
  File "C:\workspace\projet\venv\lib\site-packages\django\db\backends\utils.py", line 105, in _execute
    return self.cursor.execute(sql, params)
  File "C:\workspace\projet\venv\lib\site-packages\django\db\backends\mysql\base.py", line 76, in execute
    return self.cursor.execute(query, args)
  File "C:\workspace\projet\venv\lib\site-packages\MySQLdb\cursors.py", line 179, in execute
    res = self._query(mogrified_query)
  File "C:\workspace\projet\venv\lib\site-packages\MySQLdb\cursors.py", line 330, in _query
    db.query(q)
  File "C:\workspace\projet\venv\lib\site-packages\MySQLdb\connections.py", line 261, in query
    _mysql.connection.query(self, query)
django.db.utils.ProgrammingError: (1146, "La table 'django_db.apps_commandline' n'existe pas")
ERROR 2024-11-21 00:44:27,461 basehttp "GET /apps/add_command/ HTTP/1.1" 500 229415
ERROR 2024-11-21 00:44:31,810 log Internal Server Error: /apps/add_command/
Traceback (most recent call last):
  File "C:\workspace\projet\venv\lib\site-packages\django\db\backends\utils.py", line 105, in _execute
    return self.cursor.execute(sql, params)
  File "C:\workspace\projet\venv\lib\site-packages\django\db\backends\mysql\base.py", line 76, in execute
    return self.cursor.execute(query, args)
  File "C:\workspace\projet\venv\lib\site-packages\MySQLdb\cursors.py", line 179, in execute
    res = self._query(mogrified_query)
  File "C:\workspace\projet\venv\lib\site-packages\MySQLdb\cursors.py", line 330, in _query
    db.query(q)
  File "C:\workspace\projet\venv\lib\site-packages\MySQLdb\connections.py", line 261, in query
    _mysql.connection.query(self, query)
MySQLdb.ProgrammingError: (1146, "La table 'django_db.apps_commandline' n'existe pas")

The above exception was the direct cause of the following exception:

Traceback (most recent call last):
  File "C:\workspace\projet\venv\lib\site-packages\django\core\handlers\exception.py", line 55, in inner
    response = get_response(request)
  File "C:\workspace\projet\venv\lib\site-packages\django\core\handlers\base.py", line 197, in _get_response
    response = wrapped_callback(request, *callback_args, **callback_kwargs)
  File "C:\workspace\projet\backend\saleManagment\apps\views.py", line 1296, in add_command
    return render(request, "add_command.html", {
  File "C:\workspace\projet\venv\lib\site-packages\django\shortcuts.py", line 25, in render
    content = loader.render_to_string(template_name, context, request, using=using)
  File "C:\workspace\projet\venv\lib\site-packages\django\template\loader.py", line 62, in render_to_string
    return template.render(context, request)
  File "C:\workspace\projet\venv\lib\site-packages\django\template\backends\django.py", line 107, in render
    return self.template.render(context)
  File "C:\workspace\projet\venv\lib\site-packages\django\template\base.py", line 171, in render
    return self._render(context)
  File "C:\workspace\projet\venv\lib\site-packages\django\template\base.py", line 163, in _render
    return self.nodelist.render(context)
  File "C:\workspace\projet\venv\lib\site-packages\django\template\base.py", line 1008, in render
    return SafeString("".join([node.render_annotated(context) for node in self]))
  File "C:\workspace\projet\venv\lib\site-packages\django\template\base.py", line 1008, in <listcomp>
    return SafeString("".join([node.render_annotated(context) for node in self]))
  File "C:\workspace\projet\venv\lib\site-packages\django\template\base.py", line 969, in render_annotated
    return self.render(context)
  File "C:\workspace\projet\venv\lib\site-packages\django\template\base.py", line 1067, in render
    output = self.filter_expression.resolve(context)
  File "C:\workspace\projet\venv\lib\site-packages\django\template\base.py", line 718, in resolve
    obj = self.var.resolve(context)
  File "C:\workspace\projet\venv\lib\site-packages\django\template\base.py", line 850, in resolve
    value = self._resolve_lookup(context)
  File "C:\workspace\projet\venv\lib\site-packages\django\template\base.py", line 883, in _resolve_lookup
    current = current[bit]
  File "C:\workspace\projet\venv\lib\site-packages\django\forms\formsets.py", line 118, in __getitem__
    return self.forms[index]
  File "C:\workspace\projet\venv\lib\site-packages\django\utils\functional.py", line 47, in __get__
    res = instance.__dict__[self.name] = self.func(instance)
  File "C:\workspace\projet\venv\lib\site-packages\django\forms\formsets.py", line 207, in forms
    for i in range(self.total_form_count())
  File "C:\workspace\projet\venv\lib\site-packages\django\forms\formsets.py", line 182, in total_form_count
    initial_forms = self.initial_form_count()
  File "C:\workspace\projet\venv\lib\site-packages\django\forms\models.py", line 697, in initial_form_count
    return len(self.get_queryset())
  File "C:\workspace\projet\venv\lib\site-packages\django\db\models\query.py", line 382, in __len__
    self._fetch_all()
  File "C:\workspace\projet\venv\lib\site-packages\django\db\models\query.py", line 1928, in _fetch_all
    self._result_cache = list(self._iterable_class(self))
  File "C:\workspace\projet\venv\lib\site-packages\django\db\models\query.py", line 91, in __iter__
    results = compiler.execute_sql(
  File "C:\workspace\projet\venv\lib\site-packages\django\db\models\sql\compiler.py", line 1574, in execute_sql
    cursor.execute(sql, params)
  File "C:\workspace\projet\venv\lib\site-packages\django\db\backends\utils.py", line 122, in execute
    return super().execute(sql, params)
  File "C:\workspace\projet\venv\lib\site-packages\django\db\backends\utils.py", line 79, in execute
    return self._execute_with_wrappers(
  File "C:\workspace\projet\venv\lib\site-packages\django\db\backends\utils.py", line 92, in _execute_with_wrappers
    return executor(sql, params, many, context)
  File "C:\workspace\projet\venv\lib\site-packages\django\db\backends\utils.py", line 100, in _execute
    with self.db.wrap_database_errors:
  File "C:\workspace\projet\venv\lib\site-packages\django\db\utils.py", line 91, in __exit__
    raise dj_exc_value.with_traceback(traceback) from exc_value
  File "C:\workspace\projet\venv\lib\site-packages\django\db\backends\utils.py", line 105, in _execute
    return self.cursor.execute(sql, params)
  File "C:\workspace\projet\venv\lib\site-packages\django\db\backends\mysql\base.py", line 76, in execute
    return self.cursor.execute(query, args)
  File "C:\workspace\projet\venv\lib\site-packages\MySQLdb\cursors.py", line 179, in execute
    res = self._query(mogrified_query)
  File "C:\workspace\projet\venv\lib\site-packages\MySQLdb\cursors.py", line 330, in _query
    db.query(q)
  File "C:\workspace\projet\venv\lib\site-packages\MySQLdb\connections.py", line 261, in query
    _mysql.connection.query(self, query)
django.db.utils.ProgrammingError: (1146, "La table 'django_db.apps_commandline' n'existe pas")
ERROR 2024-11-21 00:44:31,921 basehttp "GET /apps/add_command/ HTTP/1.1" 500 229278
ERROR 2024-11-21 01:20:24,062 log Internal Server Error: /apps/get_command/
Traceback (most recent call last):
  File "C:\workspace\projet\venv\lib\site-packages\django\core\handlers\exception.py", line 55, in inner
    response = get_response(request)
  File "C:\workspace\projet\venv\lib\site-packages\django\core\handlers\base.py", line 197, in _get_response
    response = wrapped_callback(request, *callback_args, **callback_kwargs)
  File "C:\workspace\projet\backend\saleManagment\apps\views.py", line 1311, in get_command
    return render(request, 'command_detail.html', {'commands': commands})
  File "C:\workspace\projet\venv\lib\site-packages\django\shortcuts.py", line 25, in render
    content = loader.render_to_string(template_name, context, request, using=using)
  File "C:\workspace\projet\venv\lib\site-packages\django\template\loader.py", line 62, in render_to_string
    return template.render(context, request)
  File "C:\workspace\projet\venv\lib\site-packages\django\template\backends\django.py", line 107, in render
    return self.template.render(context)
  File "C:\workspace\projet\venv\lib\site-packages\django\template\base.py", line 171, in render
    return self._render(context)
  File "C:\workspace\projet\venv\lib\site-packages\django\template\base.py", line 163, in _render
    return self.nodelist.render(context)
  File "C:\workspace\projet\venv\lib\site-packages\django\template\base.py", line 1008, in render
    return SafeString("".join([node.render_annotated(context) for node in self]))
  File "C:\workspace\projet\venv\lib\site-packages\django\template\base.py", line 1008, in <listcomp>
    return SafeString("".join([node.render_annotated(context) for node in self]))
  File "C:\workspace\projet\venv\lib\site-packages\django\template\base.py", line 969, in render_annotated
    return self.render(context)
  File "C:\workspace\projet\venv\lib\site-packages\django\template\defaulttags.py", line 243, in render
    nodelist.append(node.render_annotated(context))
  File "C:\workspace\projet\venv\lib\site-packages\django\template\base.py", line 969, in render_annotated
    return self.render(context)
  File "C:\workspace\projet\venv\lib\site-packages\django\template\defaulttags.py", line 480, in render
    url = reverse(view_name, args=args, kwargs=kwargs, current_app=current_app)
  File "C:\workspace\projet\venv\lib\site-packages\django\urls\base.py", line 88, in reverse
    return resolver._reverse_with_prefix(view, prefix, *args, **kwargs)
  File "C:\workspace\projet\venv\lib\site-packages\django\urls\resolvers.py", line 831, in _reverse_with_prefix
    raise NoReverseMatch(msg)
django.urls.exceptions.NoReverseMatch: Reverse for 'update_command' with arguments '('',)' not found. 1 pattern(s) tried: ['apps/update_command/(?P<pk>[0-9]+)/\\Z']
ERROR 2024-11-21 01:20:24,084 basehttp "GET /apps/get_command/ HTTP/1.1" 500 139812
ERROR 2024-11-21 01:24:49,289 log Internal Server Error: /apps/get_command/
Traceback (most recent call last):
  File "C:\workspace\projet\venv\lib\site-packages\django\core\handlers\exception.py", line 55, in inner
    response = get_response(request)
  File "C:\workspace\projet\venv\lib\site-packages\django\core\handlers\base.py", line 197, in _get_response
    response = wrapped_callback(request, *callback_args, **callback_kwargs)
  File "C:\workspace\projet\backend\saleManagment\apps\views.py", line 1311, in get_command
    return render(request, 'command_detail.html', {'commands': commands})
  File "C:\workspace\projet\venv\lib\site-packages\django\shortcuts.py", line 25, in render
    content = loader.render_to_string(template_name, context, request, using=using)
  File "C:\workspace\projet\venv\lib\site-packages\django\template\loader.py", line 62, in render_to_string
    return template.render(context, request)
  File "C:\workspace\projet\venv\lib\site-packages\django\template\backends\django.py", line 107, in render
    return self.template.render(context)
  File "C:\workspace\projet\venv\lib\site-packages\django\template\base.py", line 171, in render
    return self._render(context)
  File "C:\workspace\projet\venv\lib\site-packages\django\template\base.py", line 163, in _render
    return self.nodelist.render(context)
  File "C:\workspace\projet\venv\lib\site-packages\django\template\base.py", line 1008, in render
    return SafeString("".join([node.render_annotated(context) for node in self]))
  File "C:\workspace\projet\venv\lib\site-packages\django\template\base.py", line 1008, in <listcomp>
    return SafeString("".join([node.render_annotated(context) for node in self]))
  File "C:\workspace\projet\venv\lib\site-packages\django\template\base.py", line 969, in render_annotated
    return self.render(context)
  File "C:\workspace\projet\venv\lib\site-packages\django\template\defaulttags.py", line 243, in render
    nodelist.append(node.render_annotated(context))
  File "C:\workspace\projet\venv\lib\site-packages\django\template\base.py", line 969, in render_annotated
    return self.render(context)
  File "C:\workspace\projet\venv\lib\site-packages\django\template\defaulttags.py", line 480, in render
    url = reverse(view_name, args=args, kwargs=kwargs, current_app=current_app)
  File "C:\workspace\projet\venv\lib\site-packages\django\urls\base.py", line 88, in reverse
    return resolver._reverse_with_prefix(view, prefix, *args, **kwargs)
  File "C:\workspace\projet\venv\lib\site-packages\django\urls\resolvers.py", line 831, in _reverse_with_prefix
    raise NoReverseMatch(msg)
django.urls.exceptions.NoReverseMatch: Reverse for 'update_command' with arguments '('',)' not found. 1 pattern(s) tried: ['apps/update_command/(?P<pk>[0-9]+)/\\Z']
ERROR 2024-11-21 01:24:49,303 basehttp "GET /apps/get_command/ HTTP/1.1" 500 141048
ERROR 2024-11-21 11:50:53,487 log Internal Server Error: /apps/update_command/1/
ERROR 2024-11-21 11:50:53,489 basehttp "POST /apps/update_command/1/ HTTP/1.1" 500 115
ERROR 2024-11-21 15:49:07,851 log Internal Server Error: /apps/addretour
Traceback (most recent call last):
  File "C:\workspace\projet\venv\lib\site-packages\django\core\handlers\exception.py", line 55, in inner
    response = get_response(request)
  File "C:\workspace\projet\venv\lib\site-packages\django\core\handlers\base.py", line 197, in _get_response
    response = wrapped_callback(request, *callback_args, **callback_kwargs)
  File "C:\workspace\projet\backend\saleManagment\apps\views.py", line 265, in add_retour
    return render(request, 'add_retour.html', {
  File "C:\workspace\projet\venv\lib\site-packages\django\shortcuts.py", line 25, in render
    content = loader.render_to_string(template_name, context, request, using=using)
  File "C:\workspace\projet\venv\lib\site-packages\django\template\loader.py", line 61, in render_to_string
    template = get_template(template_name, using=using)
  File "C:\workspace\projet\venv\lib\site-packages\django\template\loader.py", line 19, in get_template
    raise TemplateDoesNotExist(template_name, chain=chain)
django.template.exceptions.TemplateDoesNotExist: add_retour.html
ERROR 2024-11-21 15:49:07,888 basehttp "GET /apps/addretour HTTP/1.1" 500 85650
ERROR 2024-11-21 21:41:33,222 log Internal Server Error: /apps/stock
Traceback (most recent call last):
  File "C:\workspace\projet\venv\lib\site-packages\django\core\handlers\exception.py", line 55, in inner
    response = get_response(request)
  File "C:\workspace\projet\venv\lib\site-packages\django\core\handlers\base.py", line 197, in _get_response
    response = wrapped_callback(request, *callback_args, **callback_kwargs)
  File "C:\workspace\projet\backend\saleManagment\apps\views.py", line 1171, in stock
    return render(request,"stock.html")
  File "C:\workspace\projet\venv\lib\site-packages\django\shortcuts.py", line 25, in render
    content = loader.render_to_string(template_name, context, request, using=using)
  File "C:\workspace\projet\venv\lib\site-packages\django\template\loader.py", line 62, in render_to_string
    return template.render(context, request)
  File "C:\workspace\projet\venv\lib\site-packages\django\template\backends\django.py", line 107, in render
    return self.template.render(context)
  File "C:\workspace\projet\venv\lib\site-packages\django\template\base.py", line 171, in render
    return self._render(context)
  File "C:\workspace\projet\venv\lib\site-packages\django\template\base.py", line 163, in _render
    return self.nodelist.render(context)
  File "C:\workspace\projet\venv\lib\site-packages\django\template\base.py", line 1008, in render
    return SafeString("".join([node.render_annotated(context) for node in self]))
  File "C:\workspace\projet\venv\lib\site-packages\django\template\base.py", line 1008, in <listcomp>
    return SafeString("".join([node.render_annotated(context) for node in self]))
  File "C:\workspace\projet\venv\lib\site-packages\django\template\base.py", line 969, in render_annotated
    return self.render(context)
  File "C:\workspace\projet\venv\lib\site-packages\django\template\defaulttags.py", line 480, in render
    url = reverse(view_name, args=args, kwargs=kwargs, current_app=current_app)
  File "C:\workspace\projet\venv\lib\site-packages\django\urls\base.py", line 88, in reverse
    return resolver._reverse_with_prefix(view, prefix, *args, **kwargs)
  File "C:\workspace\projet\venv\lib\site-packages\django\urls\resolvers.py", line 831, in _reverse_with_prefix
    raise NoReverseMatch(msg)
django.urls.exceptions.NoReverseMatch: Reverse for 'deleteproduct' with no arguments not found. 1 pattern(s) tried: ['apps/product/delete/(?P<item>[0-9]+)/\\Z']
ERROR 2024-11-21 21:41:33,253 basehttp "GET /apps/stock HTTP/1.1" 500 125344
ERROR 2024-11-21 21:44:37,537 log Internal Server Error: /apps/stock
Traceback (most recent call last):
  File "C:\workspace\projet\venv\lib\site-packages\django\core\handlers\exception.py", line 55, in inner
    response = get_response(request)
  File "C:\workspace\projet\venv\lib\site-packages\django\core\handlers\base.py", line 197, in _get_response
    response = wrapped_callback(request, *callback_args, **callback_kwargs)
  File "C:\workspace\projet\backend\saleManagment\apps\views.py", line 1171, in stock
    return render(request,"stock.html")
  File "C:\workspace\projet\venv\lib\site-packages\django\shortcuts.py", line 25, in render
    content = loader.render_to_string(template_name, context, request, using=using)
  File "C:\workspace\projet\venv\lib\site-packages\django\template\loader.py", line 62, in render_to_string
    return template.render(context, request)
  File "C:\workspace\projet\venv\lib\site-packages\django\template\backends\django.py", line 107, in render
    return self.template.render(context)
  File "C:\workspace\projet\venv\lib\site-packages\django\template\base.py", line 171, in render
    return self._render(context)
  File "C:\workspace\projet\venv\lib\site-packages\django\template\base.py", line 163, in _render
    return self.nodelist.render(context)
  File "C:\workspace\projet\venv\lib\site-packages\django\template\base.py", line 1008, in render
    return SafeString("".join([node.render_annotated(context) for node in self]))
  File "C:\workspace\projet\venv\lib\site-packages\django\template\base.py", line 1008, in <listcomp>
    return SafeString("".join([node.render_annotated(context) for node in self]))
  File "C:\workspace\projet\venv\lib\site-packages\django\template\base.py", line 969, in render_annotated
    return self.render(context)
  File "C:\workspace\projet\venv\lib\site-packages\django\template\defaulttags.py", line 480, in render
    url = reverse(view_name, args=args, kwargs=kwargs, current_app=current_app)
  File "C:\workspace\projet\venv\lib\site-packages\django\urls\base.py", line 88, in reverse
    return resolver._reverse_with_prefix(view, prefix, *args, **kwargs)
  File "C:\workspace\projet\venv\lib\site-packages\django\urls\resolvers.py", line 831, in _reverse_with_prefix
    raise NoReverseMatch(msg)
django.urls.exceptions.NoReverseMatch: Reverse for 'deleteproduct' with no arguments not found. 1 pattern(s) tried: ['apps/product/delete/(?P<item>[0-9]+)/\\Z']
ERROR 2024-11-21 21:44:37,558 basehttp "GET /apps/stock HTTP/1.1" 500 125348
ERROR 2024-11-21 21:45:22,067 log Internal Server Error: /apps/stock
Traceback (most recent call last):
  File "C:\workspace\projet\venv\lib\site-packages\django\core\handlers\exception.py", line 55, in inner
    response = get_response(request)
  File "C:\workspace\projet\venv\lib\site-packages\django\core\handlers\base.py", line 197, in _get_response
    response = wrapped_callback(request, *callback_args, **callback_kwargs)
  File "C:\workspace\projet\backend\saleManagment\apps\views.py", line 1171, in stock
    return render(request,"stock.html")
  File "C:\workspace\projet\venv\lib\site-packages\django\shortcuts.py", line 25, in render
    content = loader.render_to_string(template_name, context, request, using=using)
  File "C:\workspace\projet\venv\lib\site-packages\django\template\loader.py", line 62, in render_to_string
    return template.render(context, request)
  File "C:\workspace\projet\venv\lib\site-packages\django\template\backends\django.py", line 107, in render
    return self.template.render(context)
  File "C:\workspace\projet\venv\lib\site-packages\django\template\base.py", line 171, in render
    return self._render(context)
  File "C:\workspace\projet\venv\lib\site-packages\django\template\base.py", line 163, in _render
    return self.nodelist.render(context)
  File "C:\workspace\projet\venv\lib\site-packages\django\template\base.py", line 1008, in render
    return SafeString("".join([node.render_annotated(context) for node in self]))
  File "C:\workspace\projet\venv\lib\site-packages\django\template\base.py", line 1008, in <listcomp>
    return SafeString("".join([node.render_annotated(context) for node in self]))
  File "C:\workspace\projet\venv\lib\site-packages\django\template\base.py", line 969, in render_annotated
    return self.render(context)
  File "C:\workspace\projet\venv\lib\site-packages\django\template\defaulttags.py", line 480, in render
    url = reverse(view_name, args=args, kwargs=kwargs, current_app=current_app)
  File "C:\workspace\projet\venv\lib\site-packages\django\urls\base.py", line 88, in reverse
    return resolver._reverse_with_prefix(view, prefix, *args, **kwargs)
  File "C:\workspace\projet\venv\lib\site-packages\django\urls\resolvers.py", line 831, in _reverse_with_prefix
    raise NoReverseMatch(msg)
django.urls.exceptions.NoReverseMatch: Reverse for 'deleteproduct' not found. 'deleteproduct' is not a valid view function or pattern name.
ERROR 2024-11-21 21:45:22,087 basehttp "GET /apps/stock HTTP/1.1" 500 123612
ERROR 2024-11-21 21:45:24,032 log Internal Server Error: /apps/stock
Traceback (most recent call last):
  File "C:\workspace\projet\venv\lib\site-packages\django\core\handlers\exception.py", line 55, in inner
    response = get_response(request)
  File "C:\workspace\projet\venv\lib\site-packages\django\core\handlers\base.py", line 197, in _get_response
    response = wrapped_callback(request, *callback_args, **callback_kwargs)
  File "C:\workspace\projet\backend\saleManagment\apps\views.py", line 1171, in stock
    return render(request,"stock.html")
  File "C:\workspace\projet\venv\lib\site-packages\django\shortcuts.py", line 25, in render
    content = loader.render_to_string(template_name, context, request, using=using)
  File "C:\workspace\projet\venv\lib\site-packages\django\template\loader.py", line 62, in render_to_string
    return template.render(context, request)
  File "C:\workspace\projet\venv\lib\site-packages\django\template\backends\django.py", line 107, in render
    return self.template.render(context)
  File "C:\workspace\projet\venv\lib\site-packages\django\template\base.py", line 171, in render
    return self._render(context)
  File "C:\workspace\projet\venv\lib\site-packages\django\template\base.py", line 163, in _render
    return self.nodelist.render(context)
  File "C:\workspace\projet\venv\lib\site-packages\django\template\base.py", line 1008, in render
    return SafeString("".join([node.render_annotated(context) for node in self]))
  File "C:\workspace\projet\venv\lib\site-packages\django\template\base.py", line 1008, in <listcomp>
    return SafeString("".join([node.render_annotated(context) for node in self]))
  File "C:\workspace\projet\venv\lib\site-packages\django\template\base.py", line 969, in render_annotated
    return self.render(context)
  File "C:\workspace\projet\venv\lib\site-packages\django\template\defaulttags.py", line 480, in render
    url = reverse(view_name, args=args, kwargs=kwargs, current_app=current_app)
  File "C:\workspace\projet\venv\lib\site-packages\django\urls\base.py", line 88, in reverse
    return resolver._reverse_with_prefix(view, prefix, *args, **kwargs)
  File "C:\workspace\projet\venv\lib\site-packages\django\urls\resolvers.py", line 831, in _reverse_with_prefix
    raise NoReverseMatch(msg)
django.urls.exceptions.NoReverseMatch: Reverse for 'deleteproduct' not found. 'deleteproduct' is not a valid view function or pattern name.
ERROR 2024-11-21 21:45:24,047 basehttp "GET /apps/stock HTTP/1.1" 500 123612
ERROR 2024-11-21 21:52:02,315 log Internal Server Error: /apps/stock
Traceback (most recent call last):
  File "C:\workspace\projet\venv\lib\site-packages\django\core\handlers\exception.py", line 55, in inner
    response = get_response(request)
  File "C:\workspace\projet\venv\lib\site-packages\django\core\handlers\base.py", line 197, in _get_response
    response = wrapped_callback(request, *callback_args, **callback_kwargs)
  File "C:\workspace\projet\backend\saleManagment\apps\views.py", line 1170, in stock
    return render(request,"stock.html")
  File "C:\workspace\projet\venv\lib\site-packages\django\shortcuts.py", line 25, in render
    content = loader.render_to_string(template_name, context, request, using=using)
  File "C:\workspace\projet\venv\lib\site-packages\django\template\loader.py", line 62, in render_to_string
    return template.render(context, request)
  File "C:\workspace\projet\venv\lib\site-packages\django\template\backends\django.py", line 107, in render
    return self.template.render(context)
  File "C:\workspace\projet\venv\lib\site-packages\django\template\base.py", line 171, in render
    return self._render(context)
  File "C:\workspace\projet\venv\lib\site-packages\django\template\base.py", line 163, in _render
    return self.nodelist.render(context)
  File "C:\workspace\projet\venv\lib\site-packages\django\template\base.py", line 1008, in render
    return SafeString("".join([node.render_annotated(context) for node in self]))
  File "C:\workspace\projet\venv\lib\site-packages\django\template\base.py", line 1008, in <listcomp>
    return SafeString("".join([node.render_annotated(context) for node in self]))
  File "C:\workspace\projet\venv\lib\site-packages\django\template\base.py", line 969, in render_annotated
    return self.render(context)
  File "C:\workspace\projet\venv\lib\site-packages\django\template\defaulttags.py", line 480, in render
    url = reverse(view_name, args=args, kwargs=kwargs, current_app=current_app)
  File "C:\workspace\projet\venv\lib\site-packages\django\urls\base.py", line 88, in reverse
    return resolver._reverse_with_prefix(view, prefix, *args, **kwargs)
  File "C:\workspace\projet\venv\lib\site-packages\django\urls\resolvers.py", line 831, in _reverse_with_prefix
    raise NoReverseMatch(msg)
django.urls.exceptions.NoReverseMatch: Reverse for 'deleteproduct' not found. 'deleteproduct' is not a valid view function or pattern name.
ERROR 2024-11-21 21:52:02,336 basehttp "GET /apps/stock HTTP/1.1" 500 123612
ERROR 2024-11-21 21:53:00,095 log Internal Server Error: /apps/stock
Traceback (most recent call last):
  File "C:\workspace\projet\venv\lib\site-packages\django\core\handlers\exception.py", line 55, in inner
    response = get_response(request)
  File "C:\workspace\projet\venv\lib\site-packages\django\core\handlers\base.py", line 197, in _get_response
    response = wrapped_callback(request, *callback_args, **callback_kwargs)
  File "C:\workspace\projet\backend\saleManagment\apps\views.py", line 1170, in stock
    return render(request,"stock.html")
  File "C:\workspace\projet\venv\lib\site-packages\django\shortcuts.py", line 25, in render
    content = loader.render_to_string(template_name, context, request, using=using)
  File "C:\workspace\projet\venv\lib\site-packages\django\template\loader.py", line 62, in render_to_string
    return template.render(context, request)
  File "C:\workspace\projet\venv\lib\site-packages\django\template\backends\django.py", line 107, in render
    return self.template.render(context)
  File "C:\workspace\projet\venv\lib\site-packages\django\template\base.py", line 171, in render
    return self._render(context)
  File "C:\workspace\projet\venv\lib\site-packages\django\template\base.py", line 163, in _render
    return self.nodelist.render(context)
  File "C:\workspace\projet\venv\lib\site-packages\django\template\base.py", line 1008, in render
    return SafeString("".join([node.render_annotated(context) for node in self]))
  File "C:\workspace\projet\venv\lib\site-packages\django\template\base.py", line 1008, in <listcomp>
    return SafeString("".join([node.render_annotated(context) for node in self]))
  File "C:\workspace\projet\venv\lib\site-packages\django\template\base.py", line 969, in render_annotated
    return self.render(context)
  File "C:\workspace\projet\venv\lib\site-packages\django\template\defaulttags.py", line 480, in render
    url = reverse(view_name, args=args, kwargs=kwargs, current_app=current_app)
  File "C:\workspace\projet\venv\lib\site-packages\django\urls\base.py", line 88, in reverse
    return resolver._reverse_with_prefix(view, prefix, *args, **kwargs)
  File "C:\workspace\projet\venv\lib\site-packages\django\urls\resolvers.py", line 831, in _reverse_with_prefix
    raise NoReverseMatch(msg)
django.urls.exceptions.NoReverseMatch: Reverse for 'deleteproduct' not found. 'deleteproduct' is not a valid view function or pattern name.
ERROR 2024-11-21 21:53:00,118 basehttp "GET /apps/stock HTTP/1.1" 500 123612
ERROR 2024-11-21 21:53:37,889 log Internal Server Error: /apps/stock
Traceback (most recent call last):
  File "C:\workspace\projet\venv\lib\site-packages\django\core\handlers\exception.py", line 55, in inner
    response = get_response(request)
  File "C:\workspace\projet\venv\lib\site-packages\django\core\handlers\base.py", line 197, in _get_response
    response = wrapped_callback(request, *callback_args, **callback_kwargs)
  File "C:\workspace\projet\backend\saleManagment\apps\views.py", line 1170, in stock
    return render(request,"stock.html")
  File "C:\workspace\projet\venv\lib\site-packages\django\shortcuts.py", line 25, in render
    content = loader.render_to_string(template_name, context, request, using=using)
  File "C:\workspace\projet\venv\lib\site-packages\django\template\loader.py", line 62, in render_to_string
    return template.render(context, request)
  File "C:\workspace\projet\venv\lib\site-packages\django\template\backends\django.py", line 107, in render
    return self.template.render(context)
  File "C:\workspace\projet\venv\lib\site-packages\django\template\base.py", line 171, in render
    return self._render(context)
  File "C:\workspace\projet\venv\lib\site-packages\django\template\base.py", line 163, in _render
    return self.nodelist.render(context)
  File "C:\workspace\projet\venv\lib\site-packages\django\template\base.py", line 1008, in render
    return SafeString("".join([node.render_annotated(context) for node in self]))
  File "C:\workspace\projet\venv\lib\site-packages\django\template\base.py", line 1008, in <listcomp>
    return SafeString("".join([node.render_annotated(context) for node in self]))
  File "C:\workspace\projet\venv\lib\site-packages\django\template\base.py", line 969, in render_annotated
    return self.render(context)
  File "C:\workspace\projet\venv\lib\site-packages\django\template\defaulttags.py", line 480, in render
    url = reverse(view_name, args=args, kwargs=kwargs, current_app=current_app)
  File "C:\workspace\projet\venv\lib\site-packages\django\urls\base.py", line 88, in reverse
    return resolver._reverse_with_prefix(view, prefix, *args, **kwargs)
  File "C:\workspace\projet\venv\lib\site-packages\django\urls\resolvers.py", line 831, in _reverse_with_prefix
    raise NoReverseMatch(msg)
django.urls.exceptions.NoReverseMatch: Reverse for 'deleteproduct' not found. 'deleteproduct' is not a valid view function or pattern name.
ERROR 2024-11-21 21:53:37,913 basehttp "GET /apps/stock HTTP/1.1" 500 123612
ERROR 2024-11-21 21:53:39,126 log Internal Server Error: /apps/stock
Traceback (most recent call last):
  File "C:\workspace\projet\venv\lib\site-packages\django\core\handlers\exception.py", line 55, in inner
    response = get_response(request)
  File "C:\workspace\projet\venv\lib\site-packages\django\core\handlers\base.py", line 197, in _get_response
    response = wrapped_callback(request, *callback_args, **callback_kwargs)
  File "C:\workspace\projet\backend\saleManagment\apps\views.py", line 1170, in stock
    return render(request,"stock.html")
  File "C:\workspace\projet\venv\lib\site-packages\django\shortcuts.py", line 25, in render
    content = loader.render_to_string(template_name, context, request, using=using)
  File "C:\workspace\projet\venv\lib\site-packages\django\template\loader.py", line 62, in render_to_string
    return template.render(context, request)
  File "C:\workspace\projet\venv\lib\site-packages\django\template\backends\django.py", line 107, in render
    return self.template.render(context)
  File "C:\workspace\projet\venv\lib\site-packages\django\template\base.py", line 171, in render
    return self._render(context)
  File "C:\workspace\projet\venv\lib\site-packages\django\template\base.py", line 163, in _render
    return self.nodelist.render(context)
  File "C:\workspace\projet\venv\lib\site-packages\django\template\base.py", line 1008, in render
    return SafeString("".join([node.render_annotated(context) for node in self]))
  File "C:\workspace\projet\venv\lib\site-packages\django\template\base.py", line 1008, in <listcomp>
    return SafeString("".join([node.render_annotated(context) for node in self]))
  File "C:\workspace\projet\venv\lib\site-packages\django\template\base.py", line 969, in render_annotated
    return self.render(context)
  File "C:\workspace\projet\venv\lib\site-packages\django\template\defaulttags.py", line 480, in render
    url = reverse(view_name, args=args, kwargs=kwargs, current_app=current_app)
  File "C:\workspace\projet\venv\lib\site-packages\django\urls\base.py", line 88, in reverse
    return resolver._reverse_with_prefix(view, prefix, *args, **kwargs)
  File "C:\workspace\projet\venv\lib\site-packages\django\urls\resolvers.py", line 831, in _reverse_with_prefix
    raise NoReverseMatch(msg)
django.urls.exceptions.NoReverseMatch: Reverse for 'deleteproduct' not found. 'deleteproduct' is not a valid view function or pattern name.
ERROR 2024-11-21 21:53:39,145 basehttp "GET /apps/stock HTTP/1.1" 500 123612
ERROR 2024-11-21 21:54:43,781 log Internal Server Error: /apps/stock
Traceback (most recent call last):
  File "C:\workspace\projet\venv\lib\site-packages\django\core\handlers\exception.py", line 55, in inner
    response = get_response(request)
  File "C:\workspace\projet\venv\lib\site-packages\django\core\handlers\base.py", line 197, in _get_response
    response = wrapped_callback(request, *callback_args, **callback_kwargs)
  File "C:\workspace\projet\backend\saleManagment\apps\views.py", line 1170, in stock
    return render(request,"stock.html")
  File "C:\workspace\projet\venv\lib\site-packages\django\shortcuts.py", line 25, in render
    content = loader.render_to_string(template_name, context, request, using=using)
  File "C:\workspace\projet\venv\lib\site-packages\django\template\loader.py", line 62, in render_to_string
    return template.render(context, request)
  File "C:\workspace\projet\venv\lib\site-packages\django\template\backends\django.py", line 107, in render
    return self.template.render(context)
  File "C:\workspace\projet\venv\lib\site-packages\django\template\base.py", line 171, in render
    return self._render(context)
  File "C:\workspace\projet\venv\lib\site-packages\django\template\base.py", line 163, in _render
    return self.nodelist.render(context)
  File "C:\workspace\projet\venv\lib\site-packages\django\template\base.py", line 1008, in render
    return SafeString("".join([node.render_annotated(context) for node in self]))
  File "C:\workspace\projet\venv\lib\site-packages\django\template\base.py", line 1008, in <listcomp>
    return SafeString("".join([node.render_annotated(context) for node in self]))
  File "C:\workspace\projet\venv\lib\site-packages\django\template\base.py", line 969, in render_annotated
    return self.render(context)
  File "C:\workspace\projet\venv\lib\site-packages\django\template\defaulttags.py", line 480, in render
    url = reverse(view_name, args=args, kwargs=kwargs, current_app=current_app)
  File "C:\workspace\projet\venv\lib\site-packages\django\urls\base.py", line 88, in reverse
    return resolver._reverse_with_prefix(view, prefix, *args, **kwargs)
  File "C:\workspace\projet\venv\lib\site-packages\django\urls\resolvers.py", line 831, in _reverse_with_prefix
    raise NoReverseMatch(msg)
django.urls.exceptions.NoReverseMatch: Reverse for 'deleteproduct' not found. 'deleteproduct' is not a valid view function or pattern name.
ERROR 2024-11-21 21:54:43,795 basehttp "GET /apps/stock HTTP/1.1" 500 123612
ERROR 2024-11-21 21:55:28,057 log Internal Server Error: /apps/allproducts.html
Traceback (most recent call last):
  File "C:\workspace\projet\venv\lib\site-packages\django\core\handlers\exception.py", line 55, in inner
    response = get_response(request)
  File "C:\workspace\projet\venv\lib\site-packages\django\core\handlers\base.py", line 197, in _get_response
    response = wrapped_callback(request, *callback_args, **callback_kwargs)
  File "C:\workspace\projet\backend\saleManagment\apps\views.py", line 478, in all_items
    return render(request, 'allproducts.html', {'items': items, 'itemvariants': itemvariants})
  File "C:\workspace\projet\venv\lib\site-packages\django\shortcuts.py", line 25, in render
    content = loader.render_to_string(template_name, context, request, using=using)
  File "C:\workspace\projet\venv\lib\site-packages\django\template\loader.py", line 62, in render_to_string
    return template.render(context, request)
  File "C:\workspace\projet\venv\lib\site-packages\django\template\backends\django.py", line 107, in render
    return self.template.render(context)
  File "C:\workspace\projet\venv\lib\site-packages\django\template\base.py", line 171, in render
    return self._render(context)
  File "C:\workspace\projet\venv\lib\site-packages\django\template\base.py", line 163, in _render
    return self.nodelist.render(context)
  File "C:\workspace\projet\venv\lib\site-packages\django\template\base.py", line 1008, in render
    return SafeString("".join([node.render_annotated(context) for node in self]))
  File "C:\workspace\projet\venv\lib\site-packages\django\template\base.py", line 1008, in <listcomp>
    return SafeString("".join([node.render_annotated(context) for node in self]))
  File "C:\workspace\projet\venv\lib\site-packages\django\template\base.py", line 969, in render_annotated
    return self.render(context)
  File "C:\workspace\projet\venv\lib\site-packages\django\template\defaulttags.py", line 480, in render
    url = reverse(view_name, args=args, kwargs=kwargs, current_app=current_app)
  File "C:\workspace\projet\venv\lib\site-packages\django\urls\base.py", line 88, in reverse
    return resolver._reverse_with_prefix(view, prefix, *args, **kwargs)
  File "C:\workspace\projet\venv\lib\site-packages\django\urls\resolvers.py", line 831, in _reverse_with_prefix
    raise NoReverseMatch(msg)
django.urls.exceptions.NoReverseMatch: Reverse for 'deletevariant' not found. 'deletevariant' is not a valid view function or pattern name.
ERROR 2024-11-21 21:55:28,072 basehttp "GET /apps/allproducts.html HTTP/1.1" 500 135836
ERROR 2024-11-21 21:56:53,379 log Internal Server Error: /apps/product_delete/7/
Traceback (most recent call last):
  File "C:\workspace\projet\backend\saleManagment\apps\views.py", line 1003, in product_delete
    product = item.objects.get(item=item)
AttributeError: 'int' object has no attribute 'objects'

During handling of the above exception, another exception occurred:

Traceback (most recent call last):
  File "C:\workspace\projet\venv\lib\site-packages\django\core\handlers\exception.py", line 55, in inner
    response = get_response(request)
  File "C:\workspace\projet\venv\lib\site-packages\django\core\handlers\base.py", line 197, in _get_response
    response = wrapped_callback(request, *callback_args, **callback_kwargs)
  File "C:\workspace\projet\backend\saleManagment\apps\views.py", line 1006, in product_delete
    except item.DoesNotExist:
AttributeError: 'int' object has no attribute 'DoesNotExist'
ERROR 2024-11-21 21:56:53,388 basehttp "GET /apps/product_delete/7/ HTTP/1.1" 500 72931
ERROR 2024-11-21 22:00:01,908 log Internal Server Error: /apps/product_delete/7/
Traceback (most recent call last):
  File "C:\workspace\projet\backend\saleManagment\apps\views.py", line 1003, in product_delete
    product = get_object_or_404(item, pk=item)  # Query the database using the model
  File "C:\workspace\projet\venv\lib\site-packages\django\shortcuts.py", line 81, in get_object_or_404
    raise ValueError(
ValueError: First argument to get_object_or_404() must be a Model, Manager, or QuerySet, not 'int'.

During handling of the above exception, another exception occurred:

Traceback (most recent call last):
  File "C:\workspace\projet\venv\lib\site-packages\django\core\handlers\exception.py", line 55, in inner
    response = get_response(request)
  File "C:\workspace\projet\venv\lib\site-packages\django\core\handlers\base.py", line 197, in _get_response
    response = wrapped_callback(request, *callback_args, **callback_kwargs)
  File "C:\workspace\projet\backend\saleManagment\apps\views.py", line 1006, in product_delete
    except item.DoesNotExist:  # Handle the case where the product does not exist
AttributeError: 'int' object has no attribute 'DoesNotExist'
ERROR 2024-11-21 22:00:01,920 basehttp "GET /apps/product_delete/7/ HTTP/1.1" 500 77770
ERROR 2024-11-21 22:09:05,567 log Internal Server Error: /apps/product_delete/7/
Traceback (most recent call last):
  File "C:\workspace\projet\backend\saleManagment\apps\views.py", line 1004, in product_delete
    item = item.objects.get(item=item)
AttributeError: 'int' object has no attribute 'objects'

During handling of the above exception, another exception occurred:

Traceback (most recent call last):
  File "C:\workspace\projet\venv\lib\site-packages\django\core\handlers\exception.py", line 55, in inner
    response = get_response(request)
  File "C:\workspace\projet\venv\lib\site-packages\django\core\handlers\base.py", line 197, in _get_response
    response = wrapped_callback(request, *callback_args, **callback_kwargs)
  File "C:\workspace\projet\backend\saleManagment\apps\views.py", line 1007, in product_delete
    except item.DoesNotExist:
AttributeError: 'int' object has no attribute 'DoesNotExist'
ERROR 2024-11-21 22:09:05,586 basehttp "GET /apps/product_delete/7/ HTTP/1.1" 500 73042
ERROR 2024-11-21 22:09:12,470 log Internal Server Error: /apps/product_delete/7/
Traceback (most recent call last):
  File "C:\workspace\projet\backend\saleManagment\apps\views.py", line 1004, in product_delete
    item = item.objects.get(item=item)
AttributeError: 'int' object has no attribute 'objects'

During handling of the above exception, another exception occurred:

Traceback (most recent call last):
  File "C:\workspace\projet\venv\lib\site-packages\django\core\handlers\exception.py", line 55, in inner
    response = get_response(request)
  File "C:\workspace\projet\venv\lib\site-packages\django\core\handlers\base.py", line 197, in _get_response
    response = wrapped_callback(request, *callback_args, **callback_kwargs)
  File "C:\workspace\projet\backend\saleManagment\apps\views.py", line 1007, in product_delete
    except item.DoesNotExist:
AttributeError: 'int' object has no attribute 'DoesNotExist'
ERROR 2024-11-21 22:09:12,479 basehttp "GET /apps/product_delete/7/ HTTP/1.1" 500 72905
ERROR 2024-11-21 22:11:28,071 log Internal Server Error: /apps/product_delete/7/
Traceback (most recent call last):
  File "C:\workspace\projet\venv\lib\site-packages\django\core\handlers\exception.py", line 55, in inner
    response = get_response(request)
  File "C:\workspace\projet\venv\lib\site-packages\django\core\handlers\base.py", line 197, in _get_response
    response = wrapped_callback(request, *callback_args, **callback_kwargs)
TypeError: product_delete() got an unexpected keyword argument 'item'
ERROR 2024-11-21 22:11:28,081 basehttp "GET /apps/product_delete/7/ HTTP/1.1" 500 65259
ERROR 2024-11-21 22:12:44,801 log Internal Server Error: /apps/product_delete/7/
Traceback (most recent call last):
  File "C:\workspace\projet\backend\saleManagment\apps\views.py", line 1004, in product_delete
    item = item.objects.get(item_id=item_id)
UnboundLocalError: local variable 'item' referenced before assignment

During handling of the above exception, another exception occurred:

Traceback (most recent call last):
  File "C:\workspace\projet\venv\lib\site-packages\django\core\handlers\exception.py", line 55, in inner
    response = get_response(request)
  File "C:\workspace\projet\venv\lib\site-packages\django\core\handlers\base.py", line 197, in _get_response
    response = wrapped_callback(request, *callback_args, **callback_kwargs)
  File "C:\workspace\projet\backend\saleManagment\apps\views.py", line 1007, in product_delete
    except item.DoesNotExist:
UnboundLocalError: local variable 'item' referenced before assignment
ERROR 2024-11-21 22:12:44,814 basehttp "GET /apps/product_delete/7/ HTTP/1.1" 500 72954
ERROR 2024-11-21 22:13:52,439 log Internal Server Error: /apps/allproducts.html
Traceback (most recent call last):
  File "C:\workspace\projet\venv\lib\site-packages\django\core\handlers\exception.py", line 55, in inner
    response = get_response(request)
  File "C:\workspace\projet\venv\lib\site-packages\django\core\handlers\base.py", line 197, in _get_response
    response = wrapped_callback(request, *callback_args, **callback_kwargs)
  File "C:\workspace\projet\backend\saleManagment\apps\views.py", line 478, in all_items
    return render(request, 'allproducts.html', {'items': items, 'itemvariants': itemvariants})
  File "C:\workspace\projet\venv\lib\site-packages\django\shortcuts.py", line 25, in render
    content = loader.render_to_string(template_name, context, request, using=using)
  File "C:\workspace\projet\venv\lib\site-packages\django\template\loader.py", line 62, in render_to_string
    return template.render(context, request)
  File "C:\workspace\projet\venv\lib\site-packages\django\template\backends\django.py", line 107, in render
    return self.template.render(context)
  File "C:\workspace\projet\venv\lib\site-packages\django\template\base.py", line 171, in render
    return self._render(context)
  File "C:\workspace\projet\venv\lib\site-packages\django\template\base.py", line 163, in _render
    return self.nodelist.render(context)
  File "C:\workspace\projet\venv\lib\site-packages\django\template\base.py", line 1008, in render
    return SafeString("".join([node.render_annotated(context) for node in self]))
  File "C:\workspace\projet\venv\lib\site-packages\django\template\base.py", line 1008, in <listcomp>
    return SafeString("".join([node.render_annotated(context) for node in self]))
  File "C:\workspace\projet\venv\lib\site-packages\django\template\base.py", line 969, in render_annotated
    return self.render(context)
  File "C:\workspace\projet\venv\lib\site-packages\django\template\defaulttags.py", line 243, in render
    nodelist.append(node.render_annotated(context))
  File "C:\workspace\projet\venv\lib\site-packages\django\template\base.py", line 969, in render_annotated
    return self.render(context)
  File "C:\workspace\projet\venv\lib\site-packages\django\template\defaulttags.py", line 480, in render
    url = reverse(view_name, args=args, kwargs=kwargs, current_app=current_app)
  File "C:\workspace\projet\venv\lib\site-packages\django\urls\base.py", line 88, in reverse
    return resolver._reverse_with_prefix(view, prefix, *args, **kwargs)
  File "C:\workspace\projet\venv\lib\site-packages\django\urls\resolvers.py", line 831, in _reverse_with_prefix
    raise NoReverseMatch(msg)
django.urls.exceptions.NoReverseMatch: Reverse for 'update_item' with arguments '('',)' not found. 1 pattern(s) tried: ['apps/products/update_item/(?P<item_id>[0-9]+)/\\Z']
ERROR 2024-11-21 22:13:52,466 basehttp "GET /apps/allproducts.html HTTP/1.1" 500 152198
ERROR 2024-11-21 22:26:59,072 log Internal Server Error: /apps/all_retour
Traceback (most recent call last):
  File "C:\workspace\projet\venv\lib\site-packages\django\core\handlers\exception.py", line 55, in inner
    response = get_response(request)
  File "C:\workspace\projet\venv\lib\site-packages\django\core\handlers\base.py", line 197, in _get_response
    response = wrapped_callback(request, *callback_args, **callback_kwargs)
  File "C:\workspace\projet\backend\saleManagment\apps\views.py", line 207, in all_retour
    return render(request, 'allretour.html', {'retours': retours})
  File "C:\workspace\projet\venv\lib\site-packages\django\shortcuts.py", line 25, in render
    content = loader.render_to_string(template_name, context, request, using=using)
  File "C:\workspace\projet\venv\lib\site-packages\django\template\loader.py", line 62, in render_to_string
    return template.render(context, request)
  File "C:\workspace\projet\venv\lib\site-packages\django\template\backends\django.py", line 107, in render
    return self.template.render(context)
  File "C:\workspace\projet\venv\lib\site-packages\django\template\base.py", line 171, in render
    return self._render(context)
  File "C:\workspace\projet\venv\lib\site-packages\django\template\base.py", line 163, in _render
    return self.nodelist.render(context)
  File "C:\workspace\projet\venv\lib\site-packages\django\template\base.py", line 1008, in render
    return SafeString("".join([node.render_annotated(context) for node in self]))
  File "C:\workspace\projet\venv\lib\site-packages\django\template\base.py", line 1008, in <listcomp>
    return SafeString("".join([node.render_annotated(context) for node in self]))
  File "C:\workspace\projet\venv\lib\site-packages\django\template\base.py", line 969, in render_annotated
    return self.render(context)
  File "C:\workspace\projet\venv\lib\site-packages\django\template\defaulttags.py", line 243, in render
    nodelist.append(node.render_annotated(context))
  File "C:\workspace\projet\venv\lib\site-packages\django\template\base.py", line 969, in render_annotated
    return self.render(context)
  File "C:\workspace\projet\venv\lib\site-packages\django\template\defaulttags.py", line 480, in render
    url = reverse(view_name, args=args, kwargs=kwargs, current_app=current_app)
  File "C:\workspace\projet\venv\lib\site-packages\django\urls\base.py", line 88, in reverse
    return resolver._reverse_with_prefix(view, prefix, *args, **kwargs)
  File "C:\workspace\projet\venv\lib\site-packages\django\urls\resolvers.py", line 831, in _reverse_with_prefix
    raise NoReverseMatch(msg)
django.urls.exceptions.NoReverseMatch: Reverse for 'delete_retour' with arguments '(33,)' not found. 1 pattern(s) tried: ['apps/delete_retour\\Z']
ERROR 2024-11-21 22:26:59,096 basehttp "GET /apps/all_retour HTTP/1.1" 500 139903
ERROR 2024-11-21 22:27:53,189 log Internal Server Error: /apps/all_retour
Traceback (most recent call last):
  File "C:\workspace\projet\venv\lib\site-packages\django\core\handlers\exception.py", line 55, in inner
    response = get_response(request)
  File "C:\workspace\projet\venv\lib\site-packages\django\core\handlers\base.py", line 197, in _get_response
    response = wrapped_callback(request, *callback_args, **callback_kwargs)
  File "C:\workspace\projet\backend\saleManagment\apps\views.py", line 207, in all_retour
    return render(request, 'allretour.html', {'retours': retours})
  File "C:\workspace\projet\venv\lib\site-packages\django\shortcuts.py", line 25, in render
    content = loader.render_to_string(template_name, context, request, using=using)
  File "C:\workspace\projet\venv\lib\site-packages\django\template\loader.py", line 62, in render_to_string
    return template.render(context, request)
  File "C:\workspace\projet\venv\lib\site-packages\django\template\backends\django.py", line 107, in render
    return self.template.render(context)
  File "C:\workspace\projet\venv\lib\site-packages\django\template\base.py", line 171, in render
    return self._render(context)
  File "C:\workspace\projet\venv\lib\site-packages\django\template\base.py", line 163, in _render
    return self.nodelist.render(context)
  File "C:\workspace\projet\venv\lib\site-packages\django\template\base.py", line 1008, in render
    return SafeString("".join([node.render_annotated(context) for node in self]))
  File "C:\workspace\projet\venv\lib\site-packages\django\template\base.py", line 1008, in <listcomp>
    return SafeString("".join([node.render_annotated(context) for node in self]))
  File "C:\workspace\projet\venv\lib\site-packages\django\template\base.py", line 969, in render_annotated
    return self.render(context)
  File "C:\workspace\projet\venv\lib\site-packages\django\template\defaulttags.py", line 480, in render
    url = reverse(view_name, args=args, kwargs=kwargs, current_app=current_app)
  File "C:\workspace\projet\venv\lib\site-packages\django\urls\base.py", line 88, in reverse
    return resolver._reverse_with_prefix(view, prefix, *args, **kwargs)
  File "C:\workspace\projet\venv\lib\site-packages\django\urls\resolvers.py", line 831, in _reverse_with_prefix
    raise NoReverseMatch(msg)
django.urls.exceptions.NoReverseMatch: Reverse for 'delete_retour' with no arguments not found. 1 pattern(s) tried: ['apps/delete_retour/(?P<retour_id>[0-9]+)\\Z']
ERROR 2024-11-21 22:27:53,209 basehttp "GET /apps/all_retour HTTP/1.1" 500 127150
ERROR 2024-11-21 22:32:23,275 log Internal Server Error: /apps/all_retour
Traceback (most recent call last):
  File "C:\workspace\projet\venv\lib\site-packages\django\core\handlers\exception.py", line 55, in inner
    response = get_response(request)
  File "C:\workspace\projet\venv\lib\site-packages\django\core\handlers\base.py", line 197, in _get_response
    response = wrapped_callback(request, *callback_args, **callback_kwargs)
  File "C:\workspace\projet\backend\saleManagment\apps\views.py", line 207, in all_retour
    return render(request, 'allretour.html', {'retours': retours})
  File "C:\workspace\projet\venv\lib\site-packages\django\shortcuts.py", line 25, in render
    content = loader.render_to_string(template_name, context, request, using=using)
  File "C:\workspace\projet\venv\lib\site-packages\django\template\loader.py", line 62, in render_to_string
    return template.render(context, request)
  File "C:\workspace\projet\venv\lib\site-packages\django\template\backends\django.py", line 107, in render
    return self.template.render(context)
  File "C:\workspace\projet\venv\lib\site-packages\django\template\base.py", line 171, in render
    return self._render(context)
  File "C:\workspace\projet\venv\lib\site-packages\django\template\base.py", line 163, in _render
    return self.nodelist.render(context)
  File "C:\workspace\projet\venv\lib\site-packages\django\template\base.py", line 1008, in render
    return SafeString("".join([node.render_annotated(context) for node in self]))
  File "C:\workspace\projet\venv\lib\site-packages\django\template\base.py", line 1008, in <listcomp>
    return SafeString("".join([node.render_annotated(context) for node in self]))
  File "C:\workspace\projet\venv\lib\site-packages\django\template\base.py", line 969, in render_annotated
    return self.render(context)
  File "C:\workspace\projet\venv\lib\site-packages\django\template\defaulttags.py", line 480, in render
    url = reverse(view_name, args=args, kwargs=kwargs, current_app=current_app)
  File "C:\workspace\projet\venv\lib\site-packages\django\urls\base.py", line 88, in reverse
    return resolver._reverse_with_prefix(view, prefix, *args, **kwargs)
  File "C:\workspace\projet\venv\lib\site-packages\django\urls\resolvers.py", line 831, in _reverse_with_prefix
    raise NoReverseMatch(msg)
django.urls.exceptions.NoReverseMatch: Reverse for 'delete_retour' with no arguments not found. 1 pattern(s) tried: ['apps/delete_retour/(?P<retour_id>[0-9]+)/\\Z']
ERROR 2024-11-21 22:32:23,291 basehttp "GET /apps/all_retour HTTP/1.1" 500 127032
ERROR 2024-11-21 22:32:57,298 log Internal Server Error: /apps/all_retour
Traceback (most recent call last):
  File "C:\workspace\projet\venv\lib\site-packages\django\core\handlers\exception.py", line 55, in inner
    response = get_response(request)
  File "C:\workspace\projet\venv\lib\site-packages\django\core\handlers\base.py", line 197, in _get_response
    response = wrapped_callback(request, *callback_args, **callback_kwargs)
  File "C:\workspace\projet\backend\saleManagment\apps\views.py", line 207, in all_retour
    return render(request, 'allretour.html', {'retours': retours})
  File "C:\workspace\projet\venv\lib\site-packages\django\shortcuts.py", line 25, in render
    content = loader.render_to_string(template_name, context, request, using=using)
  File "C:\workspace\projet\venv\lib\site-packages\django\template\loader.py", line 62, in render_to_string
    return template.render(context, request)
  File "C:\workspace\projet\venv\lib\site-packages\django\template\backends\django.py", line 107, in render
    return self.template.render(context)
  File "C:\workspace\projet\venv\lib\site-packages\django\template\base.py", line 171, in render
    return self._render(context)
  File "C:\workspace\projet\venv\lib\site-packages\django\template\base.py", line 163, in _render
    return self.nodelist.render(context)
  File "C:\workspace\projet\venv\lib\site-packages\django\template\base.py", line 1008, in render
    return SafeString("".join([node.render_annotated(context) for node in self]))
  File "C:\workspace\projet\venv\lib\site-packages\django\template\base.py", line 1008, in <listcomp>
    return SafeString("".join([node.render_annotated(context) for node in self]))
  File "C:\workspace\projet\venv\lib\site-packages\django\template\base.py", line 969, in render_annotated
    return self.render(context)
  File "C:\workspace\projet\venv\lib\site-packages\django\template\defaulttags.py", line 243, in render
    nodelist.append(node.render_annotated(context))
  File "C:\workspace\projet\venv\lib\site-packages\django\template\base.py", line 969, in render_annotated
    return self.render(context)
  File "C:\workspace\projet\venv\lib\site-packages\django\template\defaulttags.py", line 480, in render
    url = reverse(view_name, args=args, kwargs=kwargs, current_app=current_app)
  File "C:\workspace\projet\venv\lib\site-packages\django\urls\base.py", line 88, in reverse
    return resolver._reverse_with_prefix(view, prefix, *args, **kwargs)
  File "C:\workspace\projet\venv\lib\site-packages\django\urls\resolvers.py", line 831, in _reverse_with_prefix
    raise NoReverseMatch(msg)
django.urls.exceptions.NoReverseMatch: Reverse for 'delete_retour' with arguments '('',)' not found. 1 pattern(s) tried: ['apps/delete_retour/(?P<retour_id>[0-9]+)/\\Z']
ERROR 2024-11-21 22:32:57,309 basehttp "GET /apps/all_retour HTTP/1.1" 500 141584
ERROR 2024-11-21 22:32:59,226 log Internal Server Error: /apps/all_retour
Traceback (most recent call last):
  File "C:\workspace\projet\venv\lib\site-packages\django\core\handlers\exception.py", line 55, in inner
    response = get_response(request)
  File "C:\workspace\projet\venv\lib\site-packages\django\core\handlers\base.py", line 197, in _get_response
    response = wrapped_callback(request, *callback_args, **callback_kwargs)
  File "C:\workspace\projet\backend\saleManagment\apps\views.py", line 207, in all_retour
    return render(request, 'allretour.html', {'retours': retours})
  File "C:\workspace\projet\venv\lib\site-packages\django\shortcuts.py", line 25, in render
    content = loader.render_to_string(template_name, context, request, using=using)
  File "C:\workspace\projet\venv\lib\site-packages\django\template\loader.py", line 62, in render_to_string
    return template.render(context, request)
  File "C:\workspace\projet\venv\lib\site-packages\django\template\backends\django.py", line 107, in render
    return self.template.render(context)
  File "C:\workspace\projet\venv\lib\site-packages\django\template\base.py", line 171, in render
    return self._render(context)
  File "C:\workspace\projet\venv\lib\site-packages\django\template\base.py", line 163, in _render
    return self.nodelist.render(context)
  File "C:\workspace\projet\venv\lib\site-packages\django\template\base.py", line 1008, in render
    return SafeString("".join([node.render_annotated(context) for node in self]))
  File "C:\workspace\projet\venv\lib\site-packages\django\template\base.py", line 1008, in <listcomp>
    return SafeString("".join([node.render_annotated(context) for node in self]))
  File "C:\workspace\projet\venv\lib\site-packages\django\template\base.py", line 969, in render_annotated
    return self.render(context)
  File "C:\workspace\projet\venv\lib\site-packages\django\template\defaulttags.py", line 243, in render
    nodelist.append(node.render_annotated(context))
  File "C:\workspace\projet\venv\lib\site-packages\django\template\base.py", line 969, in render_annotated
    return self.render(context)
  File "C:\workspace\projet\venv\lib\site-packages\django\template\defaulttags.py", line 480, in render
    url = reverse(view_name, args=args, kwargs=kwargs, current_app=current_app)
  File "C:\workspace\projet\venv\lib\site-packages\django\urls\base.py", line 88, in reverse
    return resolver._reverse_with_prefix(view, prefix, *args, **kwargs)
  File "C:\workspace\projet\venv\lib\site-packages\django\urls\resolvers.py", line 831, in _reverse_with_prefix
    raise NoReverseMatch(msg)
django.urls.exceptions.NoReverseMatch: Reverse for 'delete_retour' with arguments '('',)' not found. 1 pattern(s) tried: ['apps/delete_retour/(?P<retour_id>[0-9]+)/\\Z']
ERROR 2024-11-21 22:32:59,240 basehttp "GET /apps/all_retour HTTP/1.1" 500 141584
ERROR 2024-11-21 22:33:10,162 log Internal Server Error: /apps/all_retour
Traceback (most recent call last):
  File "C:\workspace\projet\venv\lib\site-packages\django\core\handlers\exception.py", line 55, in inner
    response = get_response(request)
  File "C:\workspace\projet\venv\lib\site-packages\django\core\handlers\base.py", line 197, in _get_response
    response = wrapped_callback(request, *callback_args, **callback_kwargs)
  File "C:\workspace\projet\backend\saleManagment\apps\views.py", line 207, in all_retour
    return render(request, 'allretour.html', {'retours': retours})
  File "C:\workspace\projet\venv\lib\site-packages\django\shortcuts.py", line 25, in render
    content = loader.render_to_string(template_name, context, request, using=using)
  File "C:\workspace\projet\venv\lib\site-packages\django\template\loader.py", line 62, in render_to_string
    return template.render(context, request)
  File "C:\workspace\projet\venv\lib\site-packages\django\template\backends\django.py", line 107, in render
    return self.template.render(context)
  File "C:\workspace\projet\venv\lib\site-packages\django\template\base.py", line 171, in render
    return self._render(context)
  File "C:\workspace\projet\venv\lib\site-packages\django\template\base.py", line 163, in _render
    return self.nodelist.render(context)
  File "C:\workspace\projet\venv\lib\site-packages\django\template\base.py", line 1008, in render
    return SafeString("".join([node.render_annotated(context) for node in self]))
  File "C:\workspace\projet\venv\lib\site-packages\django\template\base.py", line 1008, in <listcomp>
    return SafeString("".join([node.render_annotated(context) for node in self]))
  File "C:\workspace\projet\venv\lib\site-packages\django\template\base.py", line 969, in render_annotated
    return self.render(context)
  File "C:\workspace\projet\venv\lib\site-packages\django\template\defaulttags.py", line 480, in render
    url = reverse(view_name, args=args, kwargs=kwargs, current_app=current_app)
  File "C:\workspace\projet\venv\lib\site-packages\django\urls\base.py", line 88, in reverse
    return resolver._reverse_with_prefix(view, prefix, *args, **kwargs)
  File "C:\workspace\projet\venv\lib\site-packages\django\urls\resolvers.py", line 831, in _reverse_with_prefix
    raise NoReverseMatch(msg)
django.urls.exceptions.NoReverseMatch: Reverse for 'delete_retour' with no arguments not found. 1 pattern(s) tried: ['apps/delete_retour/(?P<retour_id>[0-9]+)/\\Z']
ERROR 2024-11-21 22:33:10,176 basehttp "GET /apps/all_retour HTTP/1.1" 500 127169
ERROR 2024-11-21 22:34:50,363 log Internal Server Error: /apps/all_retour
Traceback (most recent call last):
  File "C:\workspace\projet\venv\lib\site-packages\django\core\handlers\exception.py", line 55, in inner
    response = get_response(request)
  File "C:\workspace\projet\venv\lib\site-packages\django\core\handlers\base.py", line 197, in _get_response
    response = wrapped_callback(request, *callback_args, **callback_kwargs)
  File "C:\workspace\projet\backend\saleManagment\apps\views.py", line 207, in all_retour
    return render(request, 'allretour.html', {'retours': retours})
  File "C:\workspace\projet\venv\lib\site-packages\django\shortcuts.py", line 25, in render
    content = loader.render_to_string(template_name, context, request, using=using)
  File "C:\workspace\projet\venv\lib\site-packages\django\template\loader.py", line 62, in render_to_string
    return template.render(context, request)
  File "C:\workspace\projet\venv\lib\site-packages\django\template\backends\django.py", line 107, in render
    return self.template.render(context)
  File "C:\workspace\projet\venv\lib\site-packages\django\template\base.py", line 171, in render
    return self._render(context)
  File "C:\workspace\projet\venv\lib\site-packages\django\template\base.py", line 163, in _render
    return self.nodelist.render(context)
  File "C:\workspace\projet\venv\lib\site-packages\django\template\base.py", line 1008, in render
    return SafeString("".join([node.render_annotated(context) for node in self]))
  File "C:\workspace\projet\venv\lib\site-packages\django\template\base.py", line 1008, in <listcomp>
    return SafeString("".join([node.render_annotated(context) for node in self]))
  File "C:\workspace\projet\venv\lib\site-packages\django\template\base.py", line 969, in render_annotated
    return self.render(context)
  File "C:\workspace\projet\venv\lib\site-packages\django\template\defaulttags.py", line 480, in render
    url = reverse(view_name, args=args, kwargs=kwargs, current_app=current_app)
  File "C:\workspace\projet\venv\lib\site-packages\django\urls\base.py", line 88, in reverse
    return resolver._reverse_with_prefix(view, prefix, *args, **kwargs)
  File "C:\workspace\projet\venv\lib\site-packages\django\urls\resolvers.py", line 831, in _reverse_with_prefix
    raise NoReverseMatch(msg)
django.urls.exceptions.NoReverseMatch: Reverse for 'delete_retour' with no arguments not found. 1 pattern(s) tried: ['apps/delete_retour/(?P<retour>[0-9]+)/\\Z']
ERROR 2024-11-21 22:34:50,407 basehttp "GET /apps/all_retour HTTP/1.1" 500 127115
ERROR 2024-11-21 22:34:53,063 log Internal Server Error: /apps/all_retour
Traceback (most recent call last):
  File "C:\workspace\projet\venv\lib\site-packages\django\core\handlers\exception.py", line 55, in inner
    response = get_response(request)
  File "C:\workspace\projet\venv\lib\site-packages\django\core\handlers\base.py", line 197, in _get_response
    response = wrapped_callback(request, *callback_args, **callback_kwargs)
  File "C:\workspace\projet\backend\saleManagment\apps\views.py", line 207, in all_retour
    return render(request, 'allretour.html', {'retours': retours})
  File "C:\workspace\projet\venv\lib\site-packages\django\shortcuts.py", line 25, in render
    content = loader.render_to_string(template_name, context, request, using=using)
  File "C:\workspace\projet\venv\lib\site-packages\django\template\loader.py", line 62, in render_to_string
    return template.render(context, request)
  File "C:\workspace\projet\venv\lib\site-packages\django\template\backends\django.py", line 107, in render
    return self.template.render(context)
  File "C:\workspace\projet\venv\lib\site-packages\django\template\base.py", line 171, in render
    return self._render(context)
  File "C:\workspace\projet\venv\lib\site-packages\django\template\base.py", line 163, in _render
    return self.nodelist.render(context)
  File "C:\workspace\projet\venv\lib\site-packages\django\template\base.py", line 1008, in render
    return SafeString("".join([node.render_annotated(context) for node in self]))
  File "C:\workspace\projet\venv\lib\site-packages\django\template\base.py", line 1008, in <listcomp>
    return SafeString("".join([node.render_annotated(context) for node in self]))
  File "C:\workspace\projet\venv\lib\site-packages\django\template\base.py", line 969, in render_annotated
    return self.render(context)
  File "C:\workspace\projet\venv\lib\site-packages\django\template\defaulttags.py", line 480, in render
    url = reverse(view_name, args=args, kwargs=kwargs, current_app=current_app)
  File "C:\workspace\projet\venv\lib\site-packages\django\urls\base.py", line 88, in reverse
    return resolver._reverse_with_prefix(view, prefix, *args, **kwargs)
  File "C:\workspace\projet\venv\lib\site-packages\django\urls\resolvers.py", line 831, in _reverse_with_prefix
    raise NoReverseMatch(msg)
django.urls.exceptions.NoReverseMatch: Reverse for 'delete_retour' with no arguments not found. 1 pattern(s) tried: ['apps/delete_retour/(?P<retour>[0-9]+)/\\Z']
ERROR 2024-11-21 22:34:53,077 basehttp "GET /apps/all_retour HTTP/1.1" 500 127115
ERROR 2024-11-21 22:38:18,826 log Internal Server Error: /apps/all_retour
Traceback (most recent call last):
  File "C:\workspace\projet\venv\lib\site-packages\django\core\handlers\exception.py", line 55, in inner
    response = get_response(request)
  File "C:\workspace\projet\venv\lib\site-packages\django\core\handlers\base.py", line 197, in _get_response
    response = wrapped_callback(request, *callback_args, **callback_kwargs)
  File "C:\workspace\projet\backend\saleManagment\apps\views.py", line 207, in all_retour
    return render(request, 'allretour.html', {'retours': retours})
  File "C:\workspace\projet\venv\lib\site-packages\django\shortcuts.py", line 25, in render
    content = loader.render_to_string(template_name, context, request, using=using)
  File "C:\workspace\projet\venv\lib\site-packages\django\template\loader.py", line 62, in render_to_string
    return template.render(context, request)
  File "C:\workspace\projet\venv\lib\site-packages\django\template\backends\django.py", line 107, in render
    return self.template.render(context)
  File "C:\workspace\projet\venv\lib\site-packages\django\template\base.py", line 171, in render
    return self._render(context)
  File "C:\workspace\projet\venv\lib\site-packages\django\template\base.py", line 163, in _render
    return self.nodelist.render(context)
  File "C:\workspace\projet\venv\lib\site-packages\django\template\base.py", line 1008, in render
    return SafeString("".join([node.render_annotated(context) for node in self]))
  File "C:\workspace\projet\venv\lib\site-packages\django\template\base.py", line 1008, in <listcomp>
    return SafeString("".join([node.render_annotated(context) for node in self]))
  File "C:\workspace\projet\venv\lib\site-packages\django\template\base.py", line 969, in render_annotated
    return self.render(context)
  File "C:\workspace\projet\venv\lib\site-packages\django\template\defaulttags.py", line 480, in render
    url = reverse(view_name, args=args, kwargs=kwargs, current_app=current_app)
  File "C:\workspace\projet\venv\lib\site-packages\django\urls\base.py", line 88, in reverse
    return resolver._reverse_with_prefix(view, prefix, *args, **kwargs)
  File "C:\workspace\projet\venv\lib\site-packages\django\urls\resolvers.py", line 831, in _reverse_with_prefix
    raise NoReverseMatch(msg)
django.urls.exceptions.NoReverseMatch: Reverse for 'delete_retour' with no arguments not found. 1 pattern(s) tried: ['apps/delete_retour/(?P<retour>[0-9]+)/\\Z']
ERROR 2024-11-21 22:38:18,846 basehttp "GET /apps/all_retour HTTP/1.1" 500 127115
ERROR 2024-11-21 22:38:20,244 log Internal Server Error: /apps/all_retour
Traceback (most recent call last):
  File "C:\workspace\projet\venv\lib\site-packages\django\core\handlers\exception.py", line 55, in inner
    response = get_response(request)
  File "C:\workspace\projet\venv\lib\site-packages\django\core\handlers\base.py", line 197, in _get_response
    response = wrapped_callback(request, *callback_args, **callback_kwargs)
  File "C:\workspace\projet\backend\saleManagment\apps\views.py", line 207, in all_retour
    return render(request, 'allretour.html', {'retours': retours})
  File "C:\workspace\projet\venv\lib\site-packages\django\shortcuts.py", line 25, in render
    content = loader.render_to_string(template_name, context, request, using=using)
  File "C:\workspace\projet\venv\lib\site-packages\django\template\loader.py", line 62, in render_to_string
    return template.render(context, request)
  File "C:\workspace\projet\venv\lib\site-packages\django\template\backends\django.py", line 107, in render
    return self.template.render(context)
  File "C:\workspace\projet\venv\lib\site-packages\django\template\base.py", line 171, in render
    return self._render(context)
  File "C:\workspace\projet\venv\lib\site-packages\django\template\base.py", line 163, in _render
    return self.nodelist.render(context)
  File "C:\workspace\projet\venv\lib\site-packages\django\template\base.py", line 1008, in render
    return SafeString("".join([node.render_annotated(context) for node in self]))
  File "C:\workspace\projet\venv\lib\site-packages\django\template\base.py", line 1008, in <listcomp>
    return SafeString("".join([node.render_annotated(context) for node in self]))
  File "C:\workspace\projet\venv\lib\site-packages\django\template\base.py", line 969, in render_annotated
    return self.render(context)
  File "C:\workspace\projet\venv\lib\site-packages\django\template\defaulttags.py", line 480, in render
    url = reverse(view_name, args=args, kwargs=kwargs, current_app=current_app)
  File "C:\workspace\projet\venv\lib\site-packages\django\urls\base.py", line 88, in reverse
    return resolver._reverse_with_prefix(view, prefix, *args, **kwargs)
  File "C:\workspace\projet\venv\lib\site-packages\django\urls\resolvers.py", line 831, in _reverse_with_prefix
    raise NoReverseMatch(msg)
django.urls.exceptions.NoReverseMatch: Reverse for 'delete_retour' with no arguments not found. 1 pattern(s) tried: ['apps/delete_retour/(?P<retour>[0-9]+)/\\Z']
ERROR 2024-11-21 22:38:20,260 basehttp "GET /apps/all_retour HTTP/1.1" 500 127115
ERROR 2024-11-21 22:39:41,138 log Internal Server Error: /apps/all_retour
Traceback (most recent call last):
  File "C:\workspace\projet\venv\lib\site-packages\django\core\handlers\exception.py", line 55, in inner
    response = get_response(request)
  File "C:\workspace\projet\venv\lib\site-packages\django\core\handlers\base.py", line 197, in _get_response
    response = wrapped_callback(request, *callback_args, **callback_kwargs)
  File "C:\workspace\projet\backend\saleManagment\apps\views.py", line 207, in all_retour
    return render(request, 'allretour.html', {'retours': retours})
  File "C:\workspace\projet\venv\lib\site-packages\django\shortcuts.py", line 25, in render
    content = loader.render_to_string(template_name, context, request, using=using)
  File "C:\workspace\projet\venv\lib\site-packages\django\template\loader.py", line 62, in render_to_string
    return template.render(context, request)
  File "C:\workspace\projet\venv\lib\site-packages\django\template\backends\django.py", line 107, in render
    return self.template.render(context)
  File "C:\workspace\projet\venv\lib\site-packages\django\template\base.py", line 171, in render
    return self._render(context)
  File "C:\workspace\projet\venv\lib\site-packages\django\template\base.py", line 163, in _render
    return self.nodelist.render(context)
  File "C:\workspace\projet\venv\lib\site-packages\django\template\base.py", line 1008, in render
    return SafeString("".join([node.render_annotated(context) for node in self]))
  File "C:\workspace\projet\venv\lib\site-packages\django\template\base.py", line 1008, in <listcomp>
    return SafeString("".join([node.render_annotated(context) for node in self]))
  File "C:\workspace\projet\venv\lib\site-packages\django\template\base.py", line 969, in render_annotated
    return self.render(context)
  File "C:\workspace\projet\venv\lib\site-packages\django\template\defaulttags.py", line 480, in render
    url = reverse(view_name, args=args, kwargs=kwargs, current_app=current_app)
  File "C:\workspace\projet\venv\lib\site-packages\django\urls\base.py", line 88, in reverse
    return resolver._reverse_with_prefix(view, prefix, *args, **kwargs)
  File "C:\workspace\projet\venv\lib\site-packages\django\urls\resolvers.py", line 831, in _reverse_with_prefix
    raise NoReverseMatch(msg)
django.urls.exceptions.NoReverseMatch: Reverse for 'delete_retour' with no arguments not found. 1 pattern(s) tried: ['apps/delete_retour/(?P<retour>[0-9]+)/\\Z']
ERROR 2024-11-21 22:39:41,215 basehttp "GET /apps/all_retour HTTP/1.1" 500 127119
ERROR 2024-11-21 22:39:44,844 log Internal Server Error: /apps/all_retour
Traceback (most recent call last):
  File "C:\workspace\projet\venv\lib\site-packages\django\core\handlers\exception.py", line 55, in inner
    response = get_response(request)
  File "C:\workspace\projet\venv\lib\site-packages\django\core\handlers\base.py", line 197, in _get_response
    response = wrapped_callback(request, *callback_args, **callback_kwargs)
  File "C:\workspace\projet\backend\saleManagment\apps\views.py", line 207, in all_retour
    return render(request, 'allretour.html', {'retours': retours})
  File "C:\workspace\projet\venv\lib\site-packages\django\shortcuts.py", line 25, in render
    content = loader.render_to_string(template_name, context, request, using=using)
  File "C:\workspace\projet\venv\lib\site-packages\django\template\loader.py", line 62, in render_to_string
    return template.render(context, request)
  File "C:\workspace\projet\venv\lib\site-packages\django\template\backends\django.py", line 107, in render
    return self.template.render(context)
  File "C:\workspace\projet\venv\lib\site-packages\django\template\base.py", line 171, in render
    return self._render(context)
  File "C:\workspace\projet\venv\lib\site-packages\django\template\base.py", line 163, in _render
    return self.nodelist.render(context)
  File "C:\workspace\projet\venv\lib\site-packages\django\template\base.py", line 1008, in render
    return SafeString("".join([node.render_annotated(context) for node in self]))
  File "C:\workspace\projet\venv\lib\site-packages\django\template\base.py", line 1008, in <listcomp>
    return SafeString("".join([node.render_annotated(context) for node in self]))
  File "C:\workspace\projet\venv\lib\site-packages\django\template\base.py", line 969, in render_annotated
    return self.render(context)
  File "C:\workspace\projet\venv\lib\site-packages\django\template\defaulttags.py", line 480, in render
    url = reverse(view_name, args=args, kwargs=kwargs, current_app=current_app)
  File "C:\workspace\projet\venv\lib\site-packages\django\urls\base.py", line 88, in reverse
    return resolver._reverse_with_prefix(view, prefix, *args, **kwargs)
  File "C:\workspace\projet\venv\lib\site-packages\django\urls\resolvers.py", line 831, in _reverse_with_prefix
    raise NoReverseMatch(msg)
django.urls.exceptions.NoReverseMatch: Reverse for 'delete_retour' with no arguments not found. 1 pattern(s) tried: ['apps/delete_retour/(?P<retour>[0-9]+)/\\Z']
ERROR 2024-11-21 22:39:44,919 basehttp "GET /apps/all_retour HTTP/1.1" 500 127119
ERROR 2024-11-21 22:39:46,194 log Internal Server Error: /apps/all_retour
Traceback (most recent call last):
  File "C:\workspace\projet\venv\lib\site-packages\django\core\handlers\exception.py", line 55, in inner
    response = get_response(request)
  File "C:\workspace\projet\venv\lib\site-packages\django\core\handlers\base.py", line 197, in _get_response
    response = wrapped_callback(request, *callback_args, **callback_kwargs)
  File "C:\workspace\projet\backend\saleManagment\apps\views.py", line 207, in all_retour
    return render(request, 'allretour.html', {'retours': retours})
  File "C:\workspace\projet\venv\lib\site-packages\django\shortcuts.py", line 25, in render
    content = loader.render_to_string(template_name, context, request, using=using)
  File "C:\workspace\projet\venv\lib\site-packages\django\template\loader.py", line 62, in render_to_string
    return template.render(context, request)
  File "C:\workspace\projet\venv\lib\site-packages\django\template\backends\django.py", line 107, in render
    return self.template.render(context)
  File "C:\workspace\projet\venv\lib\site-packages\django\template\base.py", line 171, in render
    return self._render(context)
  File "C:\workspace\projet\venv\lib\site-packages\django\template\base.py", line 163, in _render
    return self.nodelist.render(context)
  File "C:\workspace\projet\venv\lib\site-packages\django\template\base.py", line 1008, in render
    return SafeString("".join([node.render_annotated(context) for node in self]))
  File "C:\workspace\projet\venv\lib\site-packages\django\template\base.py", line 1008, in <listcomp>
    return SafeString("".join([node.render_annotated(context) for node in self]))
  File "C:\workspace\projet\venv\lib\site-packages\django\template\base.py", line 969, in render_annotated
    return self.render(context)
  File "C:\workspace\projet\venv\lib\site-packages\django\template\defaulttags.py", line 480, in render
    url = reverse(view_name, args=args, kwargs=kwargs, current_app=current_app)
  File "C:\workspace\projet\venv\lib\site-packages\django\urls\base.py", line 88, in reverse
    return resolver._reverse_with_prefix(view, prefix, *args, **kwargs)
  File "C:\workspace\projet\venv\lib\site-packages\django\urls\resolvers.py", line 831, in _reverse_with_prefix
    raise NoReverseMatch(msg)
django.urls.exceptions.NoReverseMatch: Reverse for 'delete_retour' with no arguments not found. 1 pattern(s) tried: ['apps/delete_retour/(?P<retour>[0-9]+)/\\Z']
ERROR 2024-11-21 22:39:46,206 basehttp "GET /apps/all_retour HTTP/1.1" 500 127119
ERROR 2024-11-21 22:39:47,555 log Internal Server Error: /apps/all_retour
Traceback (most recent call last):
  File "C:\workspace\projet\venv\lib\site-packages\django\core\handlers\exception.py", line 55, in inner
    response = get_response(request)
  File "C:\workspace\projet\venv\lib\site-packages\django\core\handlers\base.py", line 197, in _get_response
    response = wrapped_callback(request, *callback_args, **callback_kwargs)
  File "C:\workspace\projet\backend\saleManagment\apps\views.py", line 207, in all_retour
    return render(request, 'allretour.html', {'retours': retours})
  File "C:\workspace\projet\venv\lib\site-packages\django\shortcuts.py", line 25, in render
    content = loader.render_to_string(template_name, context, request, using=using)
  File "C:\workspace\projet\venv\lib\site-packages\django\template\loader.py", line 62, in render_to_string
    return template.render(context, request)
  File "C:\workspace\projet\venv\lib\site-packages\django\template\backends\django.py", line 107, in render
    return self.template.render(context)
  File "C:\workspace\projet\venv\lib\site-packages\django\template\base.py", line 171, in render
    return self._render(context)
  File "C:\workspace\projet\venv\lib\site-packages\django\template\base.py", line 163, in _render
    return self.nodelist.render(context)
  File "C:\workspace\projet\venv\lib\site-packages\django\template\base.py", line 1008, in render
    return SafeString("".join([node.render_annotated(context) for node in self]))
  File "C:\workspace\projet\venv\lib\site-packages\django\template\base.py", line 1008, in <listcomp>
    return SafeString("".join([node.render_annotated(context) for node in self]))
  File "C:\workspace\projet\venv\lib\site-packages\django\template\base.py", line 969, in render_annotated
    return self.render(context)
  File "C:\workspace\projet\venv\lib\site-packages\django\template\defaulttags.py", line 480, in render
    url = reverse(view_name, args=args, kwargs=kwargs, current_app=current_app)
  File "C:\workspace\projet\venv\lib\site-packages\django\urls\base.py", line 88, in reverse
    return resolver._reverse_with_prefix(view, prefix, *args, **kwargs)
  File "C:\workspace\projet\venv\lib\site-packages\django\urls\resolvers.py", line 831, in _reverse_with_prefix
    raise NoReverseMatch(msg)
django.urls.exceptions.NoReverseMatch: Reverse for 'delete_retour' with no arguments not found. 1 pattern(s) tried: ['apps/delete_retour/(?P<retour>[0-9]+)/\\Z']
ERROR 2024-11-21 22:39:47,576 basehttp "GET /apps/all_retour HTTP/1.1" 500 127119
ERROR 2024-11-21 22:41:00,167 log Internal Server Error: /apps/all_retour
Traceback (most recent call last):
  File "C:\workspace\projet\venv\lib\site-packages\django\core\handlers\exception.py", line 55, in inner
    response = get_response(request)
  File "C:\workspace\projet\venv\lib\site-packages\django\core\handlers\base.py", line 197, in _get_response
    response = wrapped_callback(request, *callback_args, **callback_kwargs)
  File "C:\workspace\projet\backend\saleManagment\apps\views.py", line 207, in all_retour
    return render(request, 'allretour.html', {'retours': retours})
  File "C:\workspace\projet\venv\lib\site-packages\django\shortcuts.py", line 25, in render
    content = loader.render_to_string(template_name, context, request, using=using)
  File "C:\workspace\projet\venv\lib\site-packages\django\template\loader.py", line 62, in render_to_string
    return template.render(context, request)
  File "C:\workspace\projet\venv\lib\site-packages\django\template\backends\django.py", line 107, in render
    return self.template.render(context)
  File "C:\workspace\projet\venv\lib\site-packages\django\template\base.py", line 171, in render
    return self._render(context)
  File "C:\workspace\projet\venv\lib\site-packages\django\template\base.py", line 163, in _render
    return self.nodelist.render(context)
  File "C:\workspace\projet\venv\lib\site-packages\django\template\base.py", line 1008, in render
    return SafeString("".join([node.render_annotated(context) for node in self]))
  File "C:\workspace\projet\venv\lib\site-packages\django\template\base.py", line 1008, in <listcomp>
    return SafeString("".join([node.render_annotated(context) for node in self]))
  File "C:\workspace\projet\venv\lib\site-packages\django\template\base.py", line 969, in render_annotated
    return self.render(context)
  File "C:\workspace\projet\venv\lib\site-packages\django\template\defaulttags.py", line 480, in render
    url = reverse(view_name, args=args, kwargs=kwargs, current_app=current_app)
  File "C:\workspace\projet\venv\lib\site-packages\django\urls\base.py", line 88, in reverse
    return resolver._reverse_with_prefix(view, prefix, *args, **kwargs)
  File "C:\workspace\projet\venv\lib\site-packages\django\urls\resolvers.py", line 831, in _reverse_with_prefix
    raise NoReverseMatch(msg)
django.urls.exceptions.NoReverseMatch: Reverse for 'delete_retour' with no arguments not found. 1 pattern(s) tried: ['apps/delete_retour/(?P<retour>[0-9]+)/\\Z']
ERROR 2024-11-21 22:41:00,178 basehttp "GET /apps/all_retour HTTP/1.1" 500 127119
ERROR 2024-11-21 22:45:28,056 log Internal Server Error: /apps/all_retour
Traceback (most recent call last):
  File "C:\workspace\projet\venv\lib\site-packages\django\core\handlers\exception.py", line 55, in inner
    response = get_response(request)
  File "C:\workspace\projet\venv\lib\site-packages\django\core\handlers\base.py", line 197, in _get_response
    response = wrapped_callback(request, *callback_args, **callback_kwargs)
  File "C:\workspace\projet\backend\saleManagment\apps\views.py", line 207, in all_retour
    return render(request, 'allretour.html', {'retours': retours})
  File "C:\workspace\projet\venv\lib\site-packages\django\shortcuts.py", line 25, in render
    content = loader.render_to_string(template_name, context, request, using=using)
  File "C:\workspace\projet\venv\lib\site-packages\django\template\loader.py", line 62, in render_to_string
    return template.render(context, request)
  File "C:\workspace\projet\venv\lib\site-packages\django\template\backends\django.py", line 107, in render
    return self.template.render(context)
  File "C:\workspace\projet\venv\lib\site-packages\django\template\base.py", line 171, in render
    return self._render(context)
  File "C:\workspace\projet\venv\lib\site-packages\django\template\base.py", line 163, in _render
    return self.nodelist.render(context)
  File "C:\workspace\projet\venv\lib\site-packages\django\template\base.py", line 1008, in render
    return SafeString("".join([node.render_annotated(context) for node in self]))
  File "C:\workspace\projet\venv\lib\site-packages\django\template\base.py", line 1008, in <listcomp>
    return SafeString("".join([node.render_annotated(context) for node in self]))
  File "C:\workspace\projet\venv\lib\site-packages\django\template\base.py", line 969, in render_annotated
    return self.render(context)
  File "C:\workspace\projet\venv\lib\site-packages\django\template\defaulttags.py", line 480, in render
    url = reverse(view_name, args=args, kwargs=kwargs, current_app=current_app)
  File "C:\workspace\projet\venv\lib\site-packages\django\urls\base.py", line 88, in reverse
    return resolver._reverse_with_prefix(view, prefix, *args, **kwargs)
  File "C:\workspace\projet\venv\lib\site-packages\django\urls\resolvers.py", line 831, in _reverse_with_prefix
    raise NoReverseMatch(msg)
django.urls.exceptions.NoReverseMatch: Reverse for 'delete_retour' with no arguments not found. 1 pattern(s) tried: ['apps/delete_retour/(?P<retour>[0-9]+)/\\Z']
ERROR 2024-11-21 22:45:28,081 basehttp "GET /apps/all_retour HTTP/1.1" 500 127077
ERROR 2024-11-21 22:45:29,359 log Internal Server Error: /apps/all_retour
Traceback (most recent call last):
  File "C:\workspace\projet\venv\lib\site-packages\django\core\handlers\exception.py", line 55, in inner
    response = get_response(request)
  File "C:\workspace\projet\venv\lib\site-packages\django\core\handlers\base.py", line 197, in _get_response
    response = wrapped_callback(request, *callback_args, **callback_kwargs)
  File "C:\workspace\projet\backend\saleManagment\apps\views.py", line 207, in all_retour
    return render(request, 'allretour.html', {'retours': retours})
  File "C:\workspace\projet\venv\lib\site-packages\django\shortcuts.py", line 25, in render
    content = loader.render_to_string(template_name, context, request, using=using)
  File "C:\workspace\projet\venv\lib\site-packages\django\template\loader.py", line 62, in render_to_string
    return template.render(context, request)
  File "C:\workspace\projet\venv\lib\site-packages\django\template\backends\django.py", line 107, in render
    return self.template.render(context)
  File "C:\workspace\projet\venv\lib\site-packages\django\template\base.py", line 171, in render
    return self._render(context)
  File "C:\workspace\projet\venv\lib\site-packages\django\template\base.py", line 163, in _render
    return self.nodelist.render(context)
  File "C:\workspace\projet\venv\lib\site-packages\django\template\base.py", line 1008, in render
    return SafeString("".join([node.render_annotated(context) for node in self]))
  File "C:\workspace\projet\venv\lib\site-packages\django\template\base.py", line 1008, in <listcomp>
    return SafeString("".join([node.render_annotated(context) for node in self]))
  File "C:\workspace\projet\venv\lib\site-packages\django\template\base.py", line 969, in render_annotated
    return self.render(context)
  File "C:\workspace\projet\venv\lib\site-packages\django\template\defaulttags.py", line 480, in render
    url = reverse(view_name, args=args, kwargs=kwargs, current_app=current_app)
  File "C:\workspace\projet\venv\lib\site-packages\django\urls\base.py", line 88, in reverse
    return resolver._reverse_with_prefix(view, prefix, *args, **kwargs)
  File "C:\workspace\projet\venv\lib\site-packages\django\urls\resolvers.py", line 831, in _reverse_with_prefix
    raise NoReverseMatch(msg)
django.urls.exceptions.NoReverseMatch: Reverse for 'delete_retour' with no arguments not found. 1 pattern(s) tried: ['apps/delete_retour/(?P<retour>[0-9]+)/\\Z']
ERROR 2024-11-21 22:45:29,370 basehttp "GET /apps/all_retour HTTP/1.1" 500 127077
ERROR 2024-11-21 22:47:22,404 log Internal Server Error: /apps/all_retour
Traceback (most recent call last):
  File "C:\workspace\projet\venv\lib\site-packages\django\core\handlers\exception.py", line 55, in inner
    response = get_response(request)
  File "C:\workspace\projet\venv\lib\site-packages\django\core\handlers\base.py", line 197, in _get_response
    response = wrapped_callback(request, *callback_args, **callback_kwargs)
  File "C:\workspace\projet\backend\saleManagment\apps\views.py", line 207, in all_retour
    return render(request, 'allretour.html', {'retours': retours})
  File "C:\workspace\projet\venv\lib\site-packages\django\shortcuts.py", line 25, in render
    content = loader.render_to_string(template_name, context, request, using=using)
  File "C:\workspace\projet\venv\lib\site-packages\django\template\loader.py", line 62, in render_to_string
    return template.render(context, request)
  File "C:\workspace\projet\venv\lib\site-packages\django\template\backends\django.py", line 107, in render
    return self.template.render(context)
  File "C:\workspace\projet\venv\lib\site-packages\django\template\base.py", line 171, in render
    return self._render(context)
  File "C:\workspace\projet\venv\lib\site-packages\django\template\base.py", line 163, in _render
    return self.nodelist.render(context)
  File "C:\workspace\projet\venv\lib\site-packages\django\template\base.py", line 1008, in render
    return SafeString("".join([node.render_annotated(context) for node in self]))
  File "C:\workspace\projet\venv\lib\site-packages\django\template\base.py", line 1008, in <listcomp>
    return SafeString("".join([node.render_annotated(context) for node in self]))
  File "C:\workspace\projet\venv\lib\site-packages\django\template\base.py", line 969, in render_annotated
    return self.render(context)
  File "C:\workspace\projet\venv\lib\site-packages\django\template\defaulttags.py", line 480, in render
    url = reverse(view_name, args=args, kwargs=kwargs, current_app=current_app)
  File "C:\workspace\projet\venv\lib\site-packages\django\urls\base.py", line 88, in reverse
    return resolver._reverse_with_prefix(view, prefix, *args, **kwargs)
  File "C:\workspace\projet\venv\lib\site-packages\django\urls\resolvers.py", line 831, in _reverse_with_prefix
    raise NoReverseMatch(msg)
django.urls.exceptions.NoReverseMatch: Reverse for 'delete_retour' with no arguments not found. 1 pattern(s) tried: ['apps/delete_retour/(?P<retour>[0-9]+)/\\Z']
ERROR 2024-11-21 22:47:22,421 basehttp "GET /apps/all_retour HTTP/1.1" 500 127077
ERROR 2024-11-21 22:51:08,328 log Internal Server Error: /apps/delete_retour/36/
Traceback (most recent call last):
  File "C:\workspace\projet\venv\lib\site-packages\django\core\handlers\exception.py", line 55, in inner
    response = get_response(request)
  File "C:\workspace\projet\venv\lib\site-packages\django\core\handlers\base.py", line 197, in _get_response
    response = wrapped_callback(request, *callback_args, **callback_kwargs)
TypeError: delete_retour() got an unexpected keyword argument 'retour'
ERROR 2024-11-21 22:51:08,336 basehttp "GET /apps/delete_retour/36/ HTTP/1.1" 500 65257
ERROR 2024-11-21 22:56:37,443 log Internal Server Error: /apps/delete_retour/36/
Traceback (most recent call last):
  File "C:\workspace\projet\venv\lib\site-packages\django\core\handlers\exception.py", line 55, in inner
    response = get_response(request)
  File "C:\workspace\projet\venv\lib\site-packages\django\core\handlers\base.py", line 197, in _get_response
    response = wrapped_callback(request, *callback_args, **callback_kwargs)
TypeError: delete_retour() got an unexpected keyword argument 'retour'
ERROR 2024-11-21 22:56:37,446 basehttp "GET /apps/delete_retour/36/ HTTP/1.1" 500 65257
ERROR 2024-11-21 23:05:03,012 log Internal Server Error: /apps/delete_retour/36/
Traceback (most recent call last):
  File "C:\workspace\projet\venv\lib\site-packages\django\core\handlers\exception.py", line 55, in inner
    response = get_response(request)
  File "C:\workspace\projet\venv\lib\site-packages\django\core\handlers\base.py", line 197, in _get_response
    response = wrapped_callback(request, *callback_args, **callback_kwargs)
TypeError: delete_retour() got an unexpected keyword argument 'retour'
ERROR 2024-11-21 23:05:03,020 basehttp "GET /apps/delete_retour/36/ HTTP/1.1" 500 65257
ERROR 2024-11-21 23:08:33,476 log Internal Server Error: /apps/delete_retour/36/
Traceback (most recent call last):
  File "C:\workspace\projet\venv\lib\site-packages\django\core\handlers\exception.py", line 55, in inner
    response = get_response(request)
  File "C:\workspace\projet\venv\lib\site-packages\django\core\handlers\base.py", line 197, in _get_response
    response = wrapped_callback(request, *callback_args, **callback_kwargs)
TypeError: delete_retour() got an unexpected keyword argument 'retour'
ERROR 2024-11-21 23:08:33,484 basehttp "GET /apps/delete_retour/36/ HTTP/1.1" 500 65263
ERROR 2024-11-21 23:08:40,260 log Internal Server Error: /apps/delete_retour/36/
Traceback (most recent call last):
  File "C:\workspace\projet\venv\lib\site-packages\django\core\handlers\exception.py", line 55, in inner
    response = get_response(request)
  File "C:\workspace\projet\venv\lib\site-packages\django\core\handlers\base.py", line 197, in _get_response
    response = wrapped_callback(request, *callback_args, **callback_kwargs)
TypeError: delete_retour() got an unexpected keyword argument 'retour'
ERROR 2024-11-21 23:08:40,272 basehttp "GET /apps/delete_retour/36/ HTTP/1.1" 500 65257
ERROR 2024-11-21 23:28:37,375 log Internal Server Error: /apps/all_retour
Traceback (most recent call last):
  File "C:\workspace\projet\venv\lib\site-packages\django\core\handlers\exception.py", line 55, in inner
    response = get_response(request)
  File "C:\workspace\projet\venv\lib\site-packages\django\core\handlers\base.py", line 197, in _get_response
    response = wrapped_callback(request, *callback_args, **callback_kwargs)
  File "C:\workspace\projet\backend\saleManagment\apps\views.py", line 207, in all_retour
    return render(request, 'allretour.html', {'retours': retours})
  File "C:\workspace\projet\venv\lib\site-packages\django\shortcuts.py", line 25, in render
    content = loader.render_to_string(template_name, context, request, using=using)
  File "C:\workspace\projet\venv\lib\site-packages\django\template\loader.py", line 62, in render_to_string
    return template.render(context, request)
  File "C:\workspace\projet\venv\lib\site-packages\django\template\backends\django.py", line 107, in render
    return self.template.render(context)
  File "C:\workspace\projet\venv\lib\site-packages\django\template\base.py", line 171, in render
    return self._render(context)
  File "C:\workspace\projet\venv\lib\site-packages\django\template\base.py", line 163, in _render
    return self.nodelist.render(context)
  File "C:\workspace\projet\venv\lib\site-packages\django\template\base.py", line 1008, in render
    return SafeString("".join([node.render_annotated(context) for node in self]))
  File "C:\workspace\projet\venv\lib\site-packages\django\template\base.py", line 1008, in <listcomp>
    return SafeString("".join([node.render_annotated(context) for node in self]))
  File "C:\workspace\projet\venv\lib\site-packages\django\template\base.py", line 969, in render_annotated
    return self.render(context)
  File "C:\workspace\projet\venv\lib\site-packages\django\template\defaulttags.py", line 243, in render
    nodelist.append(node.render_annotated(context))
  File "C:\workspace\projet\venv\lib\site-packages\django\template\base.py", line 969, in render_annotated
    return self.render(context)
  File "C:\workspace\projet\venv\lib\site-packages\django\template\defaulttags.py", line 480, in render
    url = reverse(view_name, args=args, kwargs=kwargs, current_app=current_app)
  File "C:\workspace\projet\venv\lib\site-packages\django\urls\base.py", line 88, in reverse
    return resolver._reverse_with_prefix(view, prefix, *args, **kwargs)
  File "C:\workspace\projet\venv\lib\site-packages\django\urls\resolvers.py", line 831, in _reverse_with_prefix
    raise NoReverseMatch(msg)
django.urls.exceptions.NoReverseMatch: Reverse for 'delete_retour' with arguments '('',)' not found. 1 pattern(s) tried: ['apps/delete_retour/(?P<retour>[0-9]+)/\\Z']
ERROR 2024-11-21 23:28:37,419 basehttp "GET /apps/all_retour HTTP/1.1" 500 141556
ERROR 2024-11-21 23:29:17,253 log Internal Server Error: /apps/delete_retour/37/
Traceback (most recent call last):
  File "C:\workspace\projet\venv\lib\site-packages\django\core\handlers\exception.py", line 55, in inner
    response = get_response(request)
  File "C:\workspace\projet\venv\lib\site-packages\django\core\handlers\base.py", line 197, in _get_response
    response = wrapped_callback(request, *callback_args, **callback_kwargs)
TypeError: delete_retour() got an unexpected keyword argument 'retour'
ERROR 2024-11-21 23:29:17,259 basehttp "GET /apps/delete_retour/37/ HTTP/1.1" 500 65257
ERROR 2024-11-21 23:38:04,480 log Internal Server Error: /apps/delete_retour/36/
Traceback (most recent call last):
  File "C:\workspace\projet\venv\lib\site-packages\django\core\handlers\exception.py", line 55, in inner
    response = get_response(request)
  File "C:\workspace\projet\venv\lib\site-packages\django\core\handlers\base.py", line 197, in _get_response
    response = wrapped_callback(request, *callback_args, **callback_kwargs)
  File "C:\workspace\projet\backend\saleManagment\apps\views.py", line 427, in delete_retour
    commands = Command.objects.filter(facture=facture_instance)
  File "C:\workspace\projet\venv\lib\site-packages\django\db\models\manager.py", line 87, in manager_method
    return getattr(self.get_queryset(), name)(*args, **kwargs)
  File "C:\workspace\projet\venv\lib\site-packages\django\db\models\query.py", line 1476, in filter
    return self._filter_or_exclude(False, args, kwargs)
  File "C:\workspace\projet\venv\lib\site-packages\django\db\models\query.py", line 1494, in _filter_or_exclude
    clone._filter_or_exclude_inplace(negate, args, kwargs)
  File "C:\workspace\projet\venv\lib\site-packages\django\db\models\query.py", line 1501, in _filter_or_exclude_inplace
    self._query.add_q(Q(*args, **kwargs))
  File "C:\workspace\projet\venv\lib\site-packages\django\db\models\sql\query.py", line 1609, in add_q
    clause, _ = self._add_q(q_object, self.used_aliases)
  File "C:\workspace\projet\venv\lib\site-packages\django\db\models\sql\query.py", line 1641, in _add_q
    child_clause, needed_inner = self.build_filter(
  File "C:\workspace\projet\venv\lib\site-packages\django\db\models\sql\query.py", line 1491, in build_filter
    lookups, parts, reffed_expression = self.solve_lookup_type(arg, summarize)
  File "C:\workspace\projet\venv\lib\site-packages\django\db\models\sql\query.py", line 1303, in solve_lookup_type
    _, field, _, lookup_parts = self.names_to_path(lookup_splitted, self.get_meta())
  File "C:\workspace\projet\venv\lib\site-packages\django\db\models\sql\query.py", line 1768, in names_to_path
    raise FieldError(
django.core.exceptions.FieldError: Cannot resolve keyword 'facture' into field. Choices are: customer, customer_id, delivery, delivery_id, factures, id, lines, note, order_date, shipping_address, total_amount
ERROR 2024-11-21 23:38:04,565 basehttp "GET /apps/delete_retour/36/ HTTP/1.1" 500 116023
ERROR 2024-11-22 00:10:12,463 log Internal Server Error: /apps/invoice
Traceback (most recent call last):
  File "C:\workspace\projet\venv\lib\site-packages\django\core\handlers\exception.py", line 55, in inner
    response = get_response(request)
  File "C:\workspace\projet\venv\lib\site-packages\django\core\handlers\base.py", line 197, in _get_response
    response = wrapped_callback(request, *callback_args, **callback_kwargs)
  File "C:\workspace\projet\backend\saleManagment\apps\views.py", line 1248, in invoice
    return render(request,"invoice.html")
  File "C:\workspace\projet\venv\lib\site-packages\django\shortcuts.py", line 25, in render
    content = loader.render_to_string(template_name, context, request, using=using)
  File "C:\workspace\projet\venv\lib\site-packages\django\template\loader.py", line 62, in render_to_string
    return template.render(context, request)
  File "C:\workspace\projet\venv\lib\site-packages\django\template\backends\django.py", line 107, in render
    return self.template.render(context)
  File "C:\workspace\projet\venv\lib\site-packages\django\template\base.py", line 171, in render
    return self._render(context)
  File "C:\workspace\projet\venv\lib\site-packages\django\template\base.py", line 163, in _render
    return self.nodelist.render(context)
  File "C:\workspace\projet\venv\lib\site-packages\django\template\base.py", line 1008, in render
    return SafeString("".join([node.render_annotated(context) for node in self]))
  File "C:\workspace\projet\venv\lib\site-packages\django\template\base.py", line 1008, in <listcomp>
    return SafeString("".join([node.render_annotated(context) for node in self]))
  File "C:\workspace\projet\venv\lib\site-packages\django\template\base.py", line 969, in render_annotated
    return self.render(context)
  File "C:\workspace\projet\venv\lib\site-packages\django\template\defaulttags.py", line 480, in render
    url = reverse(view_name, args=args, kwargs=kwargs, current_app=current_app)
  File "C:\workspace\projet\venv\lib\site-packages\django\urls\base.py", line 88, in reverse
    return resolver._reverse_with_prefix(view, prefix, *args, **kwargs)
  File "C:\workspace\projet\venv\lib\site-packages\django\urls\resolvers.py", line 831, in _reverse_with_prefix
    raise NoReverseMatch(msg)
django.urls.exceptions.NoReverseMatch: Reverse for 'delete_facture' with no arguments not found. 1 pattern(s) tried: ['apps/delete_facture/(?P<facture_id>[0-9]+)/\\Z']
ERROR 2024-11-22 00:10:12,505 basehttp "GET /apps/invoice HTTP/1.1" 500 124290
ERROR 2024-11-22 00:10:50,458 log Internal Server Error: /apps/get_all_factures
Traceback (most recent call last):
  File "C:\workspace\projet\venv\lib\site-packages\django\core\handlers\exception.py", line 55, in inner
    response = get_response(request)
  File "C:\workspace\projet\venv\lib\site-packages\django\core\handlers\base.py", line 197, in _get_response
    response = wrapped_callback(request, *callback_args, **callback_kwargs)
  File "C:\workspace\projet\backend\saleManagment\apps\views.py", line 784, in get_all_factures
    return render(request, 'allfacture.html', {'factures': factures})
  File "C:\workspace\projet\venv\lib\site-packages\django\shortcuts.py", line 25, in render
    content = loader.render_to_string(template_name, context, request, using=using)
  File "C:\workspace\projet\venv\lib\site-packages\django\template\loader.py", line 62, in render_to_string
    return template.render(context, request)
  File "C:\workspace\projet\venv\lib\site-packages\django\template\backends\django.py", line 107, in render
    return self.template.render(context)
  File "C:\workspace\projet\venv\lib\site-packages\django\template\base.py", line 171, in render
    return self._render(context)
  File "C:\workspace\projet\venv\lib\site-packages\django\template\base.py", line 163, in _render
    return self.nodelist.render(context)
  File "C:\workspace\projet\venv\lib\site-packages\django\template\base.py", line 1008, in render
    return SafeString("".join([node.render_annotated(context) for node in self]))
  File "C:\workspace\projet\venv\lib\site-packages\django\template\base.py", line 1008, in <listcomp>
    return SafeString("".join([node.render_annotated(context) for node in self]))
  File "C:\workspace\projet\venv\lib\site-packages\django\template\base.py", line 969, in render_annotated
    return self.render(context)
  File "C:\workspace\projet\venv\lib\site-packages\django\template\defaulttags.py", line 480, in render
    url = reverse(view_name, args=args, kwargs=kwargs, current_app=current_app)
  File "C:\workspace\projet\venv\lib\site-packages\django\urls\base.py", line 88, in reverse
    return resolver._reverse_with_prefix(view, prefix, *args, **kwargs)
  File "C:\workspace\projet\venv\lib\site-packages\django\urls\resolvers.py", line 831, in _reverse_with_prefix
    raise NoReverseMatch(msg)
django.urls.exceptions.NoReverseMatch: Reverse for 'delete_facture' with no arguments not found. 1 pattern(s) tried: ['apps/delete_facture/(?P<facture_id>[0-9]+)/\\Z']
ERROR 2024-11-22 00:10:50,503 basehttp "GET /apps/get_all_factures HTTP/1.1" 500 130317
ERROR 2024-11-22 00:27:55,193 log Internal Server Error: /apps/reception
Traceback (most recent call last):
  File "C:\workspace\projet\venv\lib\site-packages\django\core\handlers\exception.py", line 55, in inner
    response = get_response(request)
  File "C:\workspace\projet\venv\lib\site-packages\django\core\handlers\base.py", line 197, in _get_response
    response = wrapped_callback(request, *callback_args, **callback_kwargs)
  File "C:\workspace\projet\backend\saleManagment\apps\views.py", line 1288, in reception
    return render(request,"reception.html")
  File "C:\workspace\projet\venv\lib\site-packages\django\shortcuts.py", line 25, in render
    content = loader.render_to_string(template_name, context, request, using=using)
  File "C:\workspace\projet\venv\lib\site-packages\django\template\loader.py", line 62, in render_to_string
    return template.render(context, request)
  File "C:\workspace\projet\venv\lib\site-packages\django\template\backends\django.py", line 107, in render
    return self.template.render(context)
  File "C:\workspace\projet\venv\lib\site-packages\django\template\base.py", line 171, in render
    return self._render(context)
  File "C:\workspace\projet\venv\lib\site-packages\django\template\base.py", line 163, in _render
    return self.nodelist.render(context)
  File "C:\workspace\projet\venv\lib\site-packages\django\template\base.py", line 1008, in render
    return SafeString("".join([node.render_annotated(context) for node in self]))
  File "C:\workspace\projet\venv\lib\site-packages\django\template\base.py", line 1008, in <listcomp>
    return SafeString("".join([node.render_annotated(context) for node in self]))
  File "C:\workspace\projet\venv\lib\site-packages\django\template\base.py", line 969, in render_annotated
    return self.render(context)
  File "C:\workspace\projet\venv\lib\site-packages\django\template\defaulttags.py", line 480, in render
    url = reverse(view_name, args=args, kwargs=kwargs, current_app=current_app)
  File "C:\workspace\projet\venv\lib\site-packages\django\urls\base.py", line 88, in reverse
    return resolver._reverse_with_prefix(view, prefix, *args, **kwargs)
  File "C:\workspace\projet\venv\lib\site-packages\django\urls\resolvers.py", line 831, in _reverse_with_prefix
    raise NoReverseMatch(msg)
django.urls.exceptions.NoReverseMatch: Reverse for 'delete_bonreception' with no arguments not found. 1 pattern(s) tried: ['apps/delete_bonreception/(?P<delivery_id>[0-9]+)/\\Z']
ERROR 2024-11-22 00:27:55,252 basehttp "GET /apps/reception HTTP/1.1" 500 124574
ERROR 2024-11-22 00:48:19,363 log Internal Server Error: /apps/all_bonreception
Traceback (most recent call last):
  File "C:\workspace\projet\venv\lib\site-packages\django\core\handlers\exception.py", line 55, in inner
    response = get_response(request)
  File "C:\workspace\projet\venv\lib\site-packages\django\core\handlers\base.py", line 197, in _get_response
    response = wrapped_callback(request, *callback_args, **callback_kwargs)
  File "C:\workspace\projet\backend\saleManagment\apps\views.py", line 172, in all_bonreception
    return render(request, 'allreception.html', {'bonreceptions': bonreceptions})
  File "C:\workspace\projet\venv\lib\site-packages\django\shortcuts.py", line 25, in render
    content = loader.render_to_string(template_name, context, request, using=using)
  File "C:\workspace\projet\venv\lib\site-packages\django\template\loader.py", line 61, in render_to_string
    template = get_template(template_name, using=using)
  File "C:\workspace\projet\venv\lib\site-packages\django\template\loader.py", line 15, in get_template
    return engine.get_template(template_name)
  File "C:\workspace\projet\venv\lib\site-packages\django\template\backends\django.py", line 79, in get_template
    return Template(self.engine.get_template(template_name), self)
  File "C:\workspace\projet\venv\lib\site-packages\django\template\engine.py", line 177, in get_template
    template, origin = self.find_template(template_name)
  File "C:\workspace\projet\venv\lib\site-packages\django\template\engine.py", line 159, in find_template
    template = loader.get_template(name, skip=skip)
  File "C:\workspace\projet\venv\lib\site-packages\django\template\loaders\cached.py", line 57, in get_template
    template = super().get_template(template_name, skip)
  File "C:\workspace\projet\venv\lib\site-packages\django\template\loaders\base.py", line 28, in get_template
    return Template(
  File "C:\workspace\projet\venv\lib\site-packages\django\template\base.py", line 154, in __init__
    self.nodelist = self.compile_nodelist()
  File "C:\workspace\projet\venv\lib\site-packages\django\template\base.py", line 196, in compile_nodelist
    nodelist = parser.parse()
  File "C:\workspace\projet\venv\lib\site-packages\django\template\base.py", line 518, in parse
    raise self.error(token, e)
  File "C:\workspace\projet\venv\lib\site-packages\django\template\base.py", line 516, in parse
    compiled_result = compile_func(self, token)
  File "C:\workspace\projet\venv\lib\site-packages\django\template\defaulttags.py", line 962, in do_if
    nodelist = parser.parse(("elif", "else", "endif"))
  File "C:\workspace\projet\venv\lib\site-packages\django\template\base.py", line 523, in parse
    self.unclosed_block_tag(parse_until)
  File "C:\workspace\projet\venv\lib\site-packages\django\template\base.py", line 586, in unclosed_block_tag
    raise self.error(token, msg)
django.template.exceptions.TemplateSyntaxError: Unclosed tag on line 55: 'if'. Looking for one of: elif, else, endif.
ERROR 2024-11-22 00:48:23,527 log Internal Server Error: /apps/all_bonreception
Traceback (most recent call last):
  File "C:\workspace\projet\venv\lib\site-packages\django\core\handlers\exception.py", line 55, in inner
    response = get_response(request)
  File "C:\workspace\projet\venv\lib\site-packages\django\core\handlers\base.py", line 197, in _get_response
    response = wrapped_callback(request, *callback_args, **callback_kwargs)
  File "C:\workspace\projet\backend\saleManagment\apps\views.py", line 172, in all_bonreception
    return render(request, 'allreception.html', {'bonreceptions': bonreceptions})
  File "C:\workspace\projet\venv\lib\site-packages\django\shortcuts.py", line 25, in render
    content = loader.render_to_string(template_name, context, request, using=using)
  File "C:\workspace\projet\venv\lib\site-packages\django\template\loader.py", line 61, in render_to_string
    template = get_template(template_name, using=using)
  File "C:\workspace\projet\venv\lib\site-packages\django\template\loader.py", line 15, in get_template
    return engine.get_template(template_name)
  File "C:\workspace\projet\venv\lib\site-packages\django\template\backends\django.py", line 79, in get_template
    return Template(self.engine.get_template(template_name), self)
  File "C:\workspace\projet\venv\lib\site-packages\django\template\engine.py", line 177, in get_template
    template, origin = self.find_template(template_name)
  File "C:\workspace\projet\venv\lib\site-packages\django\template\engine.py", line 159, in find_template
    template = loader.get_template(name, skip=skip)
  File "C:\workspace\projet\venv\lib\site-packages\django\template\loaders\cached.py", line 57, in get_template
    template = super().get_template(template_name, skip)
  File "C:\workspace\projet\venv\lib\site-packages\django\template\loaders\base.py", line 28, in get_template
    return Template(
  File "C:\workspace\projet\venv\lib\site-packages\django\template\base.py", line 154, in __init__
    self.nodelist = self.compile_nodelist()
  File "C:\workspace\projet\venv\lib\site-packages\django\template\base.py", line 196, in compile_nodelist
    nodelist = parser.parse()
  File "C:\workspace\projet\venv\lib\site-packages\django\template\base.py", line 518, in parse
    raise self.error(token, e)
  File "C:\workspace\projet\venv\lib\site-packages\django\template\base.py", line 516, in parse
    compiled_result = compile_func(self, token)
  File "C:\workspace\projet\venv\lib\site-packages\django\template\defaulttags.py", line 962, in do_if
    nodelist = parser.parse(("elif", "else", "endif"))
  File "C:\workspace\projet\venv\lib\site-packages\django\template\base.py", line 523, in parse
    self.unclosed_block_tag(parse_until)
  File "C:\workspace\projet\venv\lib\site-packages\django\template\base.py", line 586, in unclosed_block_tag
    raise self.error(token, msg)
django.template.exceptions.TemplateSyntaxError: Unclosed tag on line 55: 'if'. Looking for one of: elif, else, endif.
ERROR 2024-11-22 00:48:23,577 basehttp "GET /apps/all_bonreception HTTP/1.1" 500 165195
ERROR 2024-11-22 00:49:47,349 log Internal Server Error: /apps/all_bonreception
Traceback (most recent call last):
  File "C:\workspace\projet\venv\lib\site-packages\django\core\handlers\exception.py", line 55, in inner
    response = get_response(request)
  File "C:\workspace\projet\venv\lib\site-packages\django\core\handlers\base.py", line 197, in _get_response
    response = wrapped_callback(request, *callback_args, **callback_kwargs)
  File "C:\workspace\projet\backend\saleManagment\apps\views.py", line 172, in all_bonreception
    return render(request, 'allreception.html', {'bonreceptions': bonreceptions})
  File "C:\workspace\projet\venv\lib\site-packages\django\shortcuts.py", line 25, in render
    content = loader.render_to_string(template_name, context, request, using=using)
  File "C:\workspace\projet\venv\lib\site-packages\django\template\loader.py", line 61, in render_to_string
    template = get_template(template_name, using=using)
  File "C:\workspace\projet\venv\lib\site-packages\django\template\loader.py", line 15, in get_template
    return engine.get_template(template_name)
  File "C:\workspace\projet\venv\lib\site-packages\django\template\backends\django.py", line 79, in get_template
    return Template(self.engine.get_template(template_name), self)
  File "C:\workspace\projet\venv\lib\site-packages\django\template\engine.py", line 177, in get_template
    template, origin = self.find_template(template_name)
  File "C:\workspace\projet\venv\lib\site-packages\django\template\engine.py", line 159, in find_template
    template = loader.get_template(name, skip=skip)
  File "C:\workspace\projet\venv\lib\site-packages\django\template\loaders\cached.py", line 57, in get_template
    template = super().get_template(template_name, skip)
  File "C:\workspace\projet\venv\lib\site-packages\django\template\loaders\base.py", line 28, in get_template
    return Template(
  File "C:\workspace\projet\venv\lib\site-packages\django\template\base.py", line 154, in __init__
    self.nodelist = self.compile_nodelist()
  File "C:\workspace\projet\venv\lib\site-packages\django\template\base.py", line 196, in compile_nodelist
    nodelist = parser.parse()
  File "C:\workspace\projet\venv\lib\site-packages\django\template\base.py", line 518, in parse
    raise self.error(token, e)
  File "C:\workspace\projet\venv\lib\site-packages\django\template\base.py", line 516, in parse
    compiled_result = compile_func(self, token)
  File "C:\workspace\projet\venv\lib\site-packages\django\template\defaulttags.py", line 962, in do_if
    nodelist = parser.parse(("elif", "else", "endif"))
  File "C:\workspace\projet\venv\lib\site-packages\django\template\base.py", line 523, in parse
    self.unclosed_block_tag(parse_until)
  File "C:\workspace\projet\venv\lib\site-packages\django\template\base.py", line 586, in unclosed_block_tag
    raise self.error(token, msg)
django.template.exceptions.TemplateSyntaxError: Unclosed tag on line 57: 'if'. Looking for one of: elif, else, endif.
ERROR 2024-11-22 00:49:47,370 basehttp "GET /apps/all_bonreception HTTP/1.1" 500 165174
ERROR 2024-11-22 09:41:29,067 log Internal Server Error: /apps/returne
Traceback (most recent call last):
  File "C:\workspace\projet\venv\lib\site-packages\django\core\handlers\exception.py", line 55, in inner
    response = get_response(request)
  File "C:\workspace\projet\venv\lib\site-packages\django\core\handlers\base.py", line 197, in _get_response
    response = wrapped_callback(request, *callback_args, **callback_kwargs)
  File "C:\workspace\projet\backend\saleManagment\apps\views.py", line 1385, in returne
    return render(request,"returne.html")
  File "C:\workspace\projet\venv\lib\site-packages\django\shortcuts.py", line 25, in render
    content = loader.render_to_string(template_name, context, request, using=using)
  File "C:\workspace\projet\venv\lib\site-packages\django\template\loader.py", line 62, in render_to_string
    return template.render(context, request)
  File "C:\workspace\projet\venv\lib\site-packages\django\template\backends\django.py", line 107, in render
    return self.template.render(context)
  File "C:\workspace\projet\venv\lib\site-packages\django\template\base.py", line 171, in render
    return self._render(context)
  File "C:\workspace\projet\venv\lib\site-packages\django\template\base.py", line 163, in _render
    return self.nodelist.render(context)
  File "C:\workspace\projet\venv\lib\site-packages\django\template\base.py", line 1008, in render
    return SafeString("".join([node.render_annotated(context) for node in self]))
  File "C:\workspace\projet\venv\lib\site-packages\django\template\base.py", line 1008, in <listcomp>
    return SafeString("".join([node.render_annotated(context) for node in self]))
  File "C:\workspace\projet\venv\lib\site-packages\django\template\base.py", line 969, in render_annotated
    return self.render(context)
  File "C:\workspace\projet\venv\lib\site-packages\django\template\defaulttags.py", line 480, in render
    url = reverse(view_name, args=args, kwargs=kwargs, current_app=current_app)
  File "C:\workspace\projet\venv\lib\site-packages\django\urls\base.py", line 88, in reverse
    return resolver._reverse_with_prefix(view, prefix, *args, **kwargs)
  File "C:\workspace\projet\venv\lib\site-packages\django\urls\resolvers.py", line 831, in _reverse_with_prefix
    raise NoReverseMatch(msg)
django.urls.exceptions.NoReverseMatch: Reverse for 'delete_retour' with no arguments not found. 1 pattern(s) tried: ['apps/delete_retour/(?P<pk>[^/]+)/\\Z']
ERROR 2024-11-22 09:41:29,124 basehttp "GET /apps/returne HTTP/1.1" 500 123952
ERROR 2024-11-22 10:35:36,429 log Internal Server Error: /apps/add_facture/
Traceback (most recent call last):
  File "C:\workspace\projet\venv\lib\site-packages\django\core\handlers\exception.py", line 55, in inner
    response = get_response(request)
  File "C:\workspace\projet\venv\lib\site-packages\django\core\handlers\base.py", line 197, in _get_response
    response = wrapped_callback(request, *callback_args, **callback_kwargs)
  File "C:\workspace\projet\backend\saleManagment\apps\views.py", line 1064, in add_facture
    customers = Customer.objects.all()
NameError: name 'Customer' is not defined
ERROR 2024-11-22 10:35:36,440 basehttp "GET /apps/add_facture/ HTTP/1.1" 500 68469
ERROR 2024-11-22 19:59:04,038 log Internal Server Error: /apps/update_facture/45/
Traceback (most recent call last):
  File "C:\workspace\projet\venv\lib\site-packages\django\core\handlers\exception.py", line 55, in inner
    response = get_response(request)
  File "C:\workspace\projet\venv\lib\site-packages\django\core\handlers\base.py", line 197, in _get_response
    response = wrapped_callback(request, *callback_args, **callback_kwargs)
  File "C:\workspace\projet\backend\saleManagment\apps\views.py", line 855, in update_facture
    return render(request, "update_facture.html", {
  File "C:\workspace\projet\venv\lib\site-packages\django\shortcuts.py", line 25, in render
    content = loader.render_to_string(template_name, context, request, using=using)
  File "C:\workspace\projet\venv\lib\site-packages\django\template\loader.py", line 61, in render_to_string
    template = get_template(template_name, using=using)
  File "C:\workspace\projet\venv\lib\site-packages\django\template\loader.py", line 19, in get_template
    raise TemplateDoesNotExist(template_name, chain=chain)
django.template.exceptions.TemplateDoesNotExist: update_facture.html
ERROR 2024-11-22 19:59:04,056 basehttp "GET /apps/update_facture/45/ HTTP/1.1" 500 86234
ERROR 2024-11-22 23:44:44,260 log Internal Server Error: /apps/add_bonreception
Traceback (most recent call last):
  File "C:\workspace\projet\venv\lib\site-packages\django\core\handlers\exception.py", line 55, in inner
    response = get_response(request)
  File "C:\workspace\projet\venv\lib\site-packages\django\core\handlers\base.py", line 197, in _get_response
    response = wrapped_callback(request, *callback_args, **callback_kwargs)
  File "C:\workspace\projet\venv\lib\site-packages\django\views\decorators\csrf.py", line 65, in _view_wrapper
    return view_func(request, *args, **kwargs)
  File "C:\workspace\projet\venv\lib\site-packages\django\views\generic\base.py", line 104, in view
    return self.dispatch(request, *args, **kwargs)
  File "C:\workspace\projet\venv\lib\site-packages\rest_framework\views.py", line 509, in dispatch
    response = self.handle_exception(exc)
  File "C:\workspace\projet\venv\lib\site-packages\rest_framework\views.py", line 469, in handle_exception
    self.raise_uncaught_exception(exc)
  File "C:\workspace\projet\venv\lib\site-packages\rest_framework\views.py", line 480, in raise_uncaught_exception
    raise exc
  File "C:\workspace\projet\venv\lib\site-packages\rest_framework\views.py", line 506, in dispatch
    response = handler(request, *args, **kwargs)
  File "C:\workspace\projet\venv\lib\site-packages\rest_framework\decorators.py", line 50, in handler
    return func(*args, **kwargs)
  File "C:\workspace\projet\backend\saleManagment\apps\views.py", line 104, in add_bonreception
    formset = BonReceptionLineFormSet(queryset=BonReceptionLine.objects.none())  # Ensure formset has no initial data
NameError: name 'BonReceptionLine' is not defined
ERROR 2024-11-22 23:44:44,295 basehttp "GET /apps/add_bonreception HTTP/1.1" 500 99618
ERROR 2024-11-23 00:55:21,546 log Internal Server Error: /apps/update_retour/33
Traceback (most recent call last):
  File "C:\workspace\projet\venv\lib\site-packages\django\core\handlers\exception.py", line 55, in inner
    response = get_response(request)
  File "C:\workspace\projet\venv\lib\site-packages\django\core\handlers\base.py", line 197, in _get_response
    response = wrapped_callback(request, *callback_args, **callback_kwargs)
  File "C:\workspace\projet\backend\saleManagment\apps\views.py", line 488, in update_retour
    old_quantite_retournee = retour_instance.quantite_retournee
AttributeError: 'retour' object has no attribute 'quantite_retournee'
ERROR 2024-11-23 00:55:21,566 basehttp "GET /apps/update_retour/33 HTTP/1.1" 500 68945
ERROR 2024-11-23 02:30:52,391 log Internal Server Error: /apps/search_return
Traceback (most recent call last):
  File "C:\workspace\projet\venv\lib\site-packages\django\core\handlers\exception.py", line 55, in inner
    response = get_response(request)
  File "C:\workspace\projet\venv\lib\site-packages\django\core\handlers\base.py", line 197, in _get_response
    response = wrapped_callback(request, *callback_args, **callback_kwargs)
  File "C:\workspace\projet\backend\saleManagment\apps\views.py", line 691, in search_return
    retours = retour.objects.filter(
  File "C:\workspace\projet\venv\lib\site-packages\django\db\models\manager.py", line 87, in manager_method
    return getattr(self.get_queryset(), name)(*args, **kwargs)
  File "C:\workspace\projet\venv\lib\site-packages\django\db\models\query.py", line 1476, in filter
    return self._filter_or_exclude(False, args, kwargs)
  File "C:\workspace\projet\venv\lib\site-packages\django\db\models\query.py", line 1494, in _filter_or_exclude
    clone._filter_or_exclude_inplace(negate, args, kwargs)
  File "C:\workspace\projet\venv\lib\site-packages\django\db\models\query.py", line 1501, in _filter_or_exclude_inplace
    self._query.add_q(Q(*args, **kwargs))
  File "C:\workspace\projet\venv\lib\site-packages\django\db\models\sql\query.py", line 1609, in add_q
    clause, _ = self._add_q(q_object, self.used_aliases)
  File "C:\workspace\projet\venv\lib\site-packages\django\db\models\sql\query.py", line 1641, in _add_q
    child_clause, needed_inner = self.build_filter(
  File "C:\workspace\projet\venv\lib\site-packages\django\db\models\sql\query.py", line 1468, in build_filter
    return self._add_q(
  File "C:\workspace\projet\venv\lib\site-packages\django\db\models\sql\query.py", line 1641, in _add_q
    child_clause, needed_inner = self.build_filter(
  File "C:\workspace\projet\venv\lib\site-packages\django\db\models\sql\query.py", line 1555, in build_filter
    condition = self.build_lookup(lookups, col, value)
  File "C:\workspace\projet\venv\lib\site-packages\django\db\models\sql\query.py", line 1372, in build_lookup
    lhs = self.try_transform(lhs, name)
  File "C:\workspace\projet\venv\lib\site-packages\django\db\models\sql\query.py", line 1423, in try_transform
    raise FieldError(
django.core.exceptions.FieldError: Unsupported lookup 'livreur_name' for ForeignKey or join on the field not permitted.
ERROR 2024-11-23 02:30:52,443 basehttp "GET /apps/search_return?csrfmiddlewaretoken=CRTlx9YT7BqXT0fiCKD4SxcqzIusyoWBJhbT0mxxE7Kw3xCoHgFfygoawCnkgfLf&searched=pas+conforme HTTP/1.1" 500 137671
ERROR 2024-11-23 02:32:10,684 log Internal Server Error: /apps/search_return
Traceback (most recent call last):
  File "C:\workspace\projet\venv\lib\site-packages\django\core\handlers\exception.py", line 55, in inner
    response = get_response(request)
  File "C:\workspace\projet\venv\lib\site-packages\django\core\handlers\base.py", line 197, in _get_response
    response = wrapped_callback(request, *callback_args, **callback_kwargs)
  File "C:\workspace\projet\backend\saleManagment\apps\views.py", line 707, in search_return
    return render(request, 'search_return.html', {'retours': retours, 'searched': searched})
  File "C:\workspace\projet\venv\lib\site-packages\django\shortcuts.py", line 25, in render
    content = loader.render_to_string(template_name, context, request, using=using)
  File "C:\workspace\projet\venv\lib\site-packages\django\template\loader.py", line 62, in render_to_string
    return template.render(context, request)
  File "C:\workspace\projet\venv\lib\site-packages\django\template\backends\django.py", line 107, in render
    return self.template.render(context)
  File "C:\workspace\projet\venv\lib\site-packages\django\template\base.py", line 171, in render
    return self._render(context)
  File "C:\workspace\projet\venv\lib\site-packages\django\template\base.py", line 163, in _render
    return self.nodelist.render(context)
  File "C:\workspace\projet\venv\lib\site-packages\django\template\base.py", line 1008, in render
    return SafeString("".join([node.render_annotated(context) for node in self]))
  File "C:\workspace\projet\venv\lib\site-packages\django\template\base.py", line 1008, in <listcomp>
    return SafeString("".join([node.render_annotated(context) for node in self]))
  File "C:\workspace\projet\venv\lib\site-packages\django\template\base.py", line 969, in render_annotated
    return self.render(context)
  File "C:\workspace\projet\venv\lib\site-packages\django\template\defaulttags.py", line 480, in render
    url = reverse(view_name, args=args, kwargs=kwargs, current_app=current_app)
  File "C:\workspace\projet\venv\lib\site-packages\django\urls\base.py", line 88, in reverse
    return resolver._reverse_with_prefix(view, prefix, *args, **kwargs)
  File "C:\workspace\projet\venv\lib\site-packages\django\urls\resolvers.py", line 831, in _reverse_with_prefix
    raise NoReverseMatch(msg)
django.urls.exceptions.NoReverseMatch: Reverse for 'delete_retour' with no arguments not found. 1 pattern(s) tried: ['apps/delete_retour/(?P<pk>[^/]+)/\\Z']
ERROR 2024-11-23 02:32:10,716 basehttp "GET /apps/search_return?csrfmiddlewaretoken=CRTlx9YT7BqXT0fiCKD4SxcqzIusyoWBJhbT0mxxE7Kw3xCoHgFfygoawCnkgfLf&searched=pas+conforme HTTP/1.1" 500 128132
ERROR 2024-11-23 02:43:09,302 log Internal Server Error: /apps/search_facture
Traceback (most recent call last):
  File "C:\workspace\projet\venv\lib\site-packages\django\core\handlers\exception.py", line 55, in inner
    response = get_response(request)
  File "C:\workspace\projet\venv\lib\site-packages\django\core\handlers\base.py", line 197, in _get_response
    response = wrapped_callback(request, *callback_args, **callback_kwargs)
  File "C:\workspace\projet\backend\saleManagment\apps\views.py", line 1028, in search_facture
    factures = facture.objects.filter(
  File "C:\workspace\projet\venv\lib\site-packages\django\db\models\manager.py", line 87, in manager_method
    return getattr(self.get_queryset(), name)(*args, **kwargs)
  File "C:\workspace\projet\venv\lib\site-packages\django\db\models\query.py", line 1476, in filter
    return self._filter_or_exclude(False, args, kwargs)
  File "C:\workspace\projet\venv\lib\site-packages\django\db\models\query.py", line 1494, in _filter_or_exclude
    clone._filter_or_exclude_inplace(negate, args, kwargs)
  File "C:\workspace\projet\venv\lib\site-packages\django\db\models\query.py", line 1501, in _filter_or_exclude_inplace
    self._query.add_q(Q(*args, **kwargs))
  File "C:\workspace\projet\venv\lib\site-packages\django\db\models\sql\query.py", line 1609, in add_q
    clause, _ = self._add_q(q_object, self.used_aliases)
  File "C:\workspace\projet\venv\lib\site-packages\django\db\models\sql\query.py", line 1641, in _add_q
    child_clause, needed_inner = self.build_filter(
  File "C:\workspace\projet\venv\lib\site-packages\django\db\models\sql\query.py", line 1468, in build_filter
    return self._add_q(
  File "C:\workspace\projet\venv\lib\site-packages\django\db\models\sql\query.py", line 1641, in _add_q
    child_clause, needed_inner = self.build_filter(
  File "C:\workspace\projet\venv\lib\site-packages\django\db\models\sql\query.py", line 1555, in build_filter
    condition = self.build_lookup(lookups, col, value)
  File "C:\workspace\projet\venv\lib\site-packages\django\db\models\sql\query.py", line 1372, in build_lookup
    lhs = self.try_transform(lhs, name)
  File "C:\workspace\projet\venv\lib\site-packages\django\db\models\sql\query.py", line 1423, in try_transform
    raise FieldError(
django.core.exceptions.FieldError: Unsupported lookup 'name' for ForeignKey or join on the field not permitted.
ERROR 2024-11-23 02:43:09,325 basehttp "GET /apps/search_facture?csrfmiddlewaretoken=EmEW8eufUkFsUk0KLhvLlwKuPZrk618ZLMWuBr3TrQZ14RnQQNxW1fWeMTkcOSXD&searched=virment+updated HTTP/1.1" 500 135777
ERROR 2024-11-23 02:44:11,071 log Internal Server Error: /apps/search_facture
Traceback (most recent call last):
  File "C:\workspace\projet\venv\lib\site-packages\django\core\handlers\exception.py", line 55, in inner
    response = get_response(request)
  File "C:\workspace\projet\venv\lib\site-packages\django\core\handlers\base.py", line 197, in _get_response
    response = wrapped_callback(request, *callback_args, **callback_kwargs)
  File "C:\workspace\projet\backend\saleManagment\apps\views.py", line 1028, in search_facture
    factures = facture.objects.filter(
  File "C:\workspace\projet\venv\lib\site-packages\django\db\models\manager.py", line 87, in manager_method
    return getattr(self.get_queryset(), name)(*args, **kwargs)
  File "C:\workspace\projet\venv\lib\site-packages\django\db\models\query.py", line 1476, in filter
    return self._filter_or_exclude(False, args, kwargs)
  File "C:\workspace\projet\venv\lib\site-packages\django\db\models\query.py", line 1494, in _filter_or_exclude
    clone._filter_or_exclude_inplace(negate, args, kwargs)
  File "C:\workspace\projet\venv\lib\site-packages\django\db\models\query.py", line 1501, in _filter_or_exclude_inplace
    self._query.add_q(Q(*args, **kwargs))
  File "C:\workspace\projet\venv\lib\site-packages\django\db\models\sql\query.py", line 1609, in add_q
    clause, _ = self._add_q(q_object, self.used_aliases)
  File "C:\workspace\projet\venv\lib\site-packages\django\db\models\sql\query.py", line 1641, in _add_q
    child_clause, needed_inner = self.build_filter(
  File "C:\workspace\projet\venv\lib\site-packages\django\db\models\sql\query.py", line 1468, in build_filter
    return self._add_q(
  File "C:\workspace\projet\venv\lib\site-packages\django\db\models\sql\query.py", line 1641, in _add_q
    child_clause, needed_inner = self.build_filter(
  File "C:\workspace\projet\venv\lib\site-packages\django\db\models\sql\query.py", line 1555, in build_filter
    condition = self.build_lookup(lookups, col, value)
  File "C:\workspace\projet\venv\lib\site-packages\django\db\models\sql\query.py", line 1372, in build_lookup
    lhs = self.try_transform(lhs, name)
  File "C:\workspace\projet\venv\lib\site-packages\django\db\models\sql\query.py", line 1423, in try_transform
    raise FieldError(
django.core.exceptions.FieldError: Unsupported lookup 'name' for ForeignKey or join on the field not permitted.
ERROR 2024-11-23 02:44:11,122 basehttp "GET /apps/search_facture?csrfmiddlewaretoken=EmEW8eufUkFsUk0KLhvLlwKuPZrk618ZLMWuBr3TrQZ14RnQQNxW1fWeMTkcOSXD&searched=virment+updated HTTP/1.1" 500 135914
ERROR 2024-11-23 02:44:22,010 log Internal Server Error: /apps/search_facture
Traceback (most recent call last):
  File "C:\workspace\projet\venv\lib\site-packages\django\core\handlers\exception.py", line 55, in inner
    response = get_response(request)
  File "C:\workspace\projet\venv\lib\site-packages\django\core\handlers\base.py", line 197, in _get_response
    response = wrapped_callback(request, *callback_args, **callback_kwargs)
  File "C:\workspace\projet\backend\saleManagment\apps\views.py", line 1028, in search_facture
    factures = facture.objects.filter(
  File "C:\workspace\projet\venv\lib\site-packages\django\db\models\manager.py", line 87, in manager_method
    return getattr(self.get_queryset(), name)(*args, **kwargs)
  File "C:\workspace\projet\venv\lib\site-packages\django\db\models\query.py", line 1476, in filter
    return self._filter_or_exclude(False, args, kwargs)
  File "C:\workspace\projet\venv\lib\site-packages\django\db\models\query.py", line 1494, in _filter_or_exclude
    clone._filter_or_exclude_inplace(negate, args, kwargs)
  File "C:\workspace\projet\venv\lib\site-packages\django\db\models\query.py", line 1501, in _filter_or_exclude_inplace
    self._query.add_q(Q(*args, **kwargs))
  File "C:\workspace\projet\venv\lib\site-packages\django\db\models\sql\query.py", line 1609, in add_q
    clause, _ = self._add_q(q_object, self.used_aliases)
  File "C:\workspace\projet\venv\lib\site-packages\django\db\models\sql\query.py", line 1641, in _add_q
    child_clause, needed_inner = self.build_filter(
  File "C:\workspace\projet\venv\lib\site-packages\django\db\models\sql\query.py", line 1468, in build_filter
    return self._add_q(
  File "C:\workspace\projet\venv\lib\site-packages\django\db\models\sql\query.py", line 1641, in _add_q
    child_clause, needed_inner = self.build_filter(
  File "C:\workspace\projet\venv\lib\site-packages\django\db\models\sql\query.py", line 1555, in build_filter
    condition = self.build_lookup(lookups, col, value)
  File "C:\workspace\projet\venv\lib\site-packages\django\db\models\sql\query.py", line 1372, in build_lookup
    lhs = self.try_transform(lhs, name)
  File "C:\workspace\projet\venv\lib\site-packages\django\db\models\sql\query.py", line 1423, in try_transform
    raise FieldError(
django.core.exceptions.FieldError: Unsupported lookup 'name' for ForeignKey or join on the field not permitted.
ERROR 2024-11-23 02:44:22,034 basehttp "GET /apps/search_facture?csrfmiddlewaretoken=EmEW8eufUkFsUk0KLhvLlwKuPZrk618ZLMWuBr3TrQZ14RnQQNxW1fWeMTkcOSXD&searched=virment+updated HTTP/1.1" 500 135777
ERROR 2024-11-23 02:45:26,604 log Internal Server Error: /apps/search_facture
Traceback (most recent call last):
  File "C:\workspace\projet\venv\lib\site-packages\django\core\handlers\exception.py", line 55, in inner
    response = get_response(request)
  File "C:\workspace\projet\venv\lib\site-packages\django\core\handlers\base.py", line 197, in _get_response
    response = wrapped_callback(request, *callback_args, **callback_kwargs)
  File "C:\workspace\projet\backend\saleManagment\apps\views.py", line 1028, in search_facture
    factures = facture.objects.filter(
  File "C:\workspace\projet\venv\lib\site-packages\django\db\models\manager.py", line 87, in manager_method
    return getattr(self.get_queryset(), name)(*args, **kwargs)
  File "C:\workspace\projet\venv\lib\site-packages\django\db\models\query.py", line 1476, in filter
    return self._filter_or_exclude(False, args, kwargs)
  File "C:\workspace\projet\venv\lib\site-packages\django\db\models\query.py", line 1494, in _filter_or_exclude
    clone._filter_or_exclude_inplace(negate, args, kwargs)
  File "C:\workspace\projet\venv\lib\site-packages\django\db\models\query.py", line 1501, in _filter_or_exclude_inplace
    self._query.add_q(Q(*args, **kwargs))
  File "C:\workspace\projet\venv\lib\site-packages\django\db\models\sql\query.py", line 1609, in add_q
    clause, _ = self._add_q(q_object, self.used_aliases)
  File "C:\workspace\projet\venv\lib\site-packages\django\db\models\sql\query.py", line 1641, in _add_q
    child_clause, needed_inner = self.build_filter(
  File "C:\workspace\projet\venv\lib\site-packages\django\db\models\sql\query.py", line 1468, in build_filter
    return self._add_q(
  File "C:\workspace\projet\venv\lib\site-packages\django\db\models\sql\query.py", line 1641, in _add_q
    child_clause, needed_inner = self.build_filter(
  File "C:\workspace\projet\venv\lib\site-packages\django\db\models\sql\query.py", line 1555, in build_filter
    condition = self.build_lookup(lookups, col, value)
  File "C:\workspace\projet\venv\lib\site-packages\django\db\models\sql\query.py", line 1372, in build_lookup
    lhs = self.try_transform(lhs, name)
  File "C:\workspace\projet\venv\lib\site-packages\django\db\models\sql\query.py", line 1423, in try_transform
    raise FieldError(
django.core.exceptions.FieldError: Unsupported lookup 'name' for ForeignKey or join on the field not permitted.
ERROR 2024-11-23 02:45:26,625 basehttp "GET /apps/search_facture?csrfmiddlewaretoken=EmEW8eufUkFsUk0KLhvLlwKuPZrk618ZLMWuBr3TrQZ14RnQQNxW1fWeMTkcOSXD&searched=virment+updated HTTP/1.1" 500 135896
ERROR 2024-11-23 02:45:30,243 log Internal Server Error: /apps/search_facture
Traceback (most recent call last):
  File "C:\workspace\projet\venv\lib\site-packages\django\core\handlers\exception.py", line 55, in inner
    response = get_response(request)
  File "C:\workspace\projet\venv\lib\site-packages\django\core\handlers\base.py", line 197, in _get_response
    response = wrapped_callback(request, *callback_args, **callback_kwargs)
  File "C:\workspace\projet\backend\saleManagment\apps\views.py", line 1028, in search_facture
    factures = facture.objects.filter(
  File "C:\workspace\projet\venv\lib\site-packages\django\db\models\manager.py", line 87, in manager_method
    return getattr(self.get_queryset(), name)(*args, **kwargs)
  File "C:\workspace\projet\venv\lib\site-packages\django\db\models\query.py", line 1476, in filter
    return self._filter_or_exclude(False, args, kwargs)
  File "C:\workspace\projet\venv\lib\site-packages\django\db\models\query.py", line 1494, in _filter_or_exclude
    clone._filter_or_exclude_inplace(negate, args, kwargs)
  File "C:\workspace\projet\venv\lib\site-packages\django\db\models\query.py", line 1501, in _filter_or_exclude_inplace
    self._query.add_q(Q(*args, **kwargs))
  File "C:\workspace\projet\venv\lib\site-packages\django\db\models\sql\query.py", line 1609, in add_q
    clause, _ = self._add_q(q_object, self.used_aliases)
  File "C:\workspace\projet\venv\lib\site-packages\django\db\models\sql\query.py", line 1641, in _add_q
    child_clause, needed_inner = self.build_filter(
  File "C:\workspace\projet\venv\lib\site-packages\django\db\models\sql\query.py", line 1468, in build_filter
    return self._add_q(
  File "C:\workspace\projet\venv\lib\site-packages\django\db\models\sql\query.py", line 1641, in _add_q
    child_clause, needed_inner = self.build_filter(
  File "C:\workspace\projet\venv\lib\site-packages\django\db\models\sql\query.py", line 1555, in build_filter
    condition = self.build_lookup(lookups, col, value)
  File "C:\workspace\projet\venv\lib\site-packages\django\db\models\sql\query.py", line 1372, in build_lookup
    lhs = self.try_transform(lhs, name)
  File "C:\workspace\projet\venv\lib\site-packages\django\db\models\sql\query.py", line 1423, in try_transform
    raise FieldError(
django.core.exceptions.FieldError: Unsupported lookup 'name' for ForeignKey or join on the field not permitted.
ERROR 2024-11-23 02:45:30,281 basehttp "GET /apps/search_facture?csrfmiddlewaretoken=EmEW8eufUkFsUk0KLhvLlwKuPZrk618ZLMWuBr3TrQZ14RnQQNxW1fWeMTkcOSXD&searched=virment+updated HTTP/1.1" 500 135759
ERROR 2024-11-23 02:45:53,472 log Internal Server Error: /apps/search_facture
Traceback (most recent call last):
  File "C:\workspace\projet\venv\lib\site-packages\django\core\handlers\exception.py", line 55, in inner
    response = get_response(request)
  File "C:\workspace\projet\venv\lib\site-packages\django\core\handlers\base.py", line 197, in _get_response
    response = wrapped_callback(request, *callback_args, **callback_kwargs)
  File "C:\workspace\projet\backend\saleManagment\apps\views.py", line 1042, in search_facture
    return render(request, 'search_facture.html', {'factures': factures, 'searched': searched})
  File "C:\workspace\projet\venv\lib\site-packages\django\shortcuts.py", line 25, in render
    content = loader.render_to_string(template_name, context, request, using=using)
  File "C:\workspace\projet\venv\lib\site-packages\django\template\loader.py", line 62, in render_to_string
    return template.render(context, request)
  File "C:\workspace\projet\venv\lib\site-packages\django\template\backends\django.py", line 107, in render
    return self.template.render(context)
  File "C:\workspace\projet\venv\lib\site-packages\django\template\base.py", line 171, in render
    return self._render(context)
  File "C:\workspace\projet\venv\lib\site-packages\django\template\base.py", line 163, in _render
    return self.nodelist.render(context)
  File "C:\workspace\projet\venv\lib\site-packages\django\template\base.py", line 1008, in render
    return SafeString("".join([node.render_annotated(context) for node in self]))
  File "C:\workspace\projet\venv\lib\site-packages\django\template\base.py", line 1008, in <listcomp>
    return SafeString("".join([node.render_annotated(context) for node in self]))
  File "C:\workspace\projet\venv\lib\site-packages\django\template\base.py", line 969, in render_annotated
    return self.render(context)
  File "C:\workspace\projet\venv\lib\site-packages\django\template\defaulttags.py", line 480, in render
    url = reverse(view_name, args=args, kwargs=kwargs, current_app=current_app)
  File "C:\workspace\projet\venv\lib\site-packages\django\urls\base.py", line 88, in reverse
    return resolver._reverse_with_prefix(view, prefix, *args, **kwargs)
  File "C:\workspace\projet\venv\lib\site-packages\django\urls\resolvers.py", line 831, in _reverse_with_prefix
    raise NoReverseMatch(msg)
django.urls.exceptions.NoReverseMatch: Reverse for 'delete_facture' with no arguments not found. 1 pattern(s) tried: ['apps/delete_facture/(?P<facture_id>[0-9]+)/\\Z']
ERROR 2024-11-23 02:45:53,509 basehttp "GET /apps/search_facture?csrfmiddlewaretoken=EmEW8eufUkFsUk0KLhvLlwKuPZrk618ZLMWuBr3TrQZ14RnQQNxW1fWeMTkcOSXD&searched=virment+updated HTTP/1.1" 500 128471
ERROR 2024-11-23 02:59:59,136 log Internal Server Error: /apps/search_command/
Traceback (most recent call last):
  File "C:\workspace\projet\venv\lib\site-packages\django\core\handlers\exception.py", line 55, in inner
    response = get_response(request)
  File "C:\workspace\projet\venv\lib\site-packages\django\core\handlers\base.py", line 197, in _get_response
    response = wrapped_callback(request, *callback_args, **callback_kwargs)
  File "C:\workspace\projet\backend\saleManagment\apps\views.py", line 1942, in search_command
    return render(
  File "C:\workspace\projet\venv\lib\site-packages\django\shortcuts.py", line 25, in render
    content = loader.render_to_string(template_name, context, request, using=using)
  File "C:\workspace\projet\venv\lib\site-packages\django\template\loader.py", line 62, in render_to_string
    return template.render(context, request)
  File "C:\workspace\projet\venv\lib\site-packages\django\template\backends\django.py", line 107, in render
    return self.template.render(context)
  File "C:\workspace\projet\venv\lib\site-packages\django\template\base.py", line 171, in render
    return self._render(context)
  File "C:\workspace\projet\venv\lib\site-packages\django\template\base.py", line 163, in _render
    return self.nodelist.render(context)
  File "C:\workspace\projet\venv\lib\site-packages\django\template\base.py", line 1008, in render
    return SafeString("".join([node.render_annotated(context) for node in self]))
  File "C:\workspace\projet\venv\lib\site-packages\django\template\base.py", line 1008, in <listcomp>
    return SafeString("".join([node.render_annotated(context) for node in self]))
  File "C:\workspace\projet\venv\lib\site-packages\django\template\base.py", line 969, in render_annotated
    return self.render(context)
  File "C:\workspace\projet\venv\lib\site-packages\django\template\defaulttags.py", line 243, in render
    nodelist.append(node.render_annotated(context))
  File "C:\workspace\projet\venv\lib\site-packages\django\template\base.py", line 969, in render_annotated
    return self.render(context)
  File "C:\workspace\projet\venv\lib\site-packages\django\template\defaulttags.py", line 243, in render
    nodelist.append(node.render_annotated(context))
  File "C:\workspace\projet\venv\lib\site-packages\django\template\base.py", line 969, in render_annotated
    return self.render(context)
  File "C:\workspace\projet\venv\lib\site-packages\django\template\defaulttags.py", line 480, in render
    url = reverse(view_name, args=args, kwargs=kwargs, current_app=current_app)
  File "C:\workspace\projet\venv\lib\site-packages\django\urls\base.py", line 88, in reverse
    return resolver._reverse_with_prefix(view, prefix, *args, **kwargs)
  File "C:\workspace\projet\venv\lib\site-packages\django\urls\resolvers.py", line 831, in _reverse_with_prefix
    raise NoReverseMatch(msg)
django.urls.exceptions.NoReverseMatch: Reverse for 'update_command_line' not found. 'update_command_line' is not a valid view function or pattern name.
ERROR 2024-11-23 02:59:59,211 basehttp "GET /apps/search_command/?csrfmiddlewaretoken=JQbqLQeT1lk8iGf03GXrGAAT7Z0ToBslQgtYe3NxyREHsdC68cZCmjMD4TTL6shZ&searched=paris HTTP/1.1" 500 151969
ERROR 2024-11-23 03:07:29,623 log Internal Server Error: /apps/search_bonreception
Traceback (most recent call last):
  File "C:\workspace\projet\venv\lib\site-packages\django\core\handlers\exception.py", line 55, in inner
    response = get_response(request)
  File "C:\workspace\projet\venv\lib\site-packages\django\core\handlers\base.py", line 197, in _get_response
    response = wrapped_callback(request, *callback_args, **callback_kwargs)
  File "C:\workspace\projet\backend\saleManagment\apps\views.py", line 327, in search_bonreception
    return render(
  File "C:\workspace\projet\venv\lib\site-packages\django\shortcuts.py", line 25, in render
    content = loader.render_to_string(template_name, context, request, using=using)
  File "C:\workspace\projet\venv\lib\site-packages\django\template\loader.py", line 62, in render_to_string
    return template.render(context, request)
  File "C:\workspace\projet\venv\lib\site-packages\django\template\backends\django.py", line 107, in render
    return self.template.render(context)
  File "C:\workspace\projet\venv\lib\site-packages\django\template\base.py", line 171, in render
    return self._render(context)
  File "C:\workspace\projet\venv\lib\site-packages\django\template\base.py", line 163, in _render
    return self.nodelist.render(context)
  File "C:\workspace\projet\venv\lib\site-packages\django\template\base.py", line 1008, in render
    return SafeString("".join([node.render_annotated(context) for node in self]))
  File "C:\workspace\projet\venv\lib\site-packages\django\template\base.py", line 1008, in <listcomp>
    return SafeString("".join([node.render_annotated(context) for node in self]))
  File "C:\workspace\projet\venv\lib\site-packages\django\template\base.py", line 969, in render_annotated
    return self.render(context)
  File "C:\workspace\projet\venv\lib\site-packages\django\template\defaulttags.py", line 243, in render
    nodelist.append(node.render_annotated(context))
  File "C:\workspace\projet\venv\lib\site-packages\django\template\base.py", line 969, in render_annotated
    return self.render(context)
  File "C:\workspace\projet\venv\lib\site-packages\django\template\defaulttags.py", line 243, in render
    nodelist.append(node.render_annotated(context))
  File "C:\workspace\projet\venv\lib\site-packages\django\template\base.py", line 969, in render_annotated
    return self.render(context)
  File "C:\workspace\projet\venv\lib\site-packages\django\template\defaulttags.py", line 480, in render
    url = reverse(view_name, args=args, kwargs=kwargs, current_app=current_app)
  File "C:\workspace\projet\venv\lib\site-packages\django\urls\base.py", line 88, in reverse
    return resolver._reverse_with_prefix(view, prefix, *args, **kwargs)
  File "C:\workspace\projet\venv\lib\site-packages\django\urls\resolvers.py", line 831, in _reverse_with_prefix
    raise NoReverseMatch(msg)
django.urls.exceptions.NoReverseMatch: Reverse for 'update_bonreception_line' not found. 'update_bonreception_line' is not a valid view function or pattern name.
ERROR 2024-11-23 03:07:29,663 basehttp "GET /apps/search_bonreception?csrfmiddlewaretoken=E8oVJG3eDNZpo3I9HNEqWc6aPuYDTJn8LyGtcTCSajjYyA5fMjGBCViUMoRvBAcM&searched=20 HTTP/1.1" 500 160537
ERROR 2024-11-23 03:08:55,998 log Internal Server Error: /apps/search_bonreception
Traceback (most recent call last):
  File "C:\workspace\projet\venv\lib\site-packages\django\core\handlers\exception.py", line 55, in inner
    response = get_response(request)
  File "C:\workspace\projet\venv\lib\site-packages\django\core\handlers\base.py", line 197, in _get_response
    response = wrapped_callback(request, *callback_args, **callback_kwargs)
  File "C:\workspace\projet\backend\saleManagment\apps\views.py", line 327, in search_bonreception
    return render(
  File "C:\workspace\projet\venv\lib\site-packages\django\shortcuts.py", line 25, in render
    content = loader.render_to_string(template_name, context, request, using=using)
  File "C:\workspace\projet\venv\lib\site-packages\django\template\loader.py", line 62, in render_to_string
    return template.render(context, request)
  File "C:\workspace\projet\venv\lib\site-packages\django\template\backends\django.py", line 107, in render
    return self.template.render(context)
  File "C:\workspace\projet\venv\lib\site-packages\django\template\base.py", line 171, in render
    return self._render(context)
  File "C:\workspace\projet\venv\lib\site-packages\django\template\base.py", line 163, in _render
    return self.nodelist.render(context)
  File "C:\workspace\projet\venv\lib\site-packages\django\template\base.py", line 1008, in render
    return SafeString("".join([node.render_annotated(context) for node in self]))
  File "C:\workspace\projet\venv\lib\site-packages\django\template\base.py", line 1008, in <listcomp>
    return SafeString("".join([node.render_annotated(context) for node in self]))
  File "C:\workspace\projet\venv\lib\site-packages\django\template\base.py", line 969, in render_annotated
    return self.render(context)
  File "C:\workspace\projet\venv\lib\site-packages\django\template\defaulttags.py", line 243, in render
    nodelist.append(node.render_annotated(context))
  File "C:\workspace\projet\venv\lib\site-packages\django\template\base.py", line 969, in render_annotated
    return self.render(context)
  File "C:\workspace\projet\venv\lib\site-packages\django\template\defaulttags.py", line 243, in render
    nodelist.append(node.render_annotated(context))
  File "C:\workspace\projet\venv\lib\site-packages\django\template\base.py", line 969, in render_annotated
    return self.render(context)
  File "C:\workspace\projet\venv\lib\site-packages\django\template\defaulttags.py", line 480, in render
    url = reverse(view_name, args=args, kwargs=kwargs, current_app=current_app)
  File "C:\workspace\projet\venv\lib\site-packages\django\urls\base.py", line 88, in reverse
    return resolver._reverse_with_prefix(view, prefix, *args, **kwargs)
  File "C:\workspace\projet\venv\lib\site-packages\django\urls\resolvers.py", line 831, in _reverse_with_prefix
    raise NoReverseMatch(msg)
django.urls.exceptions.NoReverseMatch: Reverse for 'update_bonreception' with arguments '('',)' not found. 1 pattern(s) tried: ['apps/update_bonreception/(?P<delivery_id>[0-9]+)/\\Z']
ERROR 2024-11-23 03:08:56,029 basehttp "GET /apps/search_bonreception?csrfmiddlewaretoken=E8oVJG3eDNZpo3I9HNEqWc6aPuYDTJn8LyGtcTCSajjYyA5fMjGBCViUMoRvBAcM&searched=20 HTTP/1.1" 500 164006
ERROR 2024-11-23 12:11:46,865 log Internal Server Error: /apps/notifications/105/
Traceback (most recent call last):
  File "C:\Python310\lib\site-packages\django\db\models\fields\__init__.py", line 2112, in get_prep_value
    return int(value)
ValueError: invalid literal for int() with base 10: 'produit'

The above exception was the direct cause of the following exception:

Traceback (most recent call last):
  File "C:\Python310\lib\site-packages\django\core\handlers\exception.py", line 55, in inner
    response = get_response(request)
  File "C:\Python310\lib\site-packages\django\core\handlers\base.py", line 197, in _get_response
    response = wrapped_callback(request, *callback_args, **callback_kwargs)
  File "C:\Python310\lib\site-packages\django\contrib\auth\decorators.py", line 23, in _wrapper_view
    return view_func(request, *args, **kwargs)
  File "C:\workspace\projet\backend\saleManagment\apps\views.py", line 2208, in notification_detail
    stock = Stock.objects.filter(item=notification.message.split(' ')[3]).first()  # Adjust parsing if needed
  File "C:\Python310\lib\site-packages\django\db\models\manager.py", line 87, in manager_method
    return getattr(self.get_queryset(), name)(*args, **kwargs)
  File "C:\Python310\lib\site-packages\django\db\models\query.py", line 1476, in filter
    return self._filter_or_exclude(False, args, kwargs)
  File "C:\Python310\lib\site-packages\django\db\models\query.py", line 1494, in _filter_or_exclude
    clone._filter_or_exclude_inplace(negate, args, kwargs)
  File "C:\Python310\lib\site-packages\django\db\models\query.py", line 1501, in _filter_or_exclude_inplace
    self._query.add_q(Q(*args, **kwargs))
  File "C:\Python310\lib\site-packages\django\db\models\sql\query.py", line 1602, in add_q
    clause, _ = self._add_q(q_object, self.used_aliases)
  File "C:\Python310\lib\site-packages\django\db\models\sql\query.py", line 1634, in _add_q
    child_clause, needed_inner = self.build_filter(
  File "C:\Python310\lib\site-packages\django\db\models\sql\query.py", line 1548, in build_filter
    condition = self.build_lookup(lookups, col, value)
  File "C:\Python310\lib\site-packages\django\db\models\sql\query.py", line 1378, in build_lookup
    lookup = lookup_class(lhs, rhs)
  File "C:\Python310\lib\site-packages\django\db\models\lookups.py", line 30, in __init__
    self.rhs = self.get_prep_lookup()
  File "C:\Python310\lib\site-packages\django\db\models\fields\related_lookups.py", line 156, in get_prep_lookup
    self.rhs = target_field.get_prep_value(self.rhs)
  File "C:\Python310\lib\site-packages\django\db\models\fields\__init__.py", line 2114, in get_prep_value
    raise e.__class__(
ValueError: Field 'item' expected a number but got 'produit'.
ERROR 2024-11-23 12:11:46,933 basehttp "GET /apps/notifications/105/ HTTP/1.1" 500 132253
ERROR 2024-11-23 12:34:18,826 log Internal Server Error: /apps/mark-notifications-read/
Traceback (most recent call last):
  File "C:\Python310\lib\site-packages\django\core\handlers\exception.py", line 55, in inner
    response = get_response(request)
  File "C:\Python310\lib\site-packages\django\core\handlers\base.py", line 197, in _get_response
    response = wrapped_callback(request, *callback_args, **callback_kwargs)
  File "C:\Python310\lib\site-packages\django\utils\decorators.py", line 48, in _wrapper
    return bound_method(*args, **kwargs)
TypeError: mark_notifications_read() missing 1 required positional argument: 'request'
ERROR 2024-11-23 12:34:18,830 basehttp "POST /apps/mark-notifications-read/ HTTP/1.1" 500 69955
ERROR 2024-11-23 12:35:04,304 log Internal Server Error: /apps/mark-notifications-read/
Traceback (most recent call last):
  File "C:\Python310\lib\site-packages\django\core\handlers\exception.py", line 55, in inner
    response = get_response(request)
  File "C:\Python310\lib\site-packages\django\core\handlers\base.py", line 197, in _get_response
    response = wrapped_callback(request, *callback_args, **callback_kwargs)
  File "C:\Python310\lib\site-packages\django\utils\decorators.py", line 48, in _wrapper
    return bound_method(*args, **kwargs)
TypeError: mark_notifications_read() missing 1 required positional argument: 'request'
ERROR 2024-11-23 12:35:04,307 basehttp "POST /apps/mark-notifications-read/ HTTP/1.1" 500 69955
ERROR 2024-11-23 12:36:34,775 log Internal Server Error: /apps/mark-notifications-read/
Traceback (most recent call last):
  File "C:\Python310\lib\site-packages\django\core\handlers\exception.py", line 55, in inner
    response = get_response(request)
  File "C:\Python310\lib\site-packages\django\core\handlers\base.py", line 197, in _get_response
    response = wrapped_callback(request, *callback_args, **callback_kwargs)
  File "C:\Python310\lib\site-packages\django\utils\decorators.py", line 48, in _wrapper
    return bound_method(*args, **kwargs)
TypeError: mark_notifications_read() missing 1 required positional argument: 'request'
ERROR 2024-11-23 12:36:34,783 basehttp "POST /apps/mark-notifications-read/ HTTP/1.1" 500 69955
ERROR 2024-11-23 12:51:41,172 log Internal Server Error: /apps/notifications/107/
Traceback (most recent call last):
  File "C:\Python310\lib\site-packages\django\core\handlers\exception.py", line 55, in inner
    response = get_response(request)
  File "C:\Python310\lib\site-packages\django\core\handlers\base.py", line 197, in _get_response
    response = wrapped_callback(request, *callback_args, **callback_kwargs)
  File "C:\workspace\projet\backend\saleManagment\apps\views.py", line 2235, in notification_detail
    print(type(stock.variant_combination), stock.variant_combination)
AttributeError: 'NoneType' object has no attribute 'variant_combination'
ERROR 2024-11-23 12:51:41,177 basehttp "GET /apps/notifications/107/ HTTP/1.1" 500 69399
ERROR 2024-11-23 12:57:16,022 log Internal Server Error: /apps/mark-notifications-read/
Traceback (most recent call last):
  File "C:\Python310\lib\site-packages\django\core\handlers\exception.py", line 55, in inner
    response = get_response(request)
  File "C:\Python310\lib\site-packages\django\core\handlers\base.py", line 197, in _get_response
    response = wrapped_callback(request, *callback_args, **callback_kwargs)
  File "C:\Python310\lib\site-packages\django\utils\decorators.py", line 48, in _wrapper
    return bound_method(*args, **kwargs)
TypeError: mark_notifications_read() missing 1 required positional argument: 'request'
ERROR 2024-11-23 12:57:16,026 basehttp "POST /apps/mark-notifications-read/ HTTP/1.1" 500 69955
ERROR 2024-11-23 12:57:17,124 log Internal Server Error: /apps/notifications/107/
Traceback (most recent call last):
  File "C:\Python310\lib\site-packages\django\core\handlers\exception.py", line 55, in inner
    response = get_response(request)
  File "C:\Python310\lib\site-packages\django\core\handlers\base.py", line 197, in _get_response
    response = wrapped_callback(request, *callback_args, **callback_kwargs)
  File "C:\workspace\projet\backend\saleManagment\apps\views.py", line 2235, in notification_detail
    print(type(stock.variant_combination), stock.variant_combination)
AttributeError: 'NoneType' object has no attribute 'variant_combination'
ERROR 2024-11-23 12:57:17,127 basehttp "GET /apps/notifications/107/ HTTP/1.1" 500 69262
ERROR 2024-11-23 12:58:21,048 log Internal Server Error: /apps/mark-notifications-read/
Traceback (most recent call last):
  File "C:\Python310\lib\site-packages\django\core\handlers\exception.py", line 55, in inner
    response = get_response(request)
  File "C:\Python310\lib\site-packages\django\core\handlers\base.py", line 197, in _get_response
    response = wrapped_callback(request, *callback_args, **callback_kwargs)
  File "C:\Python310\lib\site-packages\django\utils\decorators.py", line 48, in _wrapper
    return bound_method(*args, **kwargs)
TypeError: mark_notifications_read() missing 1 required positional argument: 'request'
ERROR 2024-11-23 12:58:21,051 basehttp "POST /apps/mark-notifications-read/ HTTP/1.1" 500 69955
ERROR 2024-11-23 12:58:22,647 log Internal Server Error: /apps/notifications/107/
Traceback (most recent call last):
  File "C:\Python310\lib\site-packages\django\core\handlers\exception.py", line 55, in inner
    response = get_response(request)
  File "C:\Python310\lib\site-packages\django\core\handlers\base.py", line 197, in _get_response
    response = wrapped_callback(request, *callback_args, **callback_kwargs)
  File "C:\workspace\projet\backend\saleManagment\apps\views.py", line 2235, in notification_detail
    print(type(stock.variant_combination), stock.variant_combination)
AttributeError: 'NoneType' object has no attribute 'variant_combination'
ERROR 2024-11-23 12:58:22,651 basehttp "GET /apps/notifications/107/ HTTP/1.1" 500 69262
ERROR 2024-11-23 12:58:25,994 log Internal Server Error: /apps/mark-notifications-read/
Traceback (most recent call last):
  File "C:\Python310\lib\site-packages\django\core\handlers\exception.py", line 55, in inner
    response = get_response(request)
  File "C:\Python310\lib\site-packages\django\core\handlers\base.py", line 197, in _get_response
    response = wrapped_callback(request, *callback_args, **callback_kwargs)
  File "C:\Python310\lib\site-packages\django\utils\decorators.py", line 48, in _wrapper
    return bound_method(*args, **kwargs)
TypeError: mark_notifications_read() missing 1 required positional argument: 'request'
ERROR 2024-11-23 12:58:25,998 basehttp "POST /apps/mark-notifications-read/ HTTP/1.1" 500 69955
ERROR 2024-11-23 12:58:27,348 log Internal Server Error: /apps/notifications/109/
Traceback (most recent call last):
  File "C:\Python310\lib\site-packages\django\core\handlers\exception.py", line 55, in inner
    response = get_response(request)
  File "C:\Python310\lib\site-packages\django\core\handlers\base.py", line 197, in _get_response
    response = wrapped_callback(request, *callback_args, **callback_kwargs)
  File "C:\workspace\projet\backend\saleManagment\apps\views.py", line 2235, in notification_detail
    print(type(stock.variant_combination), stock.variant_combination)
AttributeError: 'NoneType' object has no attribute 'variant_combination'
ERROR 2024-11-23 12:58:27,352 basehttp "GET /apps/notifications/109/ HTTP/1.1" 500 69267
ERROR 2024-11-23 12:59:38,243 log Internal Server Error: /apps/mark-notifications-read/
Traceback (most recent call last):
  File "C:\Python310\lib\site-packages\django\core\handlers\exception.py", line 55, in inner
    response = get_response(request)
  File "C:\Python310\lib\site-packages\django\core\handlers\base.py", line 197, in _get_response
    response = wrapped_callback(request, *callback_args, **callback_kwargs)
  File "C:\Python310\lib\site-packages\django\utils\decorators.py", line 48, in _wrapper
    return bound_method(*args, **kwargs)
TypeError: mark_notifications_read() missing 1 required positional argument: 'request'
ERROR 2024-11-23 12:59:38,246 basehttp "POST /apps/mark-notifications-read/ HTTP/1.1" 500 69955
ERROR 2024-11-23 12:59:39,307 log Internal Server Error: /apps/notifications/109/
Traceback (most recent call last):
  File "C:\Python310\lib\site-packages\django\core\handlers\exception.py", line 55, in inner
    response = get_response(request)
  File "C:\Python310\lib\site-packages\django\core\handlers\base.py", line 197, in _get_response
    response = wrapped_callback(request, *callback_args, **callback_kwargs)
  File "C:\workspace\projet\backend\saleManagment\apps\views.py", line 2235, in notification_detail
    print(type(stock.variant_combination), stock.variant_combination)
AttributeError: 'NoneType' object has no attribute 'variant_combination'
ERROR 2024-11-23 12:59:39,313 basehttp "GET /apps/notifications/109/ HTTP/1.1" 500 69267
ERROR 2024-11-23 13:00:58,134 log Internal Server Error: /apps/notifications/109/
Traceback (most recent call last):
  File "C:\Python310\lib\site-packages\django\core\handlers\exception.py", line 55, in inner
    response = get_response(request)
  File "C:\Python310\lib\site-packages\django\core\handlers\base.py", line 197, in _get_response
    response = wrapped_callback(request, *callback_args, **callback_kwargs)
  File "C:\workspace\projet\backend\saleManagment\apps\views.py", line 2235, in notification_detail
    print(type(stock.variant_combination), stock.variant_combination)
AttributeError: 'NoneType' object has no attribute 'variant_combination'
ERROR 2024-11-23 13:00:58,138 basehttp "GET /apps/notifications/109/ HTTP/1.1" 500 69404
ERROR 2024-11-23 13:00:59,973 log Internal Server Error: /apps/notifications/109/
Traceback (most recent call last):
  File "C:\Python310\lib\site-packages\django\core\handlers\exception.py", line 55, in inner
    response = get_response(request)
  File "C:\Python310\lib\site-packages\django\core\handlers\base.py", line 197, in _get_response
    response = wrapped_callback(request, *callback_args, **callback_kwargs)
  File "C:\workspace\projet\backend\saleManagment\apps\views.py", line 2235, in notification_detail
    print(type(stock.variant_combination), stock.variant_combination)
AttributeError: 'NoneType' object has no attribute 'variant_combination'
ERROR 2024-11-23 13:00:59,980 basehttp "GET /apps/notifications/109/ HTTP/1.1" 500 69404
ERROR 2024-11-23 13:11:43,600 log Internal Server Error: /apps/mark-notifications-read/
Traceback (most recent call last):
  File "C:\Python310\lib\site-packages\django\core\handlers\exception.py", line 55, in inner
    response = get_response(request)
  File "C:\Python310\lib\site-packages\django\core\handlers\base.py", line 197, in _get_response
    response = wrapped_callback(request, *callback_args, **callback_kwargs)
  File "C:\Python310\lib\site-packages\django\utils\decorators.py", line 48, in _wrapper
    return bound_method(*args, **kwargs)
TypeError: mark_notifications_read() missing 1 required positional argument: 'request'
ERROR 2024-11-23 13:11:43,606 basehttp "POST /apps/mark-notifications-read/ HTTP/1.1" 500 69955
ERROR 2024-11-23 13:11:47,312 log Internal Server Error: /apps/mark-notifications-read/
Traceback (most recent call last):
  File "C:\Python310\lib\site-packages\django\core\handlers\exception.py", line 55, in inner
    response = get_response(request)
  File "C:\Python310\lib\site-packages\django\core\handlers\base.py", line 197, in _get_response
    response = wrapped_callback(request, *callback_args, **callback_kwargs)
  File "C:\Python310\lib\site-packages\django\utils\decorators.py", line 48, in _wrapper
    return bound_method(*args, **kwargs)
TypeError: mark_notifications_read() missing 1 required positional argument: 'request'
ERROR 2024-11-23 13:11:47,317 basehttp "POST /apps/mark-notifications-read/ HTTP/1.1" 500 69955
ERROR 2024-11-23 13:11:50,710 log Internal Server Error: /apps/mark-notifications-read/
Traceback (most recent call last):
  File "C:\Python310\lib\site-packages\django\core\handlers\exception.py", line 55, in inner
    response = get_response(request)
  File "C:\Python310\lib\site-packages\django\core\handlers\base.py", line 197, in _get_response
    response = wrapped_callback(request, *callback_args, **callback_kwargs)
  File "C:\Python310\lib\site-packages\django\utils\decorators.py", line 48, in _wrapper
    return bound_method(*args, **kwargs)
TypeError: mark_notifications_read() missing 1 required positional argument: 'request'
ERROR 2024-11-23 13:11:50,713 basehttp "POST /apps/mark-notifications-read/ HTTP/1.1" 500 69955
ERROR 2024-11-23 13:12:57,128 log Internal Server Error: /apps/mark-notifications-read/
Traceback (most recent call last):
  File "C:\Python310\lib\site-packages\django\core\handlers\exception.py", line 55, in inner
    response = get_response(request)
  File "C:\Python310\lib\site-packages\django\core\handlers\base.py", line 197, in _get_response
    response = wrapped_callback(request, *callback_args, **callback_kwargs)
  File "C:\Python310\lib\site-packages\django\utils\decorators.py", line 48, in _wrapper
    return bound_method(*args, **kwargs)
TypeError: mark_notifications_read() missing 1 required positional argument: 'request'
ERROR 2024-11-23 13:12:57,132 basehttp "POST /apps/mark-notifications-read/ HTTP/1.1" 500 69955
ERROR 2024-11-23 13:12:58,139 log Internal Server Error: /apps/notifications/111/
Traceback (most recent call last):
  File "C:\Python310\lib\site-packages\django\core\handlers\exception.py", line 55, in inner
    response = get_response(request)
  File "C:\Python310\lib\site-packages\django\core\handlers\base.py", line 197, in _get_response
    response = wrapped_callback(request, *callback_args, **callback_kwargs)
  File "C:\workspace\projet\backend\saleManagment\apps\views.py", line 2235, in notification_detail
    print(type(stock.variant_combination), stock.variant_combination)
AttributeError: 'NoneType' object has no attribute 'variant_combination'
ERROR 2024-11-23 13:12:58,155 basehttp "GET /apps/notifications/111/ HTTP/1.1" 500 69262
ERROR 2024-11-23 13:25:18,113 log Internal Server Error: /apps/mark-notifications-read/
Traceback (most recent call last):
  File "C:\Python310\lib\site-packages\django\core\handlers\exception.py", line 55, in inner
    response = get_response(request)
  File "C:\Python310\lib\site-packages\django\core\handlers\base.py", line 197, in _get_response
    response = wrapped_callback(request, *callback_args, **callback_kwargs)
  File "C:\Python310\lib\site-packages\django\utils\decorators.py", line 48, in _wrapper
    return bound_method(*args, **kwargs)
TypeError: mark_notifications_read() missing 1 required positional argument: 'request'
ERROR 2024-11-23 13:25:18,119 basehttp "POST /apps/mark-notifications-read/ HTTP/1.1" 500 69955
ERROR 2024-11-23 13:26:27,292 log Internal Server Error: /apps/mark-notifications-read/
Traceback (most recent call last):
  File "C:\Python310\lib\site-packages\django\core\handlers\exception.py", line 55, in inner
    response = get_response(request)
  File "C:\Python310\lib\site-packages\django\core\handlers\base.py", line 197, in _get_response
    response = wrapped_callback(request, *callback_args, **callback_kwargs)
  File "C:\Python310\lib\site-packages\django\utils\decorators.py", line 48, in _wrapper
    return bound_method(*args, **kwargs)
TypeError: mark_notifications_read() missing 1 required positional argument: 'request'
ERROR 2024-11-23 13:26:27,295 basehttp "POST /apps/mark-notifications-read/ HTTP/1.1" 500 69955
ERROR 2024-11-23 13:39:02,906 log Internal Server Error: /apps/mark-notifications-read/
Traceback (most recent call last):
  File "C:\Python310\lib\site-packages\django\core\handlers\exception.py", line 55, in inner
    response = get_response(request)
  File "C:\Python310\lib\site-packages\django\core\handlers\base.py", line 197, in _get_response
    response = wrapped_callback(request, *callback_args, **callback_kwargs)
  File "C:\Python310\lib\site-packages\django\utils\decorators.py", line 48, in _wrapper
    return bound_method(*args, **kwargs)
TypeError: mark_notifications_read() missing 1 required positional argument: 'request'
ERROR 2024-11-23 13:39:02,912 basehttp "POST /apps/mark-notifications-read/ HTTP/1.1" 500 69955
ERROR 2024-11-23 13:39:25,111 log Internal Server Error: /apps/mark-notifications-read/
Traceback (most recent call last):
  File "C:\Python310\lib\site-packages\django\core\handlers\exception.py", line 55, in inner
    response = get_response(request)
  File "C:\Python310\lib\site-packages\django\core\handlers\base.py", line 197, in _get_response
    response = wrapped_callback(request, *callback_args, **callback_kwargs)
  File "C:\Python310\lib\site-packages\django\utils\decorators.py", line 48, in _wrapper
    return bound_method(*args, **kwargs)
TypeError: mark_notifications_read() missing 1 required positional argument: 'request'
ERROR 2024-11-23 13:39:25,115 basehttp "POST /apps/mark-notifications-read/ HTTP/1.1" 500 70204
ERROR 2024-11-23 13:39:33,972 log Internal Server Error: /apps/mark-notifications-read/
Traceback (most recent call last):
  File "C:\Python310\lib\site-packages\django\core\handlers\exception.py", line 55, in inner
    response = get_response(request)
  File "C:\Python310\lib\site-packages\django\core\handlers\base.py", line 197, in _get_response
    response = wrapped_callback(request, *callback_args, **callback_kwargs)
  File "C:\Python310\lib\site-packages\django\utils\decorators.py", line 48, in _wrapper
    return bound_method(*args, **kwargs)
TypeError: mark_notifications_read() missing 1 required positional argument: 'request'
ERROR 2024-11-23 13:39:33,977 basehttp "POST /apps/mark-notifications-read/ HTTP/1.1" 500 70204
ERROR 2024-11-23 14:46:37,135 log Internal Server Error: /apps/mark-notifications-read/
Traceback (most recent call last):
  File "C:\Python310\lib\site-packages\django\core\handlers\exception.py", line 55, in inner
    response = get_response(request)
  File "C:\Python310\lib\site-packages\django\core\handlers\base.py", line 197, in _get_response
    response = wrapped_callback(request, *callback_args, **callback_kwargs)
  File "C:\Python310\lib\site-packages\django\utils\decorators.py", line 48, in _wrapper
    return bound_method(*args, **kwargs)
TypeError: mark_notifications_read() missing 1 required positional argument: 'request'
ERROR 2024-11-23 14:46:37,140 basehttp "POST /apps/mark-notifications-read/ HTTP/1.1" 500 70204
ERROR 2024-11-23 14:57:54,695 log Internal Server Error: /apps/mark-notifications-read/
Traceback (most recent call last):
  File "C:\Python310\lib\site-packages\django\core\handlers\exception.py", line 55, in inner
    response = get_response(request)
  File "C:\Python310\lib\site-packages\django\core\handlers\base.py", line 197, in _get_response
    response = wrapped_callback(request, *callback_args, **callback_kwargs)
  File "C:\Python310\lib\site-packages\django\utils\decorators.py", line 48, in _wrapper
    return bound_method(*args, **kwargs)
TypeError: mark_notifications_read() missing 1 required positional argument: 'request'
ERROR 2024-11-23 14:57:54,701 basehttp "POST /apps/mark-notifications-read/ HTTP/1.1" 500 70204
ERROR 2024-11-23 15:07:29,229 log Internal Server Error: /apps/mark-notifications-read/
Traceback (most recent call last):
  File "C:\Python310\lib\site-packages\django\core\handlers\exception.py", line 55, in inner
    response = get_response(request)
  File "C:\Python310\lib\site-packages\django\core\handlers\base.py", line 197, in _get_response
    response = wrapped_callback(request, *callback_args, **callback_kwargs)
  File "C:\Python310\lib\site-packages\django\utils\decorators.py", line 48, in _wrapper
    return bound_method(*args, **kwargs)
TypeError: mark_notifications_read() missing 1 required positional argument: 'request'
ERROR 2024-11-23 15:07:29,244 basehttp "POST /apps/mark-notifications-read/ HTTP/1.1" 500 70204
ERROR 2024-11-23 15:52:48,517 log Internal Server Error: /apps/mark-notifications-read/
Traceback (most recent call last):
  File "C:\Python310\lib\site-packages\django\core\handlers\exception.py", line 55, in inner
    response = get_response(request)
  File "C:\Python310\lib\site-packages\django\core\handlers\base.py", line 197, in _get_response
    response = wrapped_callback(request, *callback_args, **callback_kwargs)
  File "C:\Python310\lib\site-packages\django\utils\decorators.py", line 48, in _wrapper
    return bound_method(*args, **kwargs)
TypeError: mark_notifications_read() missing 1 required positional argument: 'request'
ERROR 2024-11-23 15:52:48,523 basehttp "POST /apps/mark-notifications-read/ HTTP/1.1" 500 70204
ERROR 2024-11-23 16:05:34,143 log Internal Server Error: /apps/mark-notifications-read/
Traceback (most recent call last):
  File "C:\Python310\lib\site-packages\django\core\handlers\exception.py", line 55, in inner
    response = get_response(request)
  File "C:\Python310\lib\site-packages\django\core\handlers\base.py", line 197, in _get_response
    response = wrapped_callback(request, *callback_args, **callback_kwargs)
  File "C:\Python310\lib\site-packages\django\utils\decorators.py", line 48, in _wrapper
    return bound_method(*args, **kwargs)
TypeError: mark_notifications_read() missing 1 required positional argument: 'request'
ERROR 2024-11-23 16:05:34,153 basehttp "POST /apps/mark-notifications-read/ HTTP/1.1" 500 70204
ERROR 2024-11-23 16:05:43,939 log Internal Server Error: /apps/mark-notifications-read/
Traceback (most recent call last):
  File "C:\Python310\lib\site-packages\django\core\handlers\exception.py", line 55, in inner
    response = get_response(request)
  File "C:\Python310\lib\site-packages\django\core\handlers\base.py", line 197, in _get_response
    response = wrapped_callback(request, *callback_args, **callback_kwargs)
  File "C:\Python310\lib\site-packages\django\utils\decorators.py", line 48, in _wrapper
    return bound_method(*args, **kwargs)
TypeError: mark_notifications_read() missing 1 required positional argument: 'request'
ERROR 2024-11-23 16:05:43,962 basehttp "POST /apps/mark-notifications-read/ HTTP/1.1" 500 70204
ERROR 2024-11-23 16:05:47,025 log Internal Server Error: /apps/mark-notifications-read/
Traceback (most recent call last):
  File "C:\Python310\lib\site-packages\django\core\handlers\exception.py", line 55, in inner
    response = get_response(request)
  File "C:\Python310\lib\site-packages\django\core\handlers\base.py", line 197, in _get_response
    response = wrapped_callback(request, *callback_args, **callback_kwargs)
  File "C:\Python310\lib\site-packages\django\utils\decorators.py", line 48, in _wrapper
    return bound_method(*args, **kwargs)
TypeError: mark_notifications_read() missing 1 required positional argument: 'request'
ERROR 2024-11-23 16:05:47,033 basehttp "POST /apps/mark-notifications-read/ HTTP/1.1" 500 70204
ERROR 2024-11-23 16:05:51,171 log Internal Server Error: /apps/mark-notifications-read/
Traceback (most recent call last):
  File "C:\Python310\lib\site-packages\django\core\handlers\exception.py", line 55, in inner
    response = get_response(request)
  File "C:\Python310\lib\site-packages\django\core\handlers\base.py", line 197, in _get_response
    response = wrapped_callback(request, *callback_args, **callback_kwargs)
  File "C:\Python310\lib\site-packages\django\utils\decorators.py", line 48, in _wrapper
    return bound_method(*args, **kwargs)
TypeError: mark_notifications_read() missing 1 required positional argument: 'request'
ERROR 2024-11-23 16:05:51,195 basehttp "POST /apps/mark-notifications-read/ HTTP/1.1" 500 70204
ERROR 2024-11-23 16:05:55,508 log Internal Server Error: /apps/mark-notifications-read/
Traceback (most recent call last):
  File "C:\Python310\lib\site-packages\django\core\handlers\exception.py", line 55, in inner
    response = get_response(request)
  File "C:\Python310\lib\site-packages\django\core\handlers\base.py", line 197, in _get_response
    response = wrapped_callback(request, *callback_args, **callback_kwargs)
  File "C:\Python310\lib\site-packages\django\utils\decorators.py", line 48, in _wrapper
    return bound_method(*args, **kwargs)
TypeError: mark_notifications_read() missing 1 required positional argument: 'request'
ERROR 2024-11-23 16:05:55,515 basehttp "POST /apps/mark-notifications-read/ HTTP/1.1" 500 70204
ERROR 2024-11-23 16:08:36,968 log Internal Server Error: /apps/mark-notifications-read/
Traceback (most recent call last):
  File "C:\Python310\lib\site-packages\django\core\handlers\exception.py", line 55, in inner
    response = get_response(request)
  File "C:\Python310\lib\site-packages\django\core\handlers\base.py", line 197, in _get_response
    response = wrapped_callback(request, *callback_args, **callback_kwargs)
  File "C:\Python310\lib\site-packages\django\utils\decorators.py", line 48, in _wrapper
    return bound_method(*args, **kwargs)
TypeError: mark_notifications_read() missing 1 required positional argument: 'request'
ERROR 2024-11-23 16:08:36,980 basehttp "POST /apps/mark-notifications-read/ HTTP/1.1" 500 70204
ERROR 2024-11-23 16:08:43,175 log Internal Server Error: /apps/mark-notifications-read/
Traceback (most recent call last):
  File "C:\Python310\lib\site-packages\django\core\handlers\exception.py", line 55, in inner
    response = get_response(request)
  File "C:\Python310\lib\site-packages\django\core\handlers\base.py", line 197, in _get_response
    response = wrapped_callback(request, *callback_args, **callback_kwargs)
  File "C:\Python310\lib\site-packages\django\utils\decorators.py", line 48, in _wrapper
    return bound_method(*args, **kwargs)
TypeError: mark_notifications_read() missing 1 required positional argument: 'request'
ERROR 2024-11-23 16:08:43,185 basehttp "POST /apps/mark-notifications-read/ HTTP/1.1" 500 70204
ERROR 2024-11-23 16:14:24,942 log Internal Server Error: /apps/mark-notifications-read/
Traceback (most recent call last):
  File "C:\Python310\lib\site-packages\django\core\handlers\exception.py", line 55, in inner
    response = get_response(request)
  File "C:\Python310\lib\site-packages\django\core\handlers\base.py", line 197, in _get_response
    response = wrapped_callback(request, *callback_args, **callback_kwargs)
  File "C:\Python310\lib\site-packages\django\utils\decorators.py", line 48, in _wrapper
    return bound_method(*args, **kwargs)
TypeError: mark_notifications_read() missing 1 required positional argument: 'request'
ERROR 2024-11-23 16:14:24,951 basehttp "POST /apps/mark-notifications-read/ HTTP/1.1" 500 70204
ERROR 2024-11-23 16:35:12,944 log Internal Server Error: /apps/home
Traceback (most recent call last):
  File "C:\Python310\lib\site-packages\django\db\models\fields\__init__.py", line 2112, in get_prep_value
    return int(value)
TypeError: int() argument must be a string, a bytes-like object or a real number, not 'SimpleLazyObject'

The above exception was the direct cause of the following exception:

Traceback (most recent call last):
  File "C:\Python310\lib\site-packages\django\core\handlers\exception.py", line 55, in inner
    response = get_response(request)
  File "C:\Python310\lib\site-packages\django\core\handlers\base.py", line 197, in _get_response
    response = wrapped_callback(request, *callback_args, **callback_kwargs)
  File "C:\workspace\projet\backend\saleManagment\apps\views.py", line 1529, in home
    unread_notifications = Notification.objects.filter(user=request.user, is_read=False)
  File "C:\Python310\lib\site-packages\django\db\models\manager.py", line 87, in manager_method
    return getattr(self.get_queryset(), name)(*args, **kwargs)
  File "C:\Python310\lib\site-packages\django\db\models\query.py", line 1476, in filter
    return self._filter_or_exclude(False, args, kwargs)
  File "C:\Python310\lib\site-packages\django\db\models\query.py", line 1494, in _filter_or_exclude
    clone._filter_or_exclude_inplace(negate, args, kwargs)
  File "C:\Python310\lib\site-packages\django\db\models\query.py", line 1501, in _filter_or_exclude_inplace
    self._query.add_q(Q(*args, **kwargs))
  File "C:\Python310\lib\site-packages\django\db\models\sql\query.py", line 1602, in add_q
    clause, _ = self._add_q(q_object, self.used_aliases)
  File "C:\Python310\lib\site-packages\django\db\models\sql\query.py", line 1634, in _add_q
    child_clause, needed_inner = self.build_filter(
  File "C:\Python310\lib\site-packages\django\db\models\sql\query.py", line 1548, in build_filter
    condition = self.build_lookup(lookups, col, value)
  File "C:\Python310\lib\site-packages\django\db\models\sql\query.py", line 1378, in build_lookup
    lookup = lookup_class(lhs, rhs)
  File "C:\Python310\lib\site-packages\django\db\models\lookups.py", line 30, in __init__
    self.rhs = self.get_prep_lookup()
  File "C:\Python310\lib\site-packages\django\db\models\fields\related_lookups.py", line 156, in get_prep_lookup
    self.rhs = target_field.get_prep_value(self.rhs)
  File "C:\Python310\lib\site-packages\django\db\models\fields\__init__.py", line 2114, in get_prep_value
    raise e.__class__(
TypeError: Field 'id' expected a number but got <SimpleLazyObject: <django.contrib.auth.models.AnonymousUser object at 0x000001E8A5951F00>>.
ERROR 2024-11-23 16:35:12,981 basehttp "GET /apps/home HTTP/1.1" 500 133422
ERROR 2024-11-23 16:48:07,314 log Internal Server Error: /apps/register/
Traceback (most recent call last):
  File "C:\Python310\lib\site-packages\django\core\handlers\exception.py", line 55, in inner
    response = get_response(request)
  File "C:\Python310\lib\site-packages\django\core\handlers\base.py", line 197, in _get_response
    response = wrapped_callback(request, *callback_args, **callback_kwargs)
  File "C:\workspace\projet\backend\saleManagment\apps\views.py", line 37, in registration_view
    form.save()
  File "C:\workspace\projet\backend\saleManagment\apps\forms.py", line 178, in save
    user.set_password(self.cleaned_data['password'])
KeyError: 'password'
ERROR 2024-11-23 16:48:07,322 basehttp "POST /apps/register/ HTTP/1.1" 500 74083
ERROR 2024-11-24 00:22:31,562 log Internal Server Error: /apps/test/
Traceback (most recent call last):
  File "C:\Python310\lib\site-packages\django\core\handlers\exception.py", line 55, in inner
    response = get_response(request)
  File "C:\Python310\lib\site-packages\django\core\handlers\base.py", line 197, in _get_response
    response = wrapped_callback(request, *callback_args, **callback_kwargs)
  File "C:\workspace\projet\backend\saleManagment\apps\views.py", line 82, in test_view
    'best_seller': get_best_selling_product_all_time(),
TypeError: View.as_view.<locals>.view() missing 1 required positional argument: 'request'
ERROR 2024-11-24 00:22:31,571 basehttp "GET /apps/test/ HTTP/1.1" 500 68290
ERROR 2024-11-24 00:34:18,349 log Internal Server Error: /apps/test/
Traceback (most recent call last):
  File "C:\Python310\lib\site-packages\django\core\handlers\exception.py", line 55, in inner
    response = get_response(request)
  File "C:\Python310\lib\site-packages\django\core\handlers\base.py", line 197, in _get_response
    response = wrapped_callback(request, *callback_args, **callback_kwargs)
  File "C:\workspace\projet\backend\saleManagment\apps\views.py", line 82, in test_view
    'best_seller': get_best_selling_product_all_time(),
TypeError: View.as_view.<locals>.view() missing 1 required positional argument: 'request'
ERROR 2024-11-24 00:34:18,358 basehttp "GET /apps/test/ HTTP/1.1" 500 68427
ERROR 2024-11-24 00:38:04,464 log Internal Server Error: /apps/test/
Traceback (most recent call last):
  File "C:\Python310\lib\site-packages\django\core\handlers\exception.py", line 55, in inner
    response = get_response(request)
  File "C:\Python310\lib\site-packages\django\core\handlers\base.py", line 197, in _get_response
    response = wrapped_callback(request, *callback_args, **callback_kwargs)
  File "C:\workspace\projet\backend\saleManagment\apps\views.py", line 83, in test_view
    'best_seller': get_best_selling_product_all_time(),
TypeError: View.as_view.<locals>.view() missing 1 required positional argument: 'request'
ERROR 2024-11-24 00:38:04,470 basehttp "GET /apps/test/ HTTP/1.1" 500 68406
ERROR 2024-11-24 00:39:31,831 log Internal Server Error: /apps/test/
Traceback (most recent call last):
  File "C:\Python310\lib\site-packages\django\core\handlers\exception.py", line 55, in inner
    response = get_response(request)
  File "C:\Python310\lib\site-packages\django\core\handlers\base.py", line 197, in _get_response
    response = wrapped_callback(request, *callback_args, **callback_kwargs)
  File "C:\workspace\projet\backend\saleManagment\apps\views.py", line 83, in test_page
    'best_seller': get_best_selling_product_all_time(),
TypeError: View.as_view.<locals>.view() missing 1 required positional argument: 'request'
ERROR 2024-11-24 00:39:31,835 basehttp "GET /apps/test/ HTTP/1.1" 500 68406
ERROR 2024-11-24 00:47:36,198 log Internal Server Error: /apps/page/
Traceback (most recent call last):
  File "C:\Python310\lib\site-packages\django\core\handlers\exception.py", line 55, in inner
    response = get_response(request)
  File "C:\Python310\lib\site-packages\django\core\handlers\base.py", line 197, in _get_response
    response = wrapped_callback(request, *callback_args, **callback_kwargs)
  File "C:\workspace\projet\backend\saleManagment\apps\views.py", line 83, in page
    'best_seller': get_best_selling_product_all_time(),
TypeError: View.as_view.<locals>.view() missing 1 required positional argument: 'request'
ERROR 2024-11-24 00:47:36,203 basehttp "GET /apps/page/ HTTP/1.1" 500 68234
ERROR 2024-11-24 00:47:40,109 log Internal Server Error: /apps/page/
Traceback (most recent call last):
  File "C:\Python310\lib\site-packages\django\core\handlers\exception.py", line 55, in inner
    response = get_response(request)
  File "C:\Python310\lib\site-packages\django\core\handlers\base.py", line 197, in _get_response
    response = wrapped_callback(request, *callback_args, **callback_kwargs)
  File "C:\workspace\projet\backend\saleManagment\apps\views.py", line 83, in page
    'best_seller': get_best_selling_product_all_time(),
TypeError: View.as_view.<locals>.view() missing 1 required positional argument: 'request'
ERROR 2024-11-24 00:47:40,113 basehttp "GET /apps/page/ HTTP/1.1" 500 68371
ERROR 2024-11-24 00:47:41,788 log Internal Server Error: /apps/page/
Traceback (most recent call last):
  File "C:\Python310\lib\site-packages\django\core\handlers\exception.py", line 55, in inner
    response = get_response(request)
  File "C:\Python310\lib\site-packages\django\core\handlers\base.py", line 197, in _get_response
    response = wrapped_callback(request, *callback_args, **callback_kwargs)
  File "C:\workspace\projet\backend\saleManagment\apps\views.py", line 83, in page
    'best_seller': get_best_selling_product_all_time(),
TypeError: View.as_view.<locals>.view() missing 1 required positional argument: 'request'
ERROR 2024-11-24 00:47:41,791 basehttp "GET /apps/page/ HTTP/1.1" 500 68371
ERROR 2024-11-24 00:48:01,013 log Internal Server Error: /apps/page/
Traceback (most recent call last):
  File "C:\Python310\lib\site-packages\django\core\handlers\exception.py", line 55, in inner
    response = get_response(request)
  File "C:\Python310\lib\site-packages\django\core\handlers\base.py", line 197, in _get_response
    response = wrapped_callback(request, *callback_args, **callback_kwargs)
  File "C:\workspace\projet\backend\saleManagment\apps\views.py", line 83, in page
    'best_seller': get_best_selling_product_all_time(),
TypeError: View.as_view.<locals>.view() missing 1 required positional argument: 'request'
ERROR 2024-11-24 00:48:01,017 basehttp "GET /apps/page/ HTTP/1.1" 500 68234
ERROR 2024-11-24 00:48:56,671 log Internal Server Error: /apps/page/
Traceback (most recent call last):
  File "C:\Python310\lib\site-packages\django\core\handlers\exception.py", line 55, in inner
    response = get_response(request)
  File "C:\Python310\lib\site-packages\django\core\handlers\base.py", line 197, in _get_response
    response = wrapped_callback(request, *callback_args, **callback_kwargs)
  File "C:\workspace\projet\backend\saleManagment\apps\views.py", line 84, in page
    'top_livreur': get_livreur_with_most_deliveries(),
  File "C:\workspace\projet\backend\saleManagment\apps\views.py", line 69, in get_livreur_with_most_deliveries
    return Livreurs.objects.annotate(
  File "C:\Python310\lib\site-packages\django\db\models\manager.py", line 87, in manager_method
    return getattr(self.get_queryset(), name)(*args, **kwargs)
  File "C:\Python310\lib\site-packages\django\db\models\query.py", line 1630, in annotate
    return self._annotate(args, kwargs, select=True)
  File "C:\Python310\lib\site-packages\django\db\models\query.py", line 1678, in _annotate
    clone.query.add_annotation(
  File "C:\Python310\lib\site-packages\django\db\models\sql\query.py", line 1187, in add_annotation
    annotation = annotation.resolve_expression(self, allow_joins=True, reuse=None)
  File "C:\Python310\lib\site-packages\django\db\models\aggregates.py", line 64, in resolve_expression
    c = super().resolve_expression(query, allow_joins, reuse, summarize)
  File "C:\Python310\lib\site-packages\django\db\models\expressions.py", line 975, in resolve_expression
    c.source_expressions[pos] = arg.resolve_expression(
  File "C:\Python310\lib\site-packages\django\db\models\expressions.py", line 854, in resolve_expression
    return query.resolve_ref(self.name, allow_joins, reuse, summarize)
  File "C:\Python310\lib\site-packages\django\db\models\sql\query.py", line 2019, in resolve_ref
    transform = join_info.transform_function(targets[0], final_alias)
  File "C:\Python310\lib\site-packages\django\db\models\sql\query.py", line 1879, in transform
    return self.try_transform(wrapped, name)
  File "C:\Python310\lib\site-packages\django\db\models\sql\query.py", line 1416, in try_transform
    raise FieldError(
django.core.exceptions.FieldError: Unsupported lookup 'id' for AutoField or join on the field not permitted.
ERROR 2024-11-24 00:48:56,709 basehttp "GET /apps/page/ HTTP/1.1" 500 119591
ERROR 2024-11-24 01:20:59,780 log Internal Server Error: /apps/page/
Traceback (most recent call last):
  File "C:\Python310\lib\site-packages\django\core\handlers\exception.py", line 55, in inner
    response = get_response(request)
  File "C:\Python310\lib\site-packages\django\core\handlers\base.py", line 197, in _get_response
    response = wrapped_callback(request, *callback_args, **callback_kwargs)
  File "C:\workspace\projet\backend\saleManagment\apps\views.py", line 85, in page
    'most_returned_item': get_item_with_most_returns(),
  File "C:\workspace\projet\backend\saleManagment\apps\views.py", line 74, in get_item_with_most_returns
    return retour.objects.values(
  File "C:\Python310\lib\site-packages\django\db\models\query.py", line 1630, in annotate
    return self._annotate(args, kwargs, select=True)
  File "C:\Python310\lib\site-packages\django\db\models\query.py", line 1678, in _annotate
    clone.query.add_annotation(
  File "C:\Python310\lib\site-packages\django\db\models\sql\query.py", line 1187, in add_annotation
    annotation = annotation.resolve_expression(self, allow_joins=True, reuse=None)
  File "C:\Python310\lib\site-packages\django\db\models\aggregates.py", line 64, in resolve_expression
    c = super().resolve_expression(query, allow_joins, reuse, summarize)
  File "C:\Python310\lib\site-packages\django\db\models\expressions.py", line 975, in resolve_expression
    c.source_expressions[pos] = arg.resolve_expression(
  File "C:\Python310\lib\site-packages\django\db\models\expressions.py", line 854, in resolve_expression
    return query.resolve_ref(self.name, allow_joins, reuse, summarize)
  File "C:\Python310\lib\site-packages\django\db\models\sql\query.py", line 2003, in resolve_ref
    join_info = self.setup_joins(
  File "C:\Python310\lib\site-packages\django\db\models\sql\query.py", line 1856, in setup_joins
    path, final_field, targets, rest = self.names_to_path(
  File "C:\Python310\lib\site-packages\django\db\models\sql\query.py", line 1761, in names_to_path
    raise FieldError(
django.core.exceptions.FieldError: Cannot resolve keyword 'id' into field. Choices are: date_retour, facture, facture_id, informations_supp, livreur, livreur_id, raison_retour, retour, supplier, supplier_id
ERROR 2024-11-24 01:20:59,797 basehttp "GET /apps/page/ HTTP/1.1" 500 115606
ERROR 2024-11-24 10:06:16,007 log Internal Server Error: /apps/page/
Traceback (most recent call last):
  File "C:\Python310\lib\site-packages\django\core\handlers\exception.py", line 55, in inner
    response = get_response(request)
  File "C:\Python310\lib\site-packages\django\core\handlers\base.py", line 197, in _get_response
    response = wrapped_callback(request, *callback_args, **callback_kwargs)
  File "C:\workspace\projet\backend\saleManagment\apps\views.py", line 253, in page
    'top_livreur_by_commands': get_livreur_with_most_commands(),
  File "C:\workspace\projet\backend\saleManagment\apps\views.py", line 190, in get_livreur_with_most_commands
    return Livreurs.objects.annotate(
  File "C:\Python310\lib\site-packages\django\db\models\manager.py", line 87, in manager_method
    return getattr(self.get_queryset(), name)(*args, **kwargs)
  File "C:\Python310\lib\site-packages\django\db\models\query.py", line 1630, in annotate
    return self._annotate(args, kwargs, select=True)
  File "C:\Python310\lib\site-packages\django\db\models\query.py", line 1678, in _annotate
    clone.query.add_annotation(
  File "C:\Python310\lib\site-packages\django\db\models\sql\query.py", line 1187, in add_annotation
    annotation = annotation.resolve_expression(self, allow_joins=True, reuse=None)
  File "C:\Python310\lib\site-packages\django\db\models\aggregates.py", line 64, in resolve_expression
    c = super().resolve_expression(query, allow_joins, reuse, summarize)
  File "C:\Python310\lib\site-packages\django\db\models\expressions.py", line 975, in resolve_expression
    c.source_expressions[pos] = arg.resolve_expression(
  File "C:\Python310\lib\site-packages\django\db\models\expressions.py", line 854, in resolve_expression
    return query.resolve_ref(self.name, allow_joins, reuse, summarize)
  File "C:\Python310\lib\site-packages\django\db\models\sql\query.py", line 2003, in resolve_ref
    join_info = self.setup_joins(
  File "C:\Python310\lib\site-packages\django\db\models\sql\query.py", line 1856, in setup_joins
    path, final_field, targets, rest = self.names_to_path(
  File "C:\Python310\lib\site-packages\django\db\models\sql\query.py", line 1761, in names_to_path
    raise FieldError(
django.core.exceptions.FieldError: Cannot resolve keyword 'delivery' into field. Choices are: company_name, customuser_ptr, customuser_ptr_id, deliveries, email, full_name, groups, id, is_active, is_staff, is_superuser, last_login, logentry, notifications, number, password, retour, user_permissions, user_type, username, userpermission
ERROR 2024-11-24 10:06:16,049 basehttp "GET /apps/page/ HTTP/1.1" 500 121335
ERROR 2024-11-25 10:55:45,776 log Internal Server Error: /apps/sales_dashboard
Traceback (most recent call last):
  File "C:\Python310\lib\site-packages\django\core\handlers\exception.py", line 55, in inner
    response = get_response(request)
  File "C:\Python310\lib\site-packages\django\core\handlers\base.py", line 197, in _get_response
    response = wrapped_callback(request, *callback_args, **callback_kwargs)
  File "C:\workspace\projet\backend\saleManagment\apps\views.py", line 308, in sales_dashboard
    return render(request, 'index.html', context)
  File "C:\Python310\lib\site-packages\django\shortcuts.py", line 24, in render
    content = loader.render_to_string(template_name, context, request, using=using)
  File "C:\Python310\lib\site-packages\django\template\loader.py", line 61, in render_to_string
    template = get_template(template_name, using=using)
  File "C:\Python310\lib\site-packages\django\template\loader.py", line 15, in get_template
    return engine.get_template(template_name)
  File "C:\Python310\lib\site-packages\django\template\backends\django.py", line 33, in get_template
    return Template(self.engine.get_template(template_name), self)
  File "C:\Python310\lib\site-packages\django\template\engine.py", line 175, in get_template
    template, origin = self.find_template(template_name)
  File "C:\Python310\lib\site-packages\django\template\engine.py", line 157, in find_template
    template = loader.get_template(name, skip=skip)
  File "C:\Python310\lib\site-packages\django\template\loaders\cached.py", line 57, in get_template
    template = super().get_template(template_name, skip)
  File "C:\Python310\lib\site-packages\django\template\loaders\base.py", line 28, in get_template
    return Template(
  File "C:\Python310\lib\site-packages\django\template\base.py", line 154, in __init__
    self.nodelist = self.compile_nodelist()
  File "C:\Python310\lib\site-packages\django\template\base.py", line 196, in compile_nodelist
    return parser.parse()
  File "C:\Python310\lib\site-packages\django\template\base.py", line 481, in parse
    raise self.error(token, e)
  File "C:\Python310\lib\site-packages\django\template\base.py", line 479, in parse
    filter_expression = self.compile_filter(token.contents)
  File "C:\Python310\lib\site-packages\django\template\base.py", line 597, in compile_filter
    return FilterExpression(token, self)
  File "C:\Python310\lib\site-packages\django\template\base.py", line 693, in __init__
    filter_func = parser.find_filter(filter_name)
  File "C:\Python310\lib\site-packages\django\template\base.py", line 603, in find_filter
    raise TemplateSyntaxError("Invalid filter: '%s'" % filter_name)
django.template.exceptions.TemplateSyntaxError: Invalid filter: 'map'
ERROR 2024-11-25 10:55:45,811 basehttp "GET /apps/sales_dashboard HTTP/1.1" 500 178249
ERROR 2024-11-25 11:33:16,391 log Internal Server Error: /apps/sales_dashboard
Traceback (most recent call last):
  File "C:\workspace\projet\venv\lib\site-packages\django\core\handlers\exception.py", line 55, in inner
    response = get_response(request)
  File "C:\workspace\projet\venv\lib\site-packages\django\core\handlers\base.py", line 197, in _get_response
    response = wrapped_callback(request, *callback_args, **callback_kwargs)
  File "C:\workspace\projet\backend\saleManagment\apps\views.py", line 302, in sales_dashboard
    print(context)
UnboundLocalError: local variable 'context' referenced before assignment
ERROR 2024-11-25 11:33:16,406 basehttp "GET /apps/sales_dashboard HTTP/1.1" 500 74295
ERROR 2024-11-25 11:33:54,029 log Internal Server Error: /apps/sales_dashboard
Traceback (most recent call last):
  File "C:\workspace\projet\venv\lib\site-packages\django\core\handlers\exception.py", line 55, in inner
    response = get_response(request)
  File "C:\workspace\projet\venv\lib\site-packages\django\core\handlers\base.py", line 197, in _get_response
    response = wrapped_callback(request, *callback_args, **callback_kwargs)
  File "C:\workspace\projet\backend\saleManagment\apps\views.py", line 309, in sales_dashboard
    return render(request, 'index.html', context)
  File "C:\workspace\projet\venv\lib\site-packages\django\shortcuts.py", line 25, in render
    content = loader.render_to_string(template_name, context, request, using=using)
  File "C:\workspace\projet\venv\lib\site-packages\django\template\loader.py", line 61, in render_to_string
    template = get_template(template_name, using=using)
  File "C:\workspace\projet\venv\lib\site-packages\django\template\loader.py", line 15, in get_template
    return engine.get_template(template_name)
  File "C:\workspace\projet\venv\lib\site-packages\django\template\backends\django.py", line 79, in get_template
    return Template(self.engine.get_template(template_name), self)
  File "C:\workspace\projet\venv\lib\site-packages\django\template\engine.py", line 177, in get_template
    template, origin = self.find_template(template_name)
  File "C:\workspace\projet\venv\lib\site-packages\django\template\engine.py", line 159, in find_template
    template = loader.get_template(name, skip=skip)
  File "C:\workspace\projet\venv\lib\site-packages\django\template\loaders\cached.py", line 57, in get_template
    template = super().get_template(template_name, skip)
  File "C:\workspace\projet\venv\lib\site-packages\django\template\loaders\base.py", line 28, in get_template
    return Template(
  File "C:\workspace\projet\venv\lib\site-packages\django\template\base.py", line 154, in __init__
    self.nodelist = self.compile_nodelist()
  File "C:\workspace\projet\venv\lib\site-packages\django\template\base.py", line 196, in compile_nodelist
    nodelist = parser.parse()
  File "C:\workspace\projet\venv\lib\site-packages\django\template\base.py", line 489, in parse
    raise self.error(token, e)
  File "C:\workspace\projet\venv\lib\site-packages\django\template\base.py", line 487, in parse
    filter_expression = self.compile_filter(token.contents)
  File "C:\workspace\projet\venv\lib\site-packages\django\template\base.py", line 605, in compile_filter
    return FilterExpression(token, self)
  File "C:\workspace\projet\venv\lib\site-packages\django\template\base.py", line 701, in __init__
    filter_func = parser.find_filter(filter_name)
  File "C:\workspace\projet\venv\lib\site-packages\django\template\base.py", line 611, in find_filter
    raise TemplateSyntaxError("Invalid filter: '%s'" % filter_name)
django.template.exceptions.TemplateSyntaxError: Invalid filter: 'map'
ERROR 2024-11-25 11:33:54,079 basehttp "GET /apps/sales_dashboard HTTP/1.1" 500 182150
ERROR 2024-11-25 12:21:43,738 log Internal Server Error: /apps/sales_dashboard_page
Traceback (most recent call last):
  File "C:\workspace\projet\venv\lib\site-packages\django\core\handlers\exception.py", line 55, in inner
    response = get_response(request)
  File "C:\workspace\projet\venv\lib\site-packages\django\core\handlers\base.py", line 197, in _get_response
    response = wrapped_callback(request, *callback_args, **callback_kwargs)
  File "C:\workspace\projet\backend\saleManagment\apps\views.py", line 320, in sales_dashboard_page
    return render(request, 'dashboard.html')
  File "C:\workspace\projet\venv\lib\site-packages\django\shortcuts.py", line 25, in render
    content = loader.render_to_string(template_name, context, request, using=using)
  File "C:\workspace\projet\venv\lib\site-packages\django\template\loader.py", line 61, in render_to_string
    template = get_template(template_name, using=using)
  File "C:\workspace\projet\venv\lib\site-packages\django\template\loader.py", line 19, in get_template
    raise TemplateDoesNotExist(template_name, chain=chain)
django.template.exceptions.TemplateDoesNotExist: dashboard.html
ERROR 2024-11-25 12:21:43,746 basehttp "GET /apps/sales_dashboard_page HTTP/1.1" 500 85911
ERROR 2024-11-30 14:38:29,472 log Internal Server Error: /apps/returns_and_losses_dashboard_page
Traceback (most recent call last):
  File "C:\workspace\projet\venv\lib\site-packages\django\core\handlers\exception.py", line 55, in inner
    response = get_response(request)
  File "C:\workspace\projet\venv\lib\site-packages\django\core\handlers\base.py", line 197, in _get_response
    response = wrapped_callback(request, *callback_args, **callback_kwargs)
  File "C:\workspace\projet\backend\saleManagment\apps\views.py", line 417, in returns_and_losses_dashboard_page
    'monthly_returns': monthly_returns(),
  File "C:\workspace\projet\backend\saleManagment\apps\views.py", line 283, in monthly_returns
    current_month = timezone.now().month
AttributeError: type object 'datetime.timezone' has no attribute 'now'
ERROR 2024-11-30 14:38:29,511 basehttp "GET /apps/returns_and_losses_dashboard_page HTTP/1.1" 500 74279
ERROR 2024-11-30 14:46:21,138 log Internal Server Error: /apps/returns_and_losses_dashboard_page
Traceback (most recent call last):
  File "C:\workspace\projet\venv\lib\site-packages\django\core\handlers\exception.py", line 55, in inner
    response = get_response(request)
  File "C:\workspace\projet\venv\lib\site-packages\django\core\handlers\base.py", line 197, in _get_response
    response = wrapped_callback(request, *callback_args, **callback_kwargs)
  File "C:\workspace\projet\backend\saleManagment\apps\views.py", line 418, in returns_and_losses_dashboard_page
    'monthly_returns': monthly_returns(),
  File "C:\workspace\projet\backend\saleManagment\apps\views.py", line 284, in monthly_returns
    current_month = timezone.now().month
AttributeError: type object 'datetime.timezone' has no attribute 'now'
ERROR 2024-11-30 14:46:21,156 basehttp "GET /apps/returns_and_losses_dashboard_page HTTP/1.1" 500 74279
ERROR 2024-11-30 14:48:32,277 log Internal Server Error: /apps/returns_and_losses_dashboard_page
Traceback (most recent call last):
  File "C:\workspace\projet\venv\lib\site-packages\django\core\handlers\exception.py", line 55, in inner
    response = get_response(request)
  File "C:\workspace\projet\venv\lib\site-packages\django\core\handlers\base.py", line 197, in _get_response
    response = wrapped_callback(request, *callback_args, **callback_kwargs)
  File "C:\workspace\projet\backend\saleManagment\apps\views.py", line 418, in returns_and_losses_dashboard_page
    'monthly_returns': monthly_returns(),
  File "C:\workspace\projet\backend\saleManagment\apps\views.py", line 284, in monthly_returns
    current_month = timezone.now().month
AttributeError: type object 'datetime.timezone' has no attribute 'now'
ERROR 2024-11-30 14:48:32,287 basehttp "GET /apps/returns_and_losses_dashboard_page HTTP/1.1" 500 74279
ERROR 2024-11-30 15:09:06,412 log Internal Server Error: /apps/returns_and_losses_dashboard_page
Traceback (most recent call last):
  File "C:\workspace\projet\venv\lib\site-packages\django\core\handlers\exception.py", line 55, in inner
    response = get_response(request)
  File "C:\workspace\projet\venv\lib\site-packages\django\core\handlers\base.py", line 197, in _get_response
    response = wrapped_callback(request, *callback_args, **callback_kwargs)
  File "C:\workspace\projet\backend\saleManagment\apps\views.py", line 420, in returns_and_losses_dashboard_page
    'monthly_returns_by_supplier': monthly_returns_by_supplier()
  File "C:\workspace\projet\backend\saleManagment\apps\views.py", line 334, in monthly_returns_by_supplier
    current_month = timezone.now().month
AttributeError: type object 'datetime.timezone' has no attribute 'now'
ERROR 2024-11-30 15:09:06,422 basehttp "GET /apps/returns_and_losses_dashboard_page HTTP/1.1" 500 74323
ERROR 2024-11-30 15:43:58,507 log Internal Server Error: /apps/returns_and_losses_dashboard_data
Traceback (most recent call last):
  File "C:\workspace\projet\venv\lib\site-packages\django\core\handlers\exception.py", line 55, in inner
    response = get_response(request)
  File "C:\workspace\projet\venv\lib\site-packages\django\core\handlers\base.py", line 197, in _get_response
    response = wrapped_callback(request, *callback_args, **callback_kwargs)
  File "C:\workspace\projet\backend\saleManagment\apps\views.py", line 367, in returns_and_losses_dashboard_data
    'monthly_returns_by_supplier': monthly_returns_by_supplier()
  File "C:\workspace\projet\backend\saleManagment\apps\views.py", line 295, in monthly_returns_by_supplier
    current_month = timezone.now().month
AttributeError: type object 'datetime.timezone' has no attribute 'now'
ERROR 2024-11-30 15:43:58,518 basehttp "GET /apps/returns_and_losses_dashboard_data HTTP/1.1" 500 74101
ERROR 2024-11-30 15:44:05,370 log Internal Server Error: /apps/returns_and_losses_dashboard_page
Traceback (most recent call last):
  File "C:\workspace\projet\venv\lib\site-packages\django\core\handlers\exception.py", line 55, in inner
    response = get_response(request)
  File "C:\workspace\projet\venv\lib\site-packages\django\core\handlers\base.py", line 197, in _get_response
    response = wrapped_callback(request, *callback_args, **callback_kwargs)
  File "C:\workspace\projet\backend\saleManagment\apps\views.py", line 380, in returns_and_losses_dashboard_page
    'monthly_returns_by_supplier': monthly_returns_by_supplier()
  File "C:\workspace\projet\backend\saleManagment\apps\views.py", line 295, in monthly_returns_by_supplier
    current_month = timezone.now().month
AttributeError: type object 'datetime.timezone' has no attribute 'now'
ERROR 2024-11-30 15:44:05,380 basehttp "GET /apps/returns_and_losses_dashboard_page HTTP/1.1" 500 74085
ERROR 2024-11-30 15:45:13,656 log Internal Server Error: /apps/returns_and_losses_dashboard_page
Traceback (most recent call last):
  File "C:\workspace\projet\venv\lib\site-packages\django\core\handlers\exception.py", line 55, in inner
    response = get_response(request)
  File "C:\workspace\projet\venv\lib\site-packages\django\core\handlers\base.py", line 197, in _get_response
    response = wrapped_callback(request, *callback_args, **callback_kwargs)
  File "C:\workspace\projet\backend\saleManagment\apps\views.py", line 380, in returns_and_losses_dashboard_page
    'monthly_returns_by_supplier': monthly_returns_by_supplier()
  File "C:\workspace\projet\backend\saleManagment\apps\views.py", line 295, in monthly_returns_by_supplier
    current_month = timezone.now().month
AttributeError: type object 'datetime.timezone' has no attribute 'now'
ERROR 2024-11-30 15:45:13,666 basehttp "GET /apps/returns_and_losses_dashboard_page HTTP/1.1" 500 74222
ERROR 2024-11-30 15:45:55,940 log Internal Server Error: /apps/returns_and_losses_dashboard_page
Traceback (most recent call last):
  File "C:\workspace\projet\venv\lib\site-packages\django\core\handlers\exception.py", line 55, in inner
    response = get_response(request)
  File "C:\workspace\projet\venv\lib\site-packages\django\core\handlers\base.py", line 197, in _get_response
    response = wrapped_callback(request, *callback_args, **callback_kwargs)
  File "C:\workspace\projet\backend\saleManagment\apps\views.py", line 380, in returns_and_losses_dashboard_page
    'monthly_returns_by_supplier': monthly_returns_by_supplier()
  File "C:\workspace\projet\backend\saleManagment\apps\views.py", line 295, in monthly_returns_by_supplier
    current_month = timezone.now().month
AttributeError: type object 'datetime.timezone' has no attribute 'now'
ERROR 2024-11-30 15:45:55,951 basehttp "GET /apps/returns_and_losses_dashboard_page HTTP/1.1" 500 74222
ERROR 2024-11-30 15:54:42,586 log Internal Server Error: /apps/returns_and_losses_dashboard_page
Traceback (most recent call last):
  File "C:\workspace\projet\venv\lib\site-packages\django\core\handlers\exception.py", line 55, in inner
    response = get_response(request)
  File "C:\workspace\projet\venv\lib\site-packages\django\core\handlers\base.py", line 197, in _get_response
    response = wrapped_callback(request, *callback_args, **callback_kwargs)
  File "C:\workspace\projet\backend\saleManagment\apps\views.py", line 381, in returns_and_losses_dashboard_page
    'monthly_returns_by_supplier': monthly_returns_by_supplier()
  File "C:\workspace\projet\backend\saleManagment\apps\views.py", line 296, in monthly_returns_by_supplier
    current_month = timezone.now().month
AttributeError: type object 'datetime.timezone' has no attribute 'now'
ERROR 2024-11-30 15:54:42,607 basehttp "GET /apps/returns_and_losses_dashboard_page HTTP/1.1" 500 74222
ERROR 2024-11-30 15:58:11,688 log Internal Server Error: /apps/returns_and_losses_dashboard_page
Traceback (most recent call last):
  File "C:\workspace\projet\venv\lib\site-packages\django\core\handlers\exception.py", line 55, in inner
    response = get_response(request)
  File "C:\workspace\projet\venv\lib\site-packages\django\core\handlers\base.py", line 197, in _get_response
    response = wrapped_callback(request, *callback_args, **callback_kwargs)
  File "C:\workspace\projet\backend\saleManagment\apps\views.py", line 381, in returns_and_losses_dashboard_page
    'monthly_returns_by_supplier': monthly_returns_by_supplier()
  File "C:\workspace\projet\backend\saleManagment\apps\views.py", line 295, in monthly_returns_by_supplier
    current_month = timezone.now().month
AttributeError: type object 'datetime.timezone' has no attribute 'now'
ERROR 2024-11-30 15:58:11,696 basehttp "GET /apps/returns_and_losses_dashboard_page HTTP/1.1" 500 74222
ERROR 2024-11-30 22:38:53,253 log Internal Server Error: /apps/returns_and_losses_dashboard_page
Traceback (most recent call last):
  File "C:\workspace\projet\venv\lib\site-packages\django\core\handlers\exception.py", line 55, in inner
    response = get_response(request)
  File "C:\workspace\projet\venv\lib\site-packages\django\core\handlers\base.py", line 197, in _get_response
    response = wrapped_callback(request, *callback_args, **callback_kwargs)
  File "C:\workspace\projet\backend\saleManagment\apps\views.py", line 378, in returns_and_losses_dashboard_page
    monthly_returns = monthly_returns()
UnboundLocalError: local variable 'monthly_returns' referenced before assignment
ERROR 2024-11-30 22:38:53,264 basehttp "GET /apps/returns_and_losses_dashboard_page HTTP/1.1" 500 72047
ERROR 2024-11-30 22:42:20,125 log Internal Server Error: /apps/returns_and_losses_dashboard_page
Traceback (most recent call last):
  File "C:\workspace\projet\venv\lib\site-packages\django\core\handlers\exception.py", line 55, in inner
    response = get_response(request)
  File "C:\workspace\projet\venv\lib\site-packages\django\core\handlers\base.py", line 197, in _get_response
    response = wrapped_callback(request, *callback_args, **callback_kwargs)
  File "C:\workspace\projet\backend\saleManagment\apps\views.py", line 387, in returns_and_losses_dashboard_page
    'least_seller': json.dumps(least_seller, cls=DjangoJSONEncoder),
  File "C:\Python310\lib\json\__init__.py", line 238, in dumps
    **kw).encode(obj)
  File "C:\Python310\lib\json\encoder.py", line 199, in encode
    chunks = self.iterencode(o, _one_shot=True)
  File "C:\Python310\lib\json\encoder.py", line 257, in iterencode
    return _iterencode(o, 0)
  File "C:\workspace\projet\venv\lib\site-packages\django\core\serializers\json.py", line 106, in default
    return super().default(o)
  File "C:\Python310\lib\json\encoder.py", line 179, in default
    raise TypeError(f'Object of type {o.__class__.__name__} '
TypeError: Object of type QuerySet is not JSON serializable
ERROR 2024-11-30 22:42:20,140 basehttp "GET /apps/returns_and_losses_dashboard_page HTTP/1.1" 500 96724
ERROR 2024-12-01 09:29:53,382 log Internal Server Error: /apps/returns_and_losses_dashboard
Traceback (most recent call last):
  File "C:\workspace\projet\venv\lib\site-packages\django\core\handlers\exception.py", line 55, in inner
    response = get_response(request)
  File "C:\workspace\projet\venv\lib\site-packages\django\core\handlers\base.py", line 197, in _get_response
    response = wrapped_callback(request, *callback_args, **callback_kwargs)
  File "C:\workspace\projet\backend\saleManagment\apps\views.py", line 372, in returns_and_losses_dashboard
    return JsonResponse(data)
  File "C:\workspace\projet\venv\lib\site-packages\django\http\response.py", line 733, in __init__
    data = json.dumps(data, cls=encoder, **json_dumps_params)
  File "C:\Python310\lib\json\__init__.py", line 238, in dumps
    **kw).encode(obj)
  File "C:\Python310\lib\json\encoder.py", line 199, in encode
    chunks = self.iterencode(o, _one_shot=True)
  File "C:\Python310\lib\json\encoder.py", line 257, in iterencode
    return _iterencode(o, 0)
  File "C:\workspace\projet\venv\lib\site-packages\django\core\serializers\json.py", line 106, in default
    return super().default(o)
  File "C:\Python310\lib\json\encoder.py", line 179, in default
    raise TypeError(f'Object of type {o.__class__.__name__} '
TypeError: Object of type QuerySet is not JSON serializable
ERROR 2024-12-01 09:29:53,437 basehttp "GET /apps/returns_and_losses_dashboard HTTP/1.1" 500 102293
ERROR 2024-12-01 09:34:03,025 log Internal Server Error: /apps/returns_and_losses_dashboard
Traceback (most recent call last):
  File "C:\workspace\projet\venv\lib\site-packages\django\core\handlers\exception.py", line 55, in inner
    response = get_response(request)
  File "C:\workspace\projet\venv\lib\site-packages\django\core\handlers\base.py", line 197, in _get_response
    response = wrapped_callback(request, *callback_args, **callback_kwargs)
  File "C:\workspace\projet\backend\saleManagment\apps\views.py", line 372, in returns_and_losses_dashboard
    return JsonResponse(data)
  File "C:\workspace\projet\venv\lib\site-packages\django\http\response.py", line 733, in __init__
    data = json.dumps(data, cls=encoder, **json_dumps_params)
  File "C:\Python310\lib\json\__init__.py", line 238, in dumps
    **kw).encode(obj)
  File "C:\Python310\lib\json\encoder.py", line 199, in encode
    chunks = self.iterencode(o, _one_shot=True)
  File "C:\Python310\lib\json\encoder.py", line 257, in iterencode
    return _iterencode(o, 0)
  File "C:\workspace\projet\venv\lib\site-packages\django\core\serializers\json.py", line 106, in default
    return super().default(o)
  File "C:\Python310\lib\json\encoder.py", line 179, in default
    raise TypeError(f'Object of type {o.__class__.__name__} '
TypeError: Object of type QuerySet is not JSON serializable
ERROR 2024-12-01 09:34:03,047 basehttp "GET /apps/returns_and_losses_dashboard HTTP/1.1" 500 102460
ERROR 2024-12-01 09:34:58,147 log Internal Server Error: /apps/returns_and_losses_dashboard
Traceback (most recent call last):
  File "C:\workspace\projet\venv\lib\site-packages\django\core\handlers\exception.py", line 55, in inner
    response = get_response(request)
  File "C:\workspace\projet\venv\lib\site-packages\django\core\handlers\base.py", line 197, in _get_response
    response = wrapped_callback(request, *callback_args, **callback_kwargs)
  File "C:\workspace\projet\backend\saleManagment\apps\views.py", line 371, in returns_and_losses_dashboard
    return JsonResponse(data)
  File "C:\workspace\projet\venv\lib\site-packages\django\http\response.py", line 733, in __init__
    data = json.dumps(data, cls=encoder, **json_dumps_params)
  File "C:\Python310\lib\json\__init__.py", line 238, in dumps
    **kw).encode(obj)
  File "C:\Python310\lib\json\encoder.py", line 199, in encode
    chunks = self.iterencode(o, _one_shot=True)
  File "C:\Python310\lib\json\encoder.py", line 257, in iterencode
    return _iterencode(o, 0)
  File "C:\workspace\projet\venv\lib\site-packages\django\core\serializers\json.py", line 106, in default
    return super().default(o)
  File "C:\Python310\lib\json\encoder.py", line 179, in default
    raise TypeError(f'Object of type {o.__class__.__name__} '
TypeError: Object of type QuerySet is not JSON serializable
ERROR 2024-12-01 09:34:58,168 basehttp "GET /apps/returns_and_losses_dashboard HTTP/1.1" 500 102160
ERROR 2024-12-01 09:38:47,743 log Internal Server Error: /apps/returns_and_losses_dashboard
Traceback (most recent call last):
  File "C:\workspace\projet\venv\lib\site-packages\django\core\handlers\exception.py", line 55, in inner
    response = get_response(request)
  File "C:\workspace\projet\venv\lib\site-packages\django\core\handlers\base.py", line 197, in _get_response
    response = wrapped_callback(request, *callback_args, **callback_kwargs)
  File "C:\workspace\projet\backend\saleManagment\apps\views.py", line 378, in returns_and_losses_dashboard
    'monthly_returns_by_supplier': serialize_queryset(monthly_returns_by_supplier(), fields=['supplier_name', 'total_returns']),
  File "C:\workspace\projet\backend\saleManagment\apps\views.py", line 366, in serialize_queryset
    return list(queryset.values(*fields))
  File "C:\workspace\projet\venv\lib\site-packages\django\db\models\query.py", line 1360, in values
    clone = self._values(*fields, **expressions)
  File "C:\workspace\projet\venv\lib\site-packages\django\db\models\query.py", line 1355, in _values
    clone.query.set_values(fields)
  File "C:\workspace\projet\venv\lib\site-packages\django\db\models\sql\query.py", line 2471, in set_values
    self.names_to_path(f.split(LOOKUP_SEP), self.model._meta)
  File "C:\workspace\projet\venv\lib\site-packages\django\db\models\sql\query.py", line 1768, in names_to_path
    raise FieldError(
django.core.exceptions.FieldError: Cannot resolve keyword 'supplier_name' into field. Choices are: date_retour, facture, facture_id, informations_supp, livreur, livreur_id, raison_retour, retour, supplier, supplier_id, total_returns
ERROR 2024-12-01 09:38:47,770 basehttp "GET /apps/returns_and_losses_dashboard HTTP/1.1" 500 95193
ERROR 2024-12-01 09:48:02,208 log Internal Server Error: /apps/returns_and_losses_page
Traceback (most recent call last):
  File "C:\workspace\projet\venv\lib\site-packages\django\core\handlers\exception.py", line 55, in inner
    response = get_response(request)
  File "C:\workspace\projet\venv\lib\site-packages\django\core\handlers\base.py", line 197, in _get_response
    response = wrapped_callback(request, *callback_args, **callback_kwargs)
  File "C:\workspace\projet\backend\saleManagment\apps\views.py", line 385, in returns_and_losses_page
    return render(request, 'returns_and_losses_dashboard.html')
  File "C:\workspace\projet\venv\lib\site-packages\django\shortcuts.py", line 25, in render
    content = loader.render_to_string(template_name, context, request, using=using)
  File "C:\workspace\projet\venv\lib\site-packages\django\template\loader.py", line 61, in render_to_string
    template = get_template(template_name, using=using)
  File "C:\workspace\projet\venv\lib\site-packages\django\template\loader.py", line 19, in get_template
    raise TemplateDoesNotExist(template_name, chain=chain)
django.template.exceptions.TemplateDoesNotExist: returns_and_losses_dashboard.html
ERROR 2024-12-01 09:48:02,235 basehttp "GET /apps/returns_and_losses_page HTTP/1.1" 500 86190
ERROR 2024-12-01 14:42:32,130 log Internal Server Error: /apps/returns_and_losses_dashboard
Traceback (most recent call last):
  File "C:\workspace\projet\venv\lib\site-packages\django\core\handlers\exception.py", line 55, in inner
    response = get_response(request)
  File "C:\workspace\projet\venv\lib\site-packages\django\core\handlers\base.py", line 197, in _get_response
    response = wrapped_callback(request, *callback_args, **callback_kwargs)
  File "C:\workspace\projet\backend\saleManagment\apps\views.py", line 387, in returns_and_losses_dashboard
    monthly_returns_data = retour.objects.annotate(
  File "C:\workspace\projet\venv\lib\site-packages\django\db\models\query.py", line 1630, in annotate
    return self._annotate(args, kwargs, select=True)
  File "C:\workspace\projet\venv\lib\site-packages\django\db\models\query.py", line 1680, in _annotate
    clone.query.add_annotation(
  File "C:\workspace\projet\venv\lib\site-packages\django\db\models\sql\query.py", line 1194, in add_annotation
    annotation = annotation.resolve_expression(self, allow_joins=True, reuse=None)
  File "C:\workspace\projet\venv\lib\site-packages\django\db\models\aggregates.py", line 63, in resolve_expression
    c = super().resolve_expression(query, allow_joins, reuse, summarize)
  File "C:\workspace\projet\venv\lib\site-packages\django\db\models\expressions.py", line 1073, in resolve_expression
    c.source_expressions[pos] = arg.resolve_expression(
  File "C:\workspace\projet\venv\lib\site-packages\django\db\models\expressions.py", line 895, in resolve_expression
    return query.resolve_ref(self.name, allow_joins, reuse, summarize)
  File "C:\workspace\projet\venv\lib\site-packages\django\db\models\sql\query.py", line 2010, in resolve_ref
    join_info = self.setup_joins(
  File "C:\workspace\projet\venv\lib\site-packages\django\db\models\sql\query.py", line 1863, in setup_joins
    path, final_field, targets, rest = self.names_to_path(
  File "C:\workspace\projet\venv\lib\site-packages\django\db\models\sql\query.py", line 1768, in names_to_path
    raise FieldError(
django.core.exceptions.FieldError: Cannot resolve keyword 'id' into field. Choices are: date_retour, facture, facture_id, informations_supp, livreur, livreur_id, month, raison_retour, retour, supplier, supplier_id
ERROR 2024-12-01 14:42:32,150 basehttp "GET /apps/returns_and_losses_dashboard HTTP/1.1" 500 117394
ERROR 2024-12-01 20:59:20,468 log Internal Server Error: /apps/returns_and_losses_dashboard
Traceback (most recent call last):
  File "C:\workspace\projet\venv\lib\site-packages\django\core\handlers\exception.py", line 55, in inner
    response = get_response(request)
  File "C:\workspace\projet\venv\lib\site-packages\django\core\handlers\base.py", line 197, in _get_response
    response = wrapped_callback(request, *callback_args, **callback_kwargs)
  File "C:\workspace\projet\backend\saleManagment\apps\views.py", line 467, in returns_and_losses_dashboard
    monthly_returns_by_item_data = retour.objects.annotate(
  File "C:\workspace\projet\venv\lib\site-packages\django\db\models\manager.py", line 87, in manager_method
    return getattr(self.get_queryset(), name)(*args, **kwargs)
  File "C:\workspace\projet\venv\lib\site-packages\django\db\models\query.py", line 1630, in annotate
    return self._annotate(args, kwargs, select=True)
  File "C:\workspace\projet\venv\lib\site-packages\django\db\models\query.py", line 1680, in _annotate
    clone.query.add_annotation(
  File "C:\workspace\projet\venv\lib\site-packages\django\db\models\sql\query.py", line 1194, in add_annotation
    annotation = annotation.resolve_expression(self, allow_joins=True, reuse=None)
  File "C:\workspace\projet\venv\lib\site-packages\django\db\models\functions\datetime.py", line 287, in resolve_expression
    copy = super().resolve_expression(
  File "C:\workspace\projet\venv\lib\site-packages\django\db\models\expressions.py", line 1073, in resolve_expression
    c.source_expressions[pos] = arg.resolve_expression(
  File "C:\workspace\projet\venv\lib\site-packages\django\db\models\expressions.py", line 895, in resolve_expression
    return query.resolve_ref(self.name, allow_joins, reuse, summarize)
  File "C:\workspace\projet\venv\lib\site-packages\django\db\models\sql\query.py", line 2010, in resolve_ref
    join_info = self.setup_joins(
  File "C:\workspace\projet\venv\lib\site-packages\django\db\models\sql\query.py", line 1863, in setup_joins
    path, final_field, targets, rest = self.names_to_path(
  File "C:\workspace\projet\venv\lib\site-packages\django\db\models\sql\query.py", line 1768, in names_to_path
    raise FieldError(
django.core.exceptions.FieldError: Cannot resolve keyword 'return_date' into field. Choices are: date_retour, facture, facture_id, informations_supp, livreur, livreur_id, raison_retour, retour, supplier, supplier_id
ERROR 2024-12-01 20:59:20,635 basehttp "GET /apps/returns_and_losses_dashboard HTTP/1.1" 500 123783
ERROR 2024-12-01 21:00:48,020 log Internal Server Error: /apps/returns_and_losses_dashboard
Traceback (most recent call last):
  File "C:\workspace\projet\venv\lib\site-packages\django\core\handlers\exception.py", line 55, in inner
    response = get_response(request)
  File "C:\workspace\projet\venv\lib\site-packages\django\core\handlers\base.py", line 197, in _get_response
    response = wrapped_callback(request, *callback_args, **callback_kwargs)
  File "C:\workspace\projet\backend\saleManagment\apps\views.py", line 469, in returns_and_losses_dashboard
    ).values('month', 'item__product_name').annotate(
  File "C:\workspace\projet\venv\lib\site-packages\django\db\models\query.py", line 1360, in values
    clone = self._values(*fields, **expressions)
  File "C:\workspace\projet\venv\lib\site-packages\django\db\models\query.py", line 1355, in _values
    clone.query.set_values(fields)
  File "C:\workspace\projet\venv\lib\site-packages\django\db\models\sql\query.py", line 2471, in set_values
    self.names_to_path(f.split(LOOKUP_SEP), self.model._meta)
  File "C:\workspace\projet\venv\lib\site-packages\django\db\models\sql\query.py", line 1768, in names_to_path
    raise FieldError(
django.core.exceptions.FieldError: Cannot resolve keyword 'item' into field. Choices are: date_retour, facture, facture_id, informations_supp, livreur, livreur_id, month, raison_retour, retour, supplier, supplier_id
ERROR 2024-12-01 21:00:48,050 basehttp "GET /apps/returns_and_losses_dashboard HTTP/1.1" 500 94476
ERROR 2024-12-01 21:03:27,935 log Internal Server Error: /apps/returns_and_losses_dashboard
Traceback (most recent call last):
  File "C:\workspace\projet\venv\lib\site-packages\django\core\handlers\exception.py", line 55, in inner
    response = get_response(request)
  File "C:\workspace\projet\venv\lib\site-packages\django\core\handlers\base.py", line 197, in _get_response
    response = wrapped_callback(request, *callback_args, **callback_kwargs)
  File "C:\workspace\projet\backend\saleManagment\apps\views.py", line 469, in returns_and_losses_dashboard
    ).values('month', 'item__product_name').annotate(
  File "C:\workspace\projet\venv\lib\site-packages\django\db\models\query.py", line 1360, in values
    clone = self._values(*fields, **expressions)
  File "C:\workspace\projet\venv\lib\site-packages\django\db\models\query.py", line 1355, in _values
    clone.query.set_values(fields)
  File "C:\workspace\projet\venv\lib\site-packages\django\db\models\sql\query.py", line 2471, in set_values
    self.names_to_path(f.split(LOOKUP_SEP), self.model._meta)
  File "C:\workspace\projet\venv\lib\site-packages\django\db\models\sql\query.py", line 1768, in names_to_path
    raise FieldError(
django.core.exceptions.FieldError: Cannot resolve keyword 'item' into field. Choices are: date_retour, facture, facture_id, informations_supp, livreur, livreur_id, month, raison_retour, retour, supplier, supplier_id
ERROR 2024-12-01 21:03:27,957 basehttp "GET /apps/returns_and_losses_dashboard HTTP/1.1" 500 94476
ERROR 2024-12-01 21:04:29,571 log Internal Server Error: /apps/returns_and_losses_dashboard
Traceback (most recent call last):
  File "C:\workspace\projet\venv\lib\site-packages\django\core\handlers\exception.py", line 55, in inner
    response = get_response(request)
  File "C:\workspace\projet\venv\lib\site-packages\django\core\handlers\base.py", line 197, in _get_response
    response = wrapped_callback(request, *callback_args, **callback_kwargs)
  File "C:\workspace\projet\backend\saleManagment\apps\views.py", line 467, in returns_and_losses_dashboard
    monthly_returns_by_item_data = retour.objects.annotate(
  File "C:\workspace\projet\venv\lib\site-packages\django\db\models\query.py", line 1630, in annotate
    return self._annotate(args, kwargs, select=True)
  File "C:\workspace\projet\venv\lib\site-packages\django\db\models\query.py", line 1680, in _annotate
    clone.query.add_annotation(
  File "C:\workspace\projet\venv\lib\site-packages\django\db\models\sql\query.py", line 1194, in add_annotation
    annotation = annotation.resolve_expression(self, allow_joins=True, reuse=None)
  File "C:\workspace\projet\venv\lib\site-packages\django\db\models\aggregates.py", line 63, in resolve_expression
    c = super().resolve_expression(query, allow_joins, reuse, summarize)
  File "C:\workspace\projet\venv\lib\site-packages\django\db\models\expressions.py", line 1073, in resolve_expression
    c.source_expressions[pos] = arg.resolve_expression(
  File "C:\workspace\projet\venv\lib\site-packages\django\db\models\expressions.py", line 895, in resolve_expression
    return query.resolve_ref(self.name, allow_joins, reuse, summarize)
  File "C:\workspace\projet\venv\lib\site-packages\django\db\models\sql\query.py", line 2010, in resolve_ref
    join_info = self.setup_joins(
  File "C:\workspace\projet\venv\lib\site-packages\django\db\models\sql\query.py", line 1863, in setup_joins
    path, final_field, targets, rest = self.names_to_path(
  File "C:\workspace\projet\venv\lib\site-packages\django\db\models\sql\query.py", line 1768, in names_to_path
    raise FieldError(
django.core.exceptions.FieldError: Cannot resolve keyword 'id' into field. Choices are: date_retour, facture, facture_id, informations_supp, livreur, livreur_id, month, raison_retour, retour, supplier, supplier_id
ERROR 2024-12-01 21:04:29,600 basehttp "GET /apps/returns_and_losses_dashboard HTTP/1.1" 500 125352
ERROR 2024-12-01 21:06:12,749 log Internal Server Error: /apps/returns_and_losses_dashboard
Traceback (most recent call last):
  File "C:\workspace\projet\venv\lib\site-packages\django\core\handlers\exception.py", line 55, in inner
    response = get_response(request)
  File "C:\workspace\projet\venv\lib\site-packages\django\core\handlers\base.py", line 197, in _get_response
    response = wrapped_callback(request, *callback_args, **callback_kwargs)
  File "C:\workspace\projet\backend\saleManagment\apps\views.py", line 467, in returns_and_losses_dashboard
    monthly_returns_by_item_data = retour.objects.annotate(
  File "C:\workspace\projet\venv\lib\site-packages\django\db\models\query.py", line 1630, in annotate
    return self._annotate(args, kwargs, select=True)
  File "C:\workspace\projet\venv\lib\site-packages\django\db\models\query.py", line 1680, in _annotate
    clone.query.add_annotation(
  File "C:\workspace\projet\venv\lib\site-packages\django\db\models\sql\query.py", line 1194, in add_annotation
    annotation = annotation.resolve_expression(self, allow_joins=True, reuse=None)
  File "C:\workspace\projet\venv\lib\site-packages\django\db\models\aggregates.py", line 63, in resolve_expression
    c = super().resolve_expression(query, allow_joins, reuse, summarize)
  File "C:\workspace\projet\venv\lib\site-packages\django\db\models\expressions.py", line 1073, in resolve_expression
    c.source_expressions[pos] = arg.resolve_expression(
  File "C:\workspace\projet\venv\lib\site-packages\django\db\models\expressions.py", line 895, in resolve_expression
    return query.resolve_ref(self.name, allow_joins, reuse, summarize)
  File "C:\workspace\projet\venv\lib\site-packages\django\db\models\sql\query.py", line 2010, in resolve_ref
    join_info = self.setup_joins(
  File "C:\workspace\projet\venv\lib\site-packages\django\db\models\sql\query.py", line 1863, in setup_joins
    path, final_field, targets, rest = self.names_to_path(
  File "C:\workspace\projet\venv\lib\site-packages\django\db\models\sql\query.py", line 1768, in names_to_path
    raise FieldError(
django.core.exceptions.FieldError: Cannot resolve keyword 'id' into field. Choices are: date_retour, facture, facture_id, informations_supp, livreur, livreur_id, month, raison_retour, retour, supplier, supplier_id
ERROR 2024-12-01 21:06:12,810 basehttp "GET /apps/returns_and_losses_dashboard HTTP/1.1" 500 125352
ERROR 2024-12-01 21:06:15,543 log Internal Server Error: /apps/returns_and_losses_dashboard
Traceback (most recent call last):
  File "C:\workspace\projet\venv\lib\site-packages\django\core\handlers\exception.py", line 55, in inner
    response = get_response(request)
  File "C:\workspace\projet\venv\lib\site-packages\django\core\handlers\base.py", line 197, in _get_response
    response = wrapped_callback(request, *callback_args, **callback_kwargs)
  File "C:\workspace\projet\backend\saleManagment\apps\views.py", line 467, in returns_and_losses_dashboard
    monthly_returns_by_item_data = retour.objects.annotate(
  File "C:\workspace\projet\venv\lib\site-packages\django\db\models\query.py", line 1630, in annotate
    return self._annotate(args, kwargs, select=True)
  File "C:\workspace\projet\venv\lib\site-packages\django\db\models\query.py", line 1680, in _annotate
    clone.query.add_annotation(
  File "C:\workspace\projet\venv\lib\site-packages\django\db\models\sql\query.py", line 1194, in add_annotation
    annotation = annotation.resolve_expression(self, allow_joins=True, reuse=None)
  File "C:\workspace\projet\venv\lib\site-packages\django\db\models\aggregates.py", line 63, in resolve_expression
    c = super().resolve_expression(query, allow_joins, reuse, summarize)
  File "C:\workspace\projet\venv\lib\site-packages\django\db\models\expressions.py", line 1073, in resolve_expression
    c.source_expressions[pos] = arg.resolve_expression(
  File "C:\workspace\projet\venv\lib\site-packages\django\db\models\expressions.py", line 895, in resolve_expression
    return query.resolve_ref(self.name, allow_joins, reuse, summarize)
  File "C:\workspace\projet\venv\lib\site-packages\django\db\models\sql\query.py", line 2010, in resolve_ref
    join_info = self.setup_joins(
  File "C:\workspace\projet\venv\lib\site-packages\django\db\models\sql\query.py", line 1863, in setup_joins
    path, final_field, targets, rest = self.names_to_path(
  File "C:\workspace\projet\venv\lib\site-packages\django\db\models\sql\query.py", line 1768, in names_to_path
    raise FieldError(
django.core.exceptions.FieldError: Cannot resolve keyword 'id' into field. Choices are: date_retour, facture, facture_id, informations_supp, livreur, livreur_id, month, raison_retour, retour, supplier, supplier_id
ERROR 2024-12-01 21:06:15,556 basehttp "GET /apps/returns_and_losses_dashboard HTTP/1.1" 500 125352
ERROR 2024-12-01 21:07:41,401 log Internal Server Error: /apps/returns_and_losses_dashboard
Traceback (most recent call last):
  File "C:\workspace\projet\venv\lib\site-packages\django\core\handlers\exception.py", line 55, in inner
    response = get_response(request)
  File "C:\workspace\projet\venv\lib\site-packages\django\core\handlers\base.py", line 197, in _get_response
    response = wrapped_callback(request, *callback_args, **callback_kwargs)
  File "C:\workspace\projet\backend\saleManagment\apps\views.py", line 476, in returns_and_losses_dashboard
    ).values('month', 'customer__customer_name').annotate(
  File "C:\workspace\projet\venv\lib\site-packages\django\db\models\query.py", line 1360, in values
    clone = self._values(*fields, **expressions)
  File "C:\workspace\projet\venv\lib\site-packages\django\db\models\query.py", line 1355, in _values
    clone.query.set_values(fields)
  File "C:\workspace\projet\venv\lib\site-packages\django\db\models\sql\query.py", line 2471, in set_values
    self.names_to_path(f.split(LOOKUP_SEP), self.model._meta)
  File "C:\workspace\projet\venv\lib\site-packages\django\db\models\sql\query.py", line 1768, in names_to_path
    raise FieldError(
django.core.exceptions.FieldError: Cannot resolve keyword 'customer' into field. Choices are: date_retour, facture, facture_id, informations_supp, livreur, livreur_id, month, raison_retour, retour, supplier, supplier_id
ERROR 2024-12-01 21:07:41,415 basehttp "GET /apps/returns_and_losses_dashboard HTTP/1.1" 500 96081
ERROR 2024-12-01 23:30:08,306 log Internal Server Error: /apps/productivity_dashboard_data
Traceback (most recent call last):
  File "C:\workspace\projet\venv\lib\site-packages\django\core\handlers\exception.py", line 55, in inner
    response = get_response(request)
  File "C:\workspace\projet\venv\lib\site-packages\django\core\handlers\base.py", line 197, in _get_response
    response = wrapped_callback(request, *callback_args, **callback_kwargs)
  File "C:\workspace\projet\backend\saleManagment\apps\views.py", line 563, in productivity_dashboard_data
    'supplier_performance': get_supplier_performance(request),
  File "C:\workspace\projet\backend\saleManagment\apps\views.py", line 543, in get_supplier_performance
    supplier_performance = BonReceptionLine.objects.values(
  File "C:\workspace\projet\venv\lib\site-packages\django\db\models\query.py", line 1630, in annotate
    return self._annotate(args, kwargs, select=True)
  File "C:\workspace\projet\venv\lib\site-packages\django\db\models\query.py", line 1680, in _annotate
    clone.query.add_annotation(
  File "C:\workspace\projet\venv\lib\site-packages\django\db\models\sql\query.py", line 1194, in add_annotation
    annotation = annotation.resolve_expression(self, allow_joins=True, reuse=None)
  File "C:\workspace\projet\venv\lib\site-packages\django\db\models\aggregates.py", line 63, in resolve_expression
    c = super().resolve_expression(query, allow_joins, reuse, summarize)
  File "C:\workspace\projet\venv\lib\site-packages\django\db\models\expressions.py", line 1073, in resolve_expression
    c.source_expressions[pos] = arg.resolve_expression(
  File "C:\workspace\projet\venv\lib\site-packages\django\db\models\expressions.py", line 895, in resolve_expression
    return query.resolve_ref(self.name, allow_joins, reuse, summarize)
  File "C:\workspace\projet\venv\lib\site-packages\django\db\models\sql\query.py", line 2010, in resolve_ref
    join_info = self.setup_joins(
  File "C:\workspace\projet\venv\lib\site-packages\django\db\models\sql\query.py", line 1863, in setup_joins
    path, final_field, targets, rest = self.names_to_path(
  File "C:\workspace\projet\venv\lib\site-packages\django\db\models\sql\query.py", line 1768, in names_to_path
    raise FieldError(
django.core.exceptions.FieldError: Cannot resolve keyword 'retour' into field. Choices are: bon_reception, bon_reception_id, id, item, item_id, quantity, total_supplied, variant_combination
ERROR 2024-12-01 23:30:08,321 basehttp "GET /apps/productivity_dashboard_data HTTP/1.1" 500 122964
ERROR 2024-12-01 23:49:03,917 log Internal Server Error: /apps/productivity_dashboard_data
Traceback (most recent call last):
  File "C:\workspace\projet\venv\lib\site-packages\django\core\handlers\exception.py", line 55, in inner
    response = get_response(request)
  File "C:\workspace\projet\venv\lib\site-packages\django\core\handlers\base.py", line 197, in _get_response
    response = wrapped_callback(request, *callback_args, **callback_kwargs)
  File "C:\workspace\projet\backend\saleManagment\apps\views.py", line 566, in productivity_dashboard_data
    'supplier_performance': get_supplier_performance(request),
  File "C:\workspace\projet\backend\saleManagment\apps\views.py", line 543, in get_supplier_performance
    supplier_performance = BonReceptionLine.objects.values(
  File "C:\workspace\projet\venv\lib\site-packages\django\db\models\query.py", line 1630, in annotate
    return self._annotate(args, kwargs, select=True)
  File "C:\workspace\projet\venv\lib\site-packages\django\db\models\query.py", line 1680, in _annotate
    clone.query.add_annotation(
  File "C:\workspace\projet\venv\lib\site-packages\django\db\models\sql\query.py", line 1194, in add_annotation
    annotation = annotation.resolve_expression(self, allow_joins=True, reuse=None)
  File "C:\workspace\projet\venv\lib\site-packages\django\db\models\aggregates.py", line 63, in resolve_expression
    c = super().resolve_expression(query, allow_joins, reuse, summarize)
  File "C:\workspace\projet\venv\lib\site-packages\django\db\models\expressions.py", line 1073, in resolve_expression
    c.source_expressions[pos] = arg.resolve_expression(
  File "C:\workspace\projet\venv\lib\site-packages\django\db\models\expressions.py", line 895, in resolve_expression
    return query.resolve_ref(self.name, allow_joins, reuse, summarize)
  File "C:\workspace\projet\venv\lib\site-packages\django\db\models\sql\query.py", line 2010, in resolve_ref
    join_info = self.setup_joins(
  File "C:\workspace\projet\venv\lib\site-packages\django\db\models\sql\query.py", line 1863, in setup_joins
    path, final_field, targets, rest = self.names_to_path(
  File "C:\workspace\projet\venv\lib\site-packages\django\db\models\sql\query.py", line 1768, in names_to_path
    raise FieldError(
django.core.exceptions.FieldError: Cannot resolve keyword 'retour' into field. Choices are: bon_reception, bon_reception_id, id, item, item_id, quantity, total_supplied, variant_combination
ERROR 2024-12-01 23:49:03,935 basehttp "GET /apps/productivity_dashboard_data HTTP/1.1" 500 122979
ERROR 2024-12-01 23:49:07,948 log Internal Server Error: /apps/productivity_dashboard_data
Traceback (most recent call last):
  File "C:\workspace\projet\venv\lib\site-packages\django\core\handlers\exception.py", line 55, in inner
    response = get_response(request)
  File "C:\workspace\projet\venv\lib\site-packages\django\core\handlers\base.py", line 197, in _get_response
    response = wrapped_callback(request, *callback_args, **callback_kwargs)
  File "C:\workspace\projet\backend\saleManagment\apps\views.py", line 566, in productivity_dashboard_data
    'supplier_performance': get_supplier_performance(request),
  File "C:\workspace\projet\backend\saleManagment\apps\views.py", line 543, in get_supplier_performance
    supplier_performance = BonReceptionLine.objects.values(
  File "C:\workspace\projet\venv\lib\site-packages\django\db\models\query.py", line 1630, in annotate
    return self._annotate(args, kwargs, select=True)
  File "C:\workspace\projet\venv\lib\site-packages\django\db\models\query.py", line 1680, in _annotate
    clone.query.add_annotation(
  File "C:\workspace\projet\venv\lib\site-packages\django\db\models\sql\query.py", line 1194, in add_annotation
    annotation = annotation.resolve_expression(self, allow_joins=True, reuse=None)
  File "C:\workspace\projet\venv\lib\site-packages\django\db\models\aggregates.py", line 63, in resolve_expression
    c = super().resolve_expression(query, allow_joins, reuse, summarize)
  File "C:\workspace\projet\venv\lib\site-packages\django\db\models\expressions.py", line 1073, in resolve_expression
    c.source_expressions[pos] = arg.resolve_expression(
  File "C:\workspace\projet\venv\lib\site-packages\django\db\models\expressions.py", line 895, in resolve_expression
    return query.resolve_ref(self.name, allow_joins, reuse, summarize)
  File "C:\workspace\projet\venv\lib\site-packages\django\db\models\sql\query.py", line 2010, in resolve_ref
    join_info = self.setup_joins(
  File "C:\workspace\projet\venv\lib\site-packages\django\db\models\sql\query.py", line 1863, in setup_joins
    path, final_field, targets, rest = self.names_to_path(
  File "C:\workspace\projet\venv\lib\site-packages\django\db\models\sql\query.py", line 1768, in names_to_path
    raise FieldError(
django.core.exceptions.FieldError: Cannot resolve keyword 'retour' into field. Choices are: bon_reception, bon_reception_id, id, item, item_id, quantity, total_supplied, variant_combination
ERROR 2024-12-01 23:49:07,957 basehttp "GET /apps/productivity_dashboard_data HTTP/1.1" 500 122979
ERROR 2024-12-01 23:52:14,547 log Internal Server Error: /apps/productivity_dashboard_data
Traceback (most recent call last):
  File "C:\workspace\projet\venv\lib\site-packages\django\core\handlers\exception.py", line 55, in inner
    response = get_response(request)
  File "C:\workspace\projet\venv\lib\site-packages\django\core\handlers\base.py", line 197, in _get_response
    response = wrapped_callback(request, *callback_args, **callback_kwargs)
  File "C:\workspace\projet\backend\saleManagment\apps\views.py", line 566, in productivity_dashboard_data
    'supplier_performance': get_supplier_performance(request),
  File "C:\workspace\projet\backend\saleManagment\apps\views.py", line 543, in get_supplier_performance
    supplier_performance = BonReceptionLine.objects.values(
  File "C:\workspace\projet\venv\lib\site-packages\django\db\models\query.py", line 1630, in annotate
    return self._annotate(args, kwargs, select=True)
  File "C:\workspace\projet\venv\lib\site-packages\django\db\models\query.py", line 1680, in _annotate
    clone.query.add_annotation(
  File "C:\workspace\projet\venv\lib\site-packages\django\db\models\sql\query.py", line 1194, in add_annotation
    annotation = annotation.resolve_expression(self, allow_joins=True, reuse=None)
  File "C:\workspace\projet\venv\lib\site-packages\django\db\models\aggregates.py", line 63, in resolve_expression
    c = super().resolve_expression(query, allow_joins, reuse, summarize)
  File "C:\workspace\projet\venv\lib\site-packages\django\db\models\expressions.py", line 1073, in resolve_expression
    c.source_expressions[pos] = arg.resolve_expression(
  File "C:\workspace\projet\venv\lib\site-packages\django\db\models\expressions.py", line 895, in resolve_expression
    return query.resolve_ref(self.name, allow_joins, reuse, summarize)
  File "C:\workspace\projet\venv\lib\site-packages\django\db\models\sql\query.py", line 2010, in resolve_ref
    join_info = self.setup_joins(
  File "C:\workspace\projet\venv\lib\site-packages\django\db\models\sql\query.py", line 1863, in setup_joins
    path, final_field, targets, rest = self.names_to_path(
  File "C:\workspace\projet\venv\lib\site-packages\django\db\models\sql\query.py", line 1768, in names_to_path
    raise FieldError(
django.core.exceptions.FieldError: Cannot resolve keyword 'retour' into field. Choices are: bon_reception, bon_reception_id, id, item, item_id, quantity, total_supplied, variant_combination
ERROR 2024-12-01 23:52:14,562 basehttp "GET /apps/productivity_dashboard_data HTTP/1.1" 500 123330
ERROR 2024-12-01 23:54:26,025 log Internal Server Error: /apps/productivity_dashboard_data
Traceback (most recent call last):
  File "C:\workspace\projet\venv\lib\site-packages\django\core\handlers\exception.py", line 55, in inner
    response = get_response(request)
  File "C:\workspace\projet\venv\lib\site-packages\django\core\handlers\base.py", line 197, in _get_response
    response = wrapped_callback(request, *callback_args, **callback_kwargs)
  File "C:\workspace\projet\backend\saleManagment\apps\views.py", line 554, in productivity_dashboard_data
    'get_customer_retention_rate':get_customer_retention_rate(),
TypeError: get_customer_retention_rate() missing 1 required positional argument: 'request'
ERROR 2024-12-01 23:54:26,031 basehttp "GET /apps/productivity_dashboard_data HTTP/1.1" 500 71671
ERROR 2024-12-01 23:54:31,238 log Internal Server Error: /apps/productivity_dashboard_data
Traceback (most recent call last):
  File "C:\workspace\projet\venv\lib\site-packages\django\core\handlers\exception.py", line 55, in inner
    response = get_response(request)
  File "C:\workspace\projet\venv\lib\site-packages\django\core\handlers\base.py", line 197, in _get_response
    response = wrapped_callback(request, *callback_args, **callback_kwargs)
  File "C:\workspace\projet\backend\saleManagment\apps\views.py", line 554, in productivity_dashboard_data
    'get_customer_retention_rate':get_customer_retention_rate(),
TypeError: get_customer_retention_rate() missing 1 required positional argument: 'request'
ERROR 2024-12-01 23:54:31,243 basehttp "GET /apps/productivity_dashboard_data HTTP/1.1" 500 71671
ERROR 2024-12-01 23:56:36,659 log Internal Server Error: /apps/productivity_dashboard_data
Traceback (most recent call last):
  File "C:\workspace\projet\venv\lib\site-packages\django\core\handlers\exception.py", line 55, in inner
    response = get_response(request)
  File "C:\workspace\projet\venv\lib\site-packages\django\core\handlers\base.py", line 197, in _get_response
    response = wrapped_callback(request, *callback_args, **callback_kwargs)
  File "C:\workspace\projet\backend\saleManagment\apps\views.py", line 581, in productivity_dashboard_data
    'get_customer_retention_rate':get_customer_retention_rate(),
TypeError: get_customer_retention_rate() missing 1 required positional argument: 'request'
ERROR 2024-12-01 23:56:36,667 basehttp "GET /apps/productivity_dashboard_data HTTP/1.1" 500 71680
ERROR 2024-12-01 23:58:46,783 log Internal Server Error: /apps/productivity_dashboard_data
Traceback (most recent call last):
  File "C:\workspace\projet\venv\lib\site-packages\django\core\handlers\exception.py", line 55, in inner
    response = get_response(request)
  File "C:\workspace\projet\venv\lib\site-packages\django\core\handlers\base.py", line 197, in _get_response
    response = wrapped_callback(request, *callback_args, **callback_kwargs)
  File "C:\workspace\projet\backend\saleManagment\apps\views.py", line 572, in productivity_dashboard_data
    return JsonResponse({
  File "C:\workspace\projet\venv\lib\site-packages\django\http\response.py", line 733, in __init__
    data = json.dumps(data, cls=encoder, **json_dumps_params)
  File "C:\Python310\lib\json\__init__.py", line 238, in dumps
    **kw).encode(obj)
  File "C:\Python310\lib\json\encoder.py", line 199, in encode
    chunks = self.iterencode(o, _one_shot=True)
  File "C:\Python310\lib\json\encoder.py", line 257, in iterencode
    return _iterencode(o, 0)
  File "C:\workspace\projet\venv\lib\site-packages\django\core\serializers\json.py", line 106, in default
    return super().default(o)
  File "C:\Python310\lib\json\encoder.py", line 179, in default
    raise TypeError(f'Object of type {o.__class__.__name__} '
TypeError: Object of type Livreurs is not JSON serializable
ERROR 2024-12-01 23:58:46,795 basehttp "GET /apps/productivity_dashboard_data HTTP/1.1" 500 112445
ERROR 2024-12-02 00:11:13,005 log Internal Server Error: /apps/productivity_dashboard_data
Traceback (most recent call last):
  File "C:\workspace\projet\venv\lib\site-packages\django\core\handlers\exception.py", line 55, in inner
    response = get_response(request)
  File "C:\workspace\projet\venv\lib\site-packages\django\core\handlers\base.py", line 197, in _get_response
    response = wrapped_callback(request, *callback_args, **callback_kwargs)
  File "C:\workspace\projet\backend\saleManagment\apps\views.py", line 569, in productivity_dashboard_data
    return JsonResponse({
  File "C:\workspace\projet\venv\lib\site-packages\django\http\response.py", line 733, in __init__
    data = json.dumps(data, cls=encoder, **json_dumps_params)
  File "C:\Python310\lib\json\__init__.py", line 238, in dumps
    **kw).encode(obj)
  File "C:\Python310\lib\json\encoder.py", line 199, in encode
    chunks = self.iterencode(o, _one_shot=True)
  File "C:\Python310\lib\json\encoder.py", line 257, in iterencode
    return _iterencode(o, 0)
  File "C:\workspace\projet\venv\lib\site-packages\django\core\serializers\json.py", line 106, in default
    return super().default(o)
  File "C:\Python310\lib\json\encoder.py", line 179, in default
    raise TypeError(f'Object of type {o.__class__.__name__} '
TypeError: Object of type Livreurs is not JSON serializable
ERROR 2024-12-02 00:11:13,017 basehttp "GET /apps/productivity_dashboard_data HTTP/1.1" 500 111268
ERROR 2024-12-02 10:12:56,297 log Internal Server Error: /apps/allproducts.html
Traceback (most recent call last):
  File "C:\workspace\projet\venv\lib\site-packages\django\core\handlers\exception.py", line 55, in inner
    response = get_response(request)
  File "C:\workspace\projet\venv\lib\site-packages\django\core\handlers\base.py", line 197, in _get_response
    response = wrapped_callback(request, *callback_args, **callback_kwargs)
  File "C:\workspace\projet\backend\saleManagment\apps\views.py", line 1317, in all_items
    return render(request, 'allproducts.html', {'items': items, 'itemvariants': itemvariants})
  File "C:\workspace\projet\venv\lib\site-packages\django\shortcuts.py", line 25, in render
    content = loader.render_to_string(template_name, context, request, using=using)
  File "C:\workspace\projet\venv\lib\site-packages\django\template\loader.py", line 61, in render_to_string
    template = get_template(template_name, using=using)
  File "C:\workspace\projet\venv\lib\site-packages\django\template\loader.py", line 15, in get_template
    return engine.get_template(template_name)
  File "C:\workspace\projet\venv\lib\site-packages\django\template\backends\django.py", line 79, in get_template
    return Template(self.engine.get_template(template_name), self)
  File "C:\workspace\projet\venv\lib\site-packages\django\template\engine.py", line 177, in get_template
    template, origin = self.find_template(template_name)
  File "C:\workspace\projet\venv\lib\site-packages\django\template\engine.py", line 159, in find_template
    template = loader.get_template(name, skip=skip)
  File "C:\workspace\projet\venv\lib\site-packages\django\template\loaders\cached.py", line 57, in get_template
    template = super().get_template(template_name, skip)
  File "C:\workspace\projet\venv\lib\site-packages\django\template\loaders\base.py", line 28, in get_template
    return Template(
  File "C:\workspace\projet\venv\lib\site-packages\django\template\base.py", line 154, in __init__
    self.nodelist = self.compile_nodelist()
  File "C:\workspace\projet\venv\lib\site-packages\django\template\base.py", line 196, in compile_nodelist
    nodelist = parser.parse()
  File "C:\workspace\projet\venv\lib\site-packages\django\template\base.py", line 518, in parse
    raise self.error(token, e)
  File "C:\workspace\projet\venv\lib\site-packages\django\template\base.py", line 516, in parse
    compiled_result = compile_func(self, token)
  File "C:\workspace\projet\venv\lib\site-packages\django\template\defaulttags.py", line 862, in do_for
    nodelist_loop = parser.parse(
  File "C:\workspace\projet\venv\lib\site-packages\django\template\base.py", line 489, in parse
    raise self.error(token, e)
  File "C:\workspace\projet\venv\lib\site-packages\django\template\base.py", line 487, in parse
    filter_expression = self.compile_filter(token.contents)
  File "C:\workspace\projet\venv\lib\site-packages\django\template\base.py", line 605, in compile_filter
    return FilterExpression(token, self)
  File "C:\workspace\projet\venv\lib\site-packages\django\template\base.py", line 706, in __init__
    raise TemplateSyntaxError(
django.template.exceptions.TemplateSyntaxError: Could not parse the remainder: ' + 1' from 'item.itemvariant_set.all|length + 1'
ERROR 2024-12-02 10:12:56,382 basehttp "GET /apps/allproducts.html HTTP/1.1" 500 203059
ERROR 2024-12-02 10:21:21,577 log Internal Server Error: /apps/allproducts.html
Traceback (most recent call last):
  File "C:\workspace\projet\venv\lib\site-packages\django\core\handlers\exception.py", line 55, in inner
    response = get_response(request)
  File "C:\workspace\projet\venv\lib\site-packages\django\core\handlers\base.py", line 197, in _get_response
    response = wrapped_callback(request, *callback_args, **callback_kwargs)
  File "C:\workspace\projet\backend\saleManagment\apps\views.py", line 1318, in all_items
    itemvariants = itemvariants.objects.all()
UnboundLocalError: local variable 'itemvariants' referenced before assignment
ERROR 2024-12-02 10:21:21,840 basehttp "GET /apps/allproducts.html HTTP/1.1" 500 71725
ERROR 2024-12-02 10:22:58,296 log Internal Server Error: /apps/allproducts.html
Traceback (most recent call last):
  File "C:\workspace\projet\venv\lib\site-packages\django\core\handlers\exception.py", line 55, in inner
    response = get_response(request)
  File "C:\workspace\projet\venv\lib\site-packages\django\core\handlers\base.py", line 197, in _get_response
    response = wrapped_callback(request, *callback_args, **callback_kwargs)
  File "C:\workspace\projet\backend\saleManagment\apps\views.py", line 1316, in all_items
    itemvariants = itemvariants.objects.all()
UnboundLocalError: local variable 'itemvariants' referenced before assignment
ERROR 2024-12-02 10:22:58,371 basehttp "GET /apps/allproducts.html HTTP/1.1" 500 71455
ERROR 2024-12-02 10:23:04,931 log Internal Server Error: /apps/allproducts.html
Traceback (most recent call last):
  File "C:\workspace\projet\venv\lib\site-packages\django\core\handlers\exception.py", line 55, in inner
    response = get_response(request)
  File "C:\workspace\projet\venv\lib\site-packages\django\core\handlers\base.py", line 197, in _get_response
    response = wrapped_callback(request, *callback_args, **callback_kwargs)
  File "C:\workspace\projet\backend\saleManagment\apps\views.py", line 1316, in all_items
    itemvariants = itemvariants.objects.all()
UnboundLocalError: local variable 'itemvariants' referenced before assignment
ERROR 2024-12-02 10:23:04,948 basehttp "GET /apps/allproducts.html HTTP/1.1" 500 71455
ERROR 2024-12-02 10:24:13,129 log Internal Server Error: /apps/allproducts.html
Traceback (most recent call last):
  File "C:\workspace\projet\venv\lib\site-packages\django\core\handlers\exception.py", line 55, in inner
    response = get_response(request)
  File "C:\workspace\projet\venv\lib\site-packages\django\core\handlers\base.py", line 197, in _get_response
    response = wrapped_callback(request, *callback_args, **callback_kwargs)
  File "C:\workspace\projet\backend\saleManagment\apps\views.py", line 1319, in all_items
    return render(request, 'allproducts.html', {'items': items, 'itemvariants': itemvariants})
  File "C:\workspace\projet\venv\lib\site-packages\django\shortcuts.py", line 25, in render
    content = loader.render_to_string(template_name, context, request, using=using)
  File "C:\workspace\projet\venv\lib\site-packages\django\template\loader.py", line 62, in render_to_string
    return template.render(context, request)
  File "C:\workspace\projet\venv\lib\site-packages\django\template\backends\django.py", line 107, in render
    return self.template.render(context)
  File "C:\workspace\projet\venv\lib\site-packages\django\template\base.py", line 171, in render
    return self._render(context)
  File "C:\workspace\projet\venv\lib\site-packages\django\template\base.py", line 163, in _render
    return self.nodelist.render(context)
  File "C:\workspace\projet\venv\lib\site-packages\django\template\base.py", line 1008, in render
    return SafeString("".join([node.render_annotated(context) for node in self]))
  File "C:\workspace\projet\venv\lib\site-packages\django\template\base.py", line 1008, in <listcomp>
    return SafeString("".join([node.render_annotated(context) for node in self]))
  File "C:\workspace\projet\venv\lib\site-packages\django\template\base.py", line 969, in render_annotated
    return self.render(context)
  File "C:\workspace\projet\venv\lib\site-packages\django\template\defaulttags.py", line 243, in render
    nodelist.append(node.render_annotated(context))
  File "C:\workspace\projet\venv\lib\site-packages\django\template\base.py", line 969, in render_annotated
    return self.render(context)
  File "C:\workspace\projet\venv\lib\site-packages\django\template\defaulttags.py", line 480, in render
    url = reverse(view_name, args=args, kwargs=kwargs, current_app=current_app)
  File "C:\workspace\projet\venv\lib\site-packages\django\urls\base.py", line 88, in reverse
    return resolver._reverse_with_prefix(view, prefix, *args, **kwargs)
  File "C:\workspace\projet\venv\lib\site-packages\django\urls\resolvers.py", line 831, in _reverse_with_prefix
    raise NoReverseMatch(msg)
django.urls.exceptions.NoReverseMatch: Reverse for 'update_item' with arguments '('',)' not found. 1 pattern(s) tried: ['apps/products/update_item/(?P<item_id>[0-9]+)/\\Z']
ERROR 2024-12-02 10:24:13,185 basehttp "GET /apps/allproducts.html HTTP/1.1" 500 164326
ERROR 2024-12-02 14:29:22,357 log Internal Server Error: /apps/notifications/
Traceback (most recent call last):
  File "C:\workspace\projet\venv\lib\site-packages\django\core\handlers\exception.py", line 55, in inner
    response = get_response(request)
  File "C:\workspace\projet\venv\lib\site-packages\django\core\handlers\base.py", line 197, in _get_response
    response = wrapped_callback(request, *callback_args, **callback_kwargs)
  File "C:\workspace\projet\venv\lib\site-packages\django\contrib\auth\decorators.py", line 60, in _view_wrapper
    return view_func(request, *args, **kwargs)
  File "C:\workspace\projet\backend\saleManagment\apps\views.py", line 2847, in notification_list
    return render(request, 'notification_page.html', context)
  File "C:\workspace\projet\venv\lib\site-packages\django\shortcuts.py", line 25, in render
    content = loader.render_to_string(template_name, context, request, using=using)
  File "C:\workspace\projet\venv\lib\site-packages\django\template\loader.py", line 61, in render_to_string
    template = get_template(template_name, using=using)
  File "C:\workspace\projet\venv\lib\site-packages\django\template\loader.py", line 15, in get_template
    return engine.get_template(template_name)
  File "C:\workspace\projet\venv\lib\site-packages\django\template\backends\django.py", line 79, in get_template
    return Template(self.engine.get_template(template_name), self)
  File "C:\workspace\projet\venv\lib\site-packages\django\template\engine.py", line 177, in get_template
    template, origin = self.find_template(template_name)
  File "C:\workspace\projet\venv\lib\site-packages\django\template\engine.py", line 159, in find_template
    template = loader.get_template(name, skip=skip)
  File "C:\workspace\projet\venv\lib\site-packages\django\template\loaders\cached.py", line 57, in get_template
    template = super().get_template(template_name, skip)
  File "C:\workspace\projet\venv\lib\site-packages\django\template\loaders\base.py", line 28, in get_template
    return Template(
  File "C:\workspace\projet\venv\lib\site-packages\django\template\base.py", line 154, in __init__
    self.nodelist = self.compile_nodelist()
  File "C:\workspace\projet\venv\lib\site-packages\django\template\base.py", line 196, in compile_nodelist
    nodelist = parser.parse()
  File "C:\workspace\projet\venv\lib\site-packages\django\template\base.py", line 518, in parse
    raise self.error(token, e)
  File "C:\workspace\projet\venv\lib\site-packages\django\template\base.py", line 516, in parse
    compiled_result = compile_func(self, token)
  File "C:\workspace\projet\venv\lib\site-packages\django\template\defaulttags.py", line 862, in do_for
    nodelist_loop = parser.parse(
  File "C:\workspace\projet\venv\lib\site-packages\django\template\base.py", line 489, in parse
    raise self.error(token, e)
  File "C:\workspace\projet\venv\lib\site-packages\django\template\base.py", line 487, in parse
    filter_expression = self.compile_filter(token.contents)
  File "C:\workspace\projet\venv\lib\site-packages\django\template\base.py", line 605, in compile_filter
    return FilterExpression(token, self)
  File "C:\workspace\projet\venv\lib\site-packages\django\template\base.py", line 706, in __init__
    raise TemplateSyntaxError(
django.template.exceptions.TemplateSyntaxError: Could not parse the remainder: ' if not notification.is_read else "Read"' from '"Unread" if not notification.is_read else "Read"'
ERROR 2024-12-02 14:29:22,391 basehttp "GET /apps/notifications/ HTTP/1.1" 500 187913
ERROR 2024-12-02 16:37:54,963 log Internal Server Error: /apps/notifications/
Traceback (most recent call last):
  File "C:\workspace\projet\venv\lib\site-packages\django\core\handlers\exception.py", line 55, in inner
    response = get_response(request)
  File "C:\workspace\projet\venv\lib\site-packages\django\core\handlers\base.py", line 197, in _get_response
    response = wrapped_callback(request, *callback_args, **callback_kwargs)
  File "C:\workspace\projet\venv\lib\site-packages\django\contrib\auth\decorators.py", line 60, in _view_wrapper
    return view_func(request, *args, **kwargs)
  File "C:\workspace\projet\backend\saleManagment\apps\views.py", line 2857, in notification_list
    return render(request, 'notification_page.html', {
  File "C:\workspace\projet\venv\lib\site-packages\django\shortcuts.py", line 25, in render
    content = loader.render_to_string(template_name, context, request, using=using)
  File "C:\workspace\projet\venv\lib\site-packages\django\template\loader.py", line 62, in render_to_string
    return template.render(context, request)
  File "C:\workspace\projet\venv\lib\site-packages\django\template\backends\django.py", line 107, in render
    return self.template.render(context)
  File "C:\workspace\projet\venv\lib\site-packages\django\template\base.py", line 169, in render
    with context.bind_template(self):
  File "C:\Python310\lib\contextlib.py", line 135, in __enter__
    return next(self.gen)
  File "C:\workspace\projet\venv\lib\site-packages\django\template\context.py", line 253, in bind_template
    processors = template.engine.template_context_processors + self._processors
  File "C:\workspace\projet\venv\lib\site-packages\django\utils\functional.py", line 47, in __get__
    res = instance.__dict__[self.name] = self.func(instance)
  File "C:\workspace\projet\venv\lib\site-packages\django\template\engine.py", line 118, in template_context_processors
    return tuple(import_string(path) for path in context_processors)
  File "C:\workspace\projet\venv\lib\site-packages\django\template\engine.py", line 118, in <genexpr>
    return tuple(import_string(path) for path in context_processors)
  File "C:\workspace\projet\venv\lib\site-packages\django\utils\module_loading.py", line 30, in import_string
    return cached_import(module_path, class_name)
  File "C:\workspace\projet\venv\lib\site-packages\django\utils\module_loading.py", line 15, in cached_import
    module = import_module(module_path)
  File "C:\Python310\lib\importlib\__init__.py", line 126, in import_module
    return _bootstrap._gcd_import(name[level:], package, level)
  File "<frozen importlib._bootstrap>", line 1050, in _gcd_import
  File "<frozen importlib._bootstrap>", line 1027, in _find_and_load
  File "<frozen importlib._bootstrap>", line 992, in _find_and_load_unlocked
  File "<frozen importlib._bootstrap>", line 241, in _call_with_frames_removed
  File "<frozen importlib._bootstrap>", line 1050, in _gcd_import
  File "<frozen importlib._bootstrap>", line 1027, in _find_and_load
  File "<frozen importlib._bootstrap>", line 1004, in _find_and_load_unlocked
ModuleNotFoundError: No module named 'myapp'
ERROR 2024-12-02 16:37:55,010 basehttp "GET /apps/notifications/?page=1 HTTP/1.1" 500 144842
ERROR 2024-12-02 21:30:03,531 log Internal Server Error: /apps/sales_dashboard_data
Traceback (most recent call last):
  File "C:\workspace\projet\venv\lib\site-packages\django\core\handlers\exception.py", line 55, in inner
    response = get_response(request)
  File "C:\workspace\projet\venv\lib\site-packages\django\core\handlers\base.py", line 197, in _get_response
    response = wrapped_callback(request, *callback_args, **callback_kwargs)
  File "C:\workspace\projet\backend\saleManagment\apps\views.py", line 356, in sales_dashboard_data
    return JsonResponse(response_data, encoder=DjangoJSONEncoder)
  File "C:\workspace\projet\venv\lib\site-packages\django\http\response.py", line 733, in __init__
    data = json.dumps(data, cls=encoder, **json_dumps_params)
  File "C:\Python310\lib\json\__init__.py", line 238, in dumps
    **kw).encode(obj)
  File "C:\Python310\lib\json\encoder.py", line 199, in encode
    chunks = self.iterencode(o, _one_shot=True)
  File "C:\Python310\lib\json\encoder.py", line 257, in iterencode
    return _iterencode(o, 0)
  File "C:\workspace\projet\venv\lib\site-packages\django\core\serializers\json.py", line 106, in default
    return super().default(o)
  File "C:\Python310\lib\json\encoder.py", line 179, in default
    raise TypeError(f'Object of type {o.__class__.__name__} '
TypeError: Object of type QuerySet is not JSON serializable
ERROR 2024-12-02 21:30:03,550 basehttp "GET /apps/sales_dashboard_data HTTP/1.1" 500 103634
ERROR 2024-12-03 11:39:49,545 log Internal Server Error: /apps/allproducts.html
Traceback (most recent call last):
  File "C:\workspace\projet\backend\saleManagment\venv\lib\site-packages\django\core\handlers\exception.py", line 55, in inner
    response = get_response(request)
  File "C:\workspace\projet\backend\saleManagment\venv\lib\site-packages\django\core\handlers\base.py", line 197, in _get_response
    response = wrapped_callback(request, *callback_args, **callback_kwargs)
  File "C:\workspace\projet\backend\saleManagment\apps\views.py", line 1345, in all_items
    return render(request, 'allproducts.html', {'items': items, 'itemvariants': itemvariants})
  File "C:\workspace\projet\backend\saleManagment\venv\lib\site-packages\django\shortcuts.py", line 24, in render
    content = loader.render_to_string(template_name, context, request, using=using)
  File "C:\workspace\projet\backend\saleManagment\venv\lib\site-packages\django\template\loader.py", line 61, in render_to_string
    template = get_template(template_name, using=using)
  File "C:\workspace\projet\backend\saleManagment\venv\lib\site-packages\django\template\loader.py", line 15, in get_template
    return engine.get_template(template_name)
  File "C:\workspace\projet\backend\saleManagment\venv\lib\site-packages\django\template\backends\django.py", line 33, in get_template
    return Template(self.engine.get_template(template_name), self)
  File "C:\workspace\projet\backend\saleManagment\venv\lib\site-packages\django\template\engine.py", line 175, in get_template
    template, origin = self.find_template(template_name)
  File "C:\workspace\projet\backend\saleManagment\venv\lib\site-packages\django\template\engine.py", line 157, in find_template
    template = loader.get_template(name, skip=skip)
  File "C:\workspace\projet\backend\saleManagment\venv\lib\site-packages\django\template\loaders\cached.py", line 57, in get_template
    template = super().get_template(template_name, skip)
  File "C:\workspace\projet\backend\saleManagment\venv\lib\site-packages\django\template\loaders\base.py", line 28, in get_template
    return Template(
  File "C:\workspace\projet\backend\saleManagment\venv\lib\site-packages\django\template\base.py", line 154, in __init__
    self.nodelist = self.compile_nodelist()
  File "C:\workspace\projet\backend\saleManagment\venv\lib\site-packages\django\template\base.py", line 196, in compile_nodelist
    return parser.parse()
  File "C:\workspace\projet\backend\saleManagment\venv\lib\site-packages\django\template\base.py", line 510, in parse
    raise self.error(token, e)
  File "C:\workspace\projet\backend\saleManagment\venv\lib\site-packages\django\template\base.py", line 508, in parse
    compiled_result = compile_func(self, token)
  File "C:\workspace\projet\backend\saleManagment\venv\lib\site-packages\django\template\defaulttags.py", line 860, in do_for
    nodelist_loop = parser.parse(
  File "C:\workspace\projet\backend\saleManagment\venv\lib\site-packages\django\template\base.py", line 481, in parse
    raise self.error(token, e)
  File "C:\workspace\projet\backend\saleManagment\venv\lib\site-packages\django\template\base.py", line 479, in parse
    filter_expression = self.compile_filter(token.contents)
  File "C:\workspace\projet\backend\saleManagment\venv\lib\site-packages\django\template\base.py", line 597, in compile_filter
    return FilterExpression(token, self)
  File "C:\workspace\projet\backend\saleManagment\venv\lib\site-packages\django\template\base.py", line 698, in __init__
    raise TemplateSyntaxError(
django.template.exceptions.TemplateSyntaxError: Could not parse the remainder: ' + 1' from 'item.itemvariant_set.all|length + 1'
ERROR 2024-12-03 11:39:49,564 basehttp "GET /apps/allproducts.html HTTP/1.1" 500 205580
ERROR 2024-12-03 12:49:01,781 log Internal Server Error: /apps/sales_dashboard_data
Traceback (most recent call last):
  File "C:\workspace\projet\backend\saleManagment\venv\lib\site-packages\django\core\handlers\exception.py", line 55, in inner
    response = get_response(request)
  File "C:\workspace\projet\backend\saleManagment\venv\lib\site-packages\django\core\handlers\base.py", line 197, in _get_response
    response = wrapped_callback(request, *callback_args, **callback_kwargs)
  File "C:\workspace\projet\backend\saleManagment\apps\views.py", line 374, in sales_dashboard_data
    return JsonResponse(response_data, encoder=DjangoJSONEncoder)
  File "C:\workspace\projet\backend\saleManagment\venv\lib\site-packages\django\http\response.py", line 733, in __init__
    data = json.dumps(data, cls=encoder, **json_dumps_params)
  File "C:\Python310\lib\json\__init__.py", line 238, in dumps
    **kw).encode(obj)
  File "C:\Python310\lib\json\encoder.py", line 199, in encode
    chunks = self.iterencode(o, _one_shot=True)
  File "C:\Python310\lib\json\encoder.py", line 257, in iterencode
    return _iterencode(o, 0)
  File "C:\workspace\projet\backend\saleManagment\venv\lib\site-packages\django\core\serializers\json.py", line 106, in default
    return super().default(o)
  File "C:\Python310\lib\json\encoder.py", line 179, in default
    raise TypeError(f'Object of type {o.__class__.__name__} '
TypeError: Object of type item is not JSON serializable
ERROR 2024-12-03 12:49:01,796 basehttp "GET /apps/sales_dashboard_data HTTP/1.1" 500 103643
ERROR 2024-12-03 12:49:01,953 log Internal Server Error: /apps/sales_dashboard_data
Traceback (most recent call last):
  File "C:\workspace\projet\backend\saleManagment\venv\lib\site-packages\django\core\handlers\exception.py", line 55, in inner
    response = get_response(request)
  File "C:\workspace\projet\backend\saleManagment\venv\lib\site-packages\django\core\handlers\base.py", line 197, in _get_response
    response = wrapped_callback(request, *callback_args, **callback_kwargs)
  File "C:\workspace\projet\backend\saleManagment\apps\views.py", line 374, in sales_dashboard_data
    return JsonResponse(response_data, encoder=DjangoJSONEncoder)
  File "C:\workspace\projet\backend\saleManagment\venv\lib\site-packages\django\http\response.py", line 733, in __init__
    data = json.dumps(data, cls=encoder, **json_dumps_params)
  File "C:\Python310\lib\json\__init__.py", line 238, in dumps
    **kw).encode(obj)
  File "C:\Python310\lib\json\encoder.py", line 199, in encode
    chunks = self.iterencode(o, _one_shot=True)
  File "C:\Python310\lib\json\encoder.py", line 257, in iterencode
    return _iterencode(o, 0)
  File "C:\workspace\projet\backend\saleManagment\venv\lib\site-packages\django\core\serializers\json.py", line 106, in default
    return super().default(o)
  File "C:\Python310\lib\json\encoder.py", line 179, in default
    raise TypeError(f'Object of type {o.__class__.__name__} '
TypeError: Object of type item is not JSON serializable
ERROR 2024-12-03 12:49:01,966 basehttp "GET /apps/sales_dashboard_data HTTP/1.1" 500 103643
ERROR 2024-12-03 12:51:21,484 log Internal Server Error: /apps/sales_dashboard_data
Traceback (most recent call last):
  File "C:\workspace\projet\backend\saleManagment\venv\lib\site-packages\django\core\handlers\exception.py", line 55, in inner
    response = get_response(request)
  File "C:\workspace\projet\backend\saleManagment\venv\lib\site-packages\django\core\handlers\base.py", line 197, in _get_response
    response = wrapped_callback(request, *callback_args, **callback_kwargs)
  File "C:\workspace\projet\backend\saleManagment\apps\views.py", line 374, in sales_dashboard_data
    return JsonResponse(response_data, encoder=DjangoJSONEncoder)
  File "C:\workspace\projet\backend\saleManagment\venv\lib\site-packages\django\http\response.py", line 733, in __init__
    data = json.dumps(data, cls=encoder, **json_dumps_params)
  File "C:\Python310\lib\json\__init__.py", line 238, in dumps
    **kw).encode(obj)
  File "C:\Python310\lib\json\encoder.py", line 199, in encode
    chunks = self.iterencode(o, _one_shot=True)
  File "C:\Python310\lib\json\encoder.py", line 257, in iterencode
    return _iterencode(o, 0)
  File "C:\workspace\projet\backend\saleManagment\venv\lib\site-packages\django\core\serializers\json.py", line 106, in default
    return super().default(o)
  File "C:\Python310\lib\json\encoder.py", line 179, in default
    raise TypeError(f'Object of type {o.__class__.__name__} '
TypeError: Object of type item is not JSON serializable
ERROR 2024-12-03 12:51:21,499 basehttp "GET /apps/sales_dashboard_data HTTP/1.1" 500 103599
ERROR 2024-12-03 12:51:21,606 log Internal Server Error: /apps/sales_dashboard_data
Traceback (most recent call last):
  File "C:\workspace\projet\backend\saleManagment\venv\lib\site-packages\django\core\handlers\exception.py", line 55, in inner
    response = get_response(request)
  File "C:\workspace\projet\backend\saleManagment\venv\lib\site-packages\django\core\handlers\base.py", line 197, in _get_response
    response = wrapped_callback(request, *callback_args, **callback_kwargs)
  File "C:\workspace\projet\backend\saleManagment\apps\views.py", line 374, in sales_dashboard_data
    return JsonResponse(response_data, encoder=DjangoJSONEncoder)
  File "C:\workspace\projet\backend\saleManagment\venv\lib\site-packages\django\http\response.py", line 733, in __init__
    data = json.dumps(data, cls=encoder, **json_dumps_params)
  File "C:\Python310\lib\json\__init__.py", line 238, in dumps
    **kw).encode(obj)
  File "C:\Python310\lib\json\encoder.py", line 199, in encode
    chunks = self.iterencode(o, _one_shot=True)
  File "C:\Python310\lib\json\encoder.py", line 257, in iterencode
    return _iterencode(o, 0)
  File "C:\workspace\projet\backend\saleManagment\venv\lib\site-packages\django\core\serializers\json.py", line 106, in default
    return super().default(o)
  File "C:\Python310\lib\json\encoder.py", line 179, in default
    raise TypeError(f'Object of type {o.__class__.__name__} '
TypeError: Object of type item is not JSON serializable
ERROR 2024-12-03 12:51:21,612 basehttp "GET /apps/sales_dashboard_data HTTP/1.1" 500 103599
ERROR 2024-12-03 12:52:39,738 log Internal Server Error: /apps/sales_dashboard_data
Traceback (most recent call last):
  File "C:\workspace\projet\backend\saleManagment\venv\lib\site-packages\django\core\handlers\exception.py", line 55, in inner
    response = get_response(request)
  File "C:\workspace\projet\backend\saleManagment\venv\lib\site-packages\django\core\handlers\base.py", line 197, in _get_response
    response = wrapped_callback(request, *callback_args, **callback_kwargs)
  File "C:\workspace\projet\backend\saleManagment\apps\views.py", line 374, in sales_dashboard_data
    return JsonResponse(response_data, encoder=DjangoJSONEncoder)
  File "C:\workspace\projet\backend\saleManagment\venv\lib\site-packages\django\http\response.py", line 733, in __init__
    data = json.dumps(data, cls=encoder, **json_dumps_params)
  File "C:\Python310\lib\json\__init__.py", line 238, in dumps
    **kw).encode(obj)
  File "C:\Python310\lib\json\encoder.py", line 199, in encode
    chunks = self.iterencode(o, _one_shot=True)
  File "C:\Python310\lib\json\encoder.py", line 257, in iterencode
    return _iterencode(o, 0)
  File "C:\workspace\projet\backend\saleManagment\venv\lib\site-packages\django\core\serializers\json.py", line 106, in default
    return super().default(o)
  File "C:\Python310\lib\json\encoder.py", line 179, in default
    raise TypeError(f'Object of type {o.__class__.__name__} '
TypeError: Object of type item is not JSON serializable
ERROR 2024-12-03 12:52:39,752 basehttp "GET /apps/sales_dashboard_data HTTP/1.1" 500 103834
ERROR 2024-12-21 01:13:09,526 log Internal Server Error: /apps/add_note
Traceback (most recent call last):
  File "C:\workspace\projet\backend\saleManagment\venv\lib\site-packages\django\template\base.py", line 502, in parse
    compile_func = self.tags[command]
KeyError: 'endfor'

During handling of the above exception, another exception occurred:

Traceback (most recent call last):
  File "C:\workspace\projet\backend\saleManagment\venv\lib\site-packages\django\core\handlers\exception.py", line 55, in inner
    response = get_response(request)
  File "C:\workspace\projet\backend\saleManagment\venv\lib\site-packages\django\core\handlers\base.py", line 197, in _get_response
    response = wrapped_callback(request, *callback_args, **callback_kwargs)
  File "C:\workspace\projet\backend\saleManagment\apps\views.py", line 2763, in add_note
    return render(request, 'addnote.html', {'customers': customers, 'commands': commands})
  File "C:\workspace\projet\backend\saleManagment\venv\lib\site-packages\django\shortcuts.py", line 24, in render
    content = loader.render_to_string(template_name, context, request, using=using)
  File "C:\workspace\projet\backend\saleManagment\venv\lib\site-packages\django\template\loader.py", line 61, in render_to_string
    template = get_template(template_name, using=using)
  File "C:\workspace\projet\backend\saleManagment\venv\lib\site-packages\django\template\loader.py", line 15, in get_template
    return engine.get_template(template_name)
  File "C:\workspace\projet\backend\saleManagment\venv\lib\site-packages\django\template\backends\django.py", line 33, in get_template
    return Template(self.engine.get_template(template_name), self)
  File "C:\workspace\projet\backend\saleManagment\venv\lib\site-packages\django\template\engine.py", line 175, in get_template
    template, origin = self.find_template(template_name)
  File "C:\workspace\projet\backend\saleManagment\venv\lib\site-packages\django\template\engine.py", line 157, in find_template
    template = loader.get_template(name, skip=skip)
  File "C:\workspace\projet\backend\saleManagment\venv\lib\site-packages\django\template\loaders\cached.py", line 57, in get_template
    template = super().get_template(template_name, skip)
  File "C:\workspace\projet\backend\saleManagment\venv\lib\site-packages\django\template\loaders\base.py", line 28, in get_template
    return Template(
  File "C:\workspace\projet\backend\saleManagment\venv\lib\site-packages\django\template\base.py", line 154, in __init__
    self.nodelist = self.compile_nodelist()
  File "C:\workspace\projet\backend\saleManagment\venv\lib\site-packages\django\template\base.py", line 196, in compile_nodelist
    return parser.parse()
  File "C:\workspace\projet\backend\saleManagment\venv\lib\site-packages\django\template\base.py", line 504, in parse
    self.invalid_block_tag(token, command, parse_until)
  File "C:\workspace\projet\backend\saleManagment\venv\lib\site-packages\django\template\base.py", line 565, in invalid_block_tag
    raise self.error(
django.template.exceptions.TemplateSyntaxError: Invalid block tag on line 107: 'endfor'. Did you forget to register or load this tag?
ERROR 2024-12-21 01:13:09,563 basehttp "GET /apps/add_note HTTP/1.1" 500 168373
ERROR 2024-12-21 10:47:46,869 log Internal Server Error: /apps/add_note/
Traceback (most recent call last):
  File "C:\workspace\projet\backend\saleManagment\venv\lib\site-packages\django\core\handlers\exception.py", line 55, in inner
    response = get_response(request)
  File "C:\workspace\projet\backend\saleManagment\venv\lib\site-packages\django\core\handlers\base.py", line 197, in _get_response
    response = wrapped_callback(request, *callback_args, **callback_kwargs)
  File "C:\workspace\projet\backend\saleManagment\apps\views.py", line 2736, in add_note
    customers = Customer.objects.all()
NameError: name 'Customer' is not defined
ERROR 2024-12-21 10:47:46,890 basehttp "GET /apps/add_note/ HTTP/1.1" 500 70788
ERROR 2024-12-21 10:48:18,389 log Internal Server Error: /apps/add_note/
Traceback (most recent call last):
  File "C:\workspace\projet\backend\saleManagment\apps\views.py", line 2743, in add_note
    customer_instance = get_object_or_404(Customer, pk=customer_id)
NameError: name 'Customer' is not defined

During handling of the above exception, another exception occurred:

Traceback (most recent call last):
  File "C:\workspace\projet\backend\saleManagment\venv\lib\site-packages\django\core\handlers\exception.py", line 55, in inner
    response = get_response(request)
  File "C:\workspace\projet\backend\saleManagment\venv\lib\site-packages\django\core\handlers\base.py", line 197, in _get_response
    response = wrapped_callback(request, *callback_args, **callback_kwargs)
  File "C:\workspace\projet\backend\saleManagment\apps\views.py", line 2748, in add_note
    except Customer.DoesNotExist:
NameError: name 'Customer' is not defined
ERROR 2024-12-21 10:48:18,404 basehttp "GET /apps/add_note/?customer_id=14 HTTP/1.1" 500 82349
ERROR 2024-12-21 10:48:24,166 log Internal Server Error: /apps/add_note/
Traceback (most recent call last):
  File "C:\workspace\projet\backend\saleManagment\apps\views.py", line 2743, in add_note
    customer_instance = get_object_or_404(Customer, pk=customer_id)
NameError: name 'Customer' is not defined

During handling of the above exception, another exception occurred:

Traceback (most recent call last):
  File "C:\workspace\projet\backend\saleManagment\venv\lib\site-packages\django\core\handlers\exception.py", line 55, in inner
    response = get_response(request)
  File "C:\workspace\projet\backend\saleManagment\venv\lib\site-packages\django\core\handlers\base.py", line 197, in _get_response
    response = wrapped_callback(request, *callback_args, **callback_kwargs)
  File "C:\workspace\projet\backend\saleManagment\apps\views.py", line 2748, in add_note
    except Customer.DoesNotExist:
NameError: name 'Customer' is not defined
ERROR 2024-12-21 10:48:24,178 basehttp "GET /apps/add_note/?customer_id=16 HTTP/1.1" 500 82349
ERROR 2024-12-21 10:59:40,718 log Internal Server Error: /apps/add_note/
Traceback (most recent call last):
  File "C:\workspace\projet\backend\saleManagment\venv\lib\site-packages\django\core\handlers\exception.py", line 55, in inner
    response = get_response(request)
  File "C:\workspace\projet\backend\saleManagment\venv\lib\site-packages\django\core\handlers\base.py", line 197, in _get_response
    response = wrapped_callback(request, *callback_args, **callback_kwargs)
  File "C:\workspace\projet\backend\saleManagment\apps\views.py", line 2737, in add_note
    customers = Customer.objects.all()
NameError: name 'Customer' is not defined
ERROR 2024-12-21 10:59:40,727 basehttp "GET /apps/add_note/ HTTP/1.1" 500 70810
ERROR 2024-12-21 11:00:07,233 log Internal Server Error: /apps/add_note/
Traceback (most recent call last):
  File "C:\workspace\projet\backend\saleManagment\apps\views.py", line 2744, in add_note
    customer_instance = get_object_or_404(Customer, pk=customer_id)
NameError: name 'Customer' is not defined

During handling of the above exception, another exception occurred:

Traceback (most recent call last):
  File "C:\workspace\projet\backend\saleManagment\venv\lib\site-packages\django\core\handlers\exception.py", line 55, in inner
    response = get_response(request)
  File "C:\workspace\projet\backend\saleManagment\venv\lib\site-packages\django\core\handlers\base.py", line 197, in _get_response
    response = wrapped_callback(request, *callback_args, **callback_kwargs)
  File "C:\workspace\projet\backend\saleManagment\apps\views.py", line 2749, in add_note
    except Customer.DoesNotExist:
NameError: name 'Customer' is not defined
ERROR 2024-12-21 11:00:07,244 basehttp "GET /apps/add_note/?customer_id=15 HTTP/1.1" 500 82347
ERROR 2024-12-21 11:00:11,512 log Internal Server Error: /apps/add_note/
Traceback (most recent call last):
  File "C:\workspace\projet\backend\saleManagment\apps\views.py", line 2744, in add_note
    customer_instance = get_object_or_404(Customer, pk=customer_id)
NameError: name 'Customer' is not defined

During handling of the above exception, another exception occurred:

Traceback (most recent call last):
  File "C:\workspace\projet\backend\saleManagment\venv\lib\site-packages\django\core\handlers\exception.py", line 55, in inner
    response = get_response(request)
  File "C:\workspace\projet\backend\saleManagment\venv\lib\site-packages\django\core\handlers\base.py", line 197, in _get_response
    response = wrapped_callback(request, *callback_args, **callback_kwargs)
  File "C:\workspace\projet\backend\saleManagment\apps\views.py", line 2749, in add_note
    except Customer.DoesNotExist:
NameError: name 'Customer' is not defined
ERROR 2024-12-21 11:00:11,522 basehttp "GET /apps/add_note/?customer_id=18 HTTP/1.1" 500 82347
ERROR 2024-12-21 11:07:56,962 log Internal Server Error: /apps/add_note/
Traceback (most recent call last):
  File "C:\workspace\projet\backend\saleManagment\apps\views.py", line 2744, in add_note
    customer_instance = get_object_or_404(Customer, pk=customer_id)
NameError: name 'Customer' is not defined

During handling of the above exception, another exception occurred:

Traceback (most recent call last):
  File "C:\workspace\projet\backend\saleManagment\venv\lib\site-packages\django\core\handlers\exception.py", line 55, in inner
    response = get_response(request)
  File "C:\workspace\projet\backend\saleManagment\venv\lib\site-packages\django\core\handlers\base.py", line 197, in _get_response
    response = wrapped_callback(request, *callback_args, **callback_kwargs)
  File "C:\workspace\projet\backend\saleManagment\apps\views.py", line 2749, in add_note
    except Customer.DoesNotExist:
NameError: name 'Customer' is not defined
ERROR 2024-12-21 11:07:56,978 basehttp "GET /apps/add_note/?customer_id=16 HTTP/1.1" 500 82347
ERROR 2024-12-21 11:10:03,077 log Internal Server Error: /apps/add_note/
Traceback (most recent call last):
  File "C:\workspace\projet\backend\saleManagment\apps\views.py", line 2743, in add_note
    customer_instance = get_object_or_404(Customer, pk=customer_id)
NameError: name 'Customer' is not defined

During handling of the above exception, another exception occurred:

Traceback (most recent call last):
  File "C:\workspace\projet\backend\saleManagment\venv\lib\site-packages\django\core\handlers\exception.py", line 55, in inner
    response = get_response(request)
  File "C:\workspace\projet\backend\saleManagment\venv\lib\site-packages\django\core\handlers\base.py", line 197, in _get_response
    response = wrapped_callback(request, *callback_args, **callback_kwargs)
  File "C:\workspace\projet\backend\saleManagment\apps\views.py", line 2748, in add_note
    except Customer.DoesNotExist:
NameError: name 'Customer' is not defined
ERROR 2024-12-21 11:10:03,092 basehttp "GET /apps/add_note/?customer_id=16 HTTP/1.1" 500 82399
ERROR 2024-12-21 11:10:05,298 log Internal Server Error: /apps/add_note/
Traceback (most recent call last):
  File "C:\workspace\projet\backend\saleManagment\apps\views.py", line 2743, in add_note
    customer_instance = get_object_or_404(Customer, pk=customer_id)
NameError: name 'Customer' is not defined

During handling of the above exception, another exception occurred:

Traceback (most recent call last):
  File "C:\workspace\projet\backend\saleManagment\venv\lib\site-packages\django\core\handlers\exception.py", line 55, in inner
    response = get_response(request)
  File "C:\workspace\projet\backend\saleManagment\venv\lib\site-packages\django\core\handlers\base.py", line 197, in _get_response
    response = wrapped_callback(request, *callback_args, **callback_kwargs)
  File "C:\workspace\projet\backend\saleManagment\apps\views.py", line 2748, in add_note
    except Customer.DoesNotExist:
NameError: name 'Customer' is not defined
ERROR 2024-12-21 11:10:05,298 basehttp "GET /apps/add_note/?customer_id=20 HTTP/1.1" 500 82399
ERROR 2024-12-21 11:11:06,934 log Internal Server Error: /apps/add_note/
Traceback (most recent call last):
  File "C:\workspace\projet\backend\saleManagment\apps\views.py", line 2743, in add_note
    customer_instance = get_object_or_404(Customer, pk=customer_id)
NameError: name 'Customer' is not defined

During handling of the above exception, another exception occurred:

Traceback (most recent call last):
  File "C:\workspace\projet\backend\saleManagment\venv\lib\site-packages\django\core\handlers\exception.py", line 55, in inner
    response = get_response(request)
  File "C:\workspace\projet\backend\saleManagment\venv\lib\site-packages\django\core\handlers\base.py", line 197, in _get_response
    response = wrapped_callback(request, *callback_args, **callback_kwargs)
  File "C:\workspace\projet\backend\saleManagment\apps\views.py", line 2748, in add_note
    except Customer.DoesNotExist:
NameError: name 'Customer' is not defined
ERROR 2024-12-21 11:11:06,934 basehttp "GET /apps/add_note/?customer_id=16 HTTP/1.1" 500 82399
ERROR 2024-12-21 11:17:04,190 log Internal Server Error: /apps/edit_note/4/
Traceback (most recent call last):
  File "C:\workspace\projet\backend\saleManagment\venv\lib\site-packages\django\core\handlers\exception.py", line 55, in inner
    response = get_response(request)
  File "C:\workspace\projet\backend\saleManagment\venv\lib\site-packages\django\core\handlers\base.py", line 197, in _get_response
    response = wrapped_callback(request, *callback_args, **callback_kwargs)
  File "C:\workspace\projet\backend\saleManagment\apps\views.py", line 2785, in edit_note
    customers = customer.objects.all()
UnboundLocalError: local variable 'customer' referenced before assignment
ERROR 2024-12-21 11:17:04,190 basehttp "GET /apps/edit_note/4/ HTTP/1.1" 500 71377
ERROR 2024-12-21 11:19:26,313 log Internal Server Error: /apps/edit_note/4/
Traceback (most recent call last):
  File "C:\workspace\projet\backend\saleManagment\venv\lib\site-packages\django\core\handlers\exception.py", line 55, in inner
    response = get_response(request)
  File "C:\workspace\projet\backend\saleManagment\venv\lib\site-packages\django\core\handlers\base.py", line 197, in _get_response
    response = wrapped_callback(request, *callback_args, **callback_kwargs)
  File "C:\workspace\projet\backend\saleManagment\apps\views.py", line 2788, in edit_note
    customers = Customer.objects.all()
NameError: name 'Customer' is not defined
ERROR 2024-12-21 11:19:26,321 basehttp "GET /apps/edit_note/4/ HTTP/1.1" 500 71303
ERROR 2024-12-21 11:19:51,682 log Internal Server Error: /apps/edit_note/4/
Traceback (most recent call last):
  File "C:\workspace\projet\backend\saleManagment\venv\lib\site-packages\django\core\handlers\exception.py", line 55, in inner
    response = get_response(request)
  File "C:\workspace\projet\backend\saleManagment\venv\lib\site-packages\django\core\handlers\base.py", line 197, in _get_response
    response = wrapped_callback(request, *callback_args, **callback_kwargs)
  File "C:\workspace\projet\backend\saleManagment\apps\views.py", line 2812, in edit_note
    return render(request, 'edit_note.html', {
  File "C:\workspace\projet\backend\saleManagment\venv\lib\site-packages\django\shortcuts.py", line 24, in render
    content = loader.render_to_string(template_name, context, request, using=using)
  File "C:\workspace\projet\backend\saleManagment\venv\lib\site-packages\django\template\loader.py", line 62, in render_to_string
    return template.render(context, request)
  File "C:\workspace\projet\backend\saleManagment\venv\lib\site-packages\django\template\backends\django.py", line 61, in render
    return self.template.render(context)
  File "C:\workspace\projet\backend\saleManagment\venv\lib\site-packages\django\template\base.py", line 171, in render
    return self._render(context)
  File "C:\workspace\projet\backend\saleManagment\venv\lib\site-packages\django\template\base.py", line 163, in _render
    return self.nodelist.render(context)
  File "C:\workspace\projet\backend\saleManagment\venv\lib\site-packages\django\template\base.py", line 1000, in render
    return SafeString("".join([node.render_annotated(context) for node in self]))
  File "C:\workspace\projet\backend\saleManagment\venv\lib\site-packages\django\template\base.py", line 1000, in <listcomp>
    return SafeString("".join([node.render_annotated(context) for node in self]))
  File "C:\workspace\projet\backend\saleManagment\venv\lib\site-packages\django\template\base.py", line 961, in render_annotated
    return self.render(context)
  File "C:\workspace\projet\backend\saleManagment\venv\lib\site-packages\django\template\defaulttags.py", line 478, in render
    url = reverse(view_name, args=args, kwargs=kwargs, current_app=current_app)
  File "C:\workspace\projet\backend\saleManagment\venv\lib\site-packages\django\urls\base.py", line 88, in reverse
    return resolver._reverse_with_prefix(view, prefix, *args, **kwargs)
  File "C:\workspace\projet\backend\saleManagment\venv\lib\site-packages\django\urls\resolvers.py", line 848, in _reverse_with_prefix
    raise NoReverseMatch(msg)
django.urls.exceptions.NoReverseMatch: Reverse for 'edit_note' with no arguments not found. 1 pattern(s) tried: ['apps/edit_note/(?P<note_id>[0-9]+)/\\Z']
ERROR 2024-12-21 11:19:51,704 basehttp "GET /apps/edit_note/4/ HTTP/1.1" 500 159076
ERROR 2024-12-21 11:26:26,559 log Internal Server Error: /apps/delete_note/4/
Traceback (most recent call last):
  File "C:\workspace\projet\backend\saleManagment\venv\lib\site-packages\django\core\handlers\exception.py", line 55, in inner
    response = get_response(request)
  File "C:\workspace\projet\backend\saleManagment\venv\lib\site-packages\django\core\handlers\base.py", line 197, in _get_response
    response = wrapped_callback(request, *callback_args, **callback_kwargs)
  File "C:\workspace\projet\backend\saleManagment\apps\views.py", line 2822, in delete_note
    note = Note.objects.get(id=note_id)
  File "C:\workspace\projet\backend\saleManagment\venv\lib\site-packages\django\db\models\manager.py", line 87, in manager_method
    return getattr(self.get_queryset(), name)(*args, **kwargs)
  File "C:\workspace\projet\backend\saleManagment\venv\lib\site-packages\django\db\models\query.py", line 633, in get
    clone = self._chain() if self.query.combinator else self.filter(*args, **kwargs)
  File "C:\workspace\projet\backend\saleManagment\venv\lib\site-packages\django\db\models\query.py", line 1476, in filter
    return self._filter_or_exclude(False, args, kwargs)
  File "C:\workspace\projet\backend\saleManagment\venv\lib\site-packages\django\db\models\query.py", line 1494, in _filter_or_exclude
    clone._filter_or_exclude_inplace(negate, args, kwargs)
  File "C:\workspace\projet\backend\saleManagment\venv\lib\site-packages\django\db\models\query.py", line 1501, in _filter_or_exclude_inplace
    self._query.add_q(Q(*args, **kwargs))
  File "C:\workspace\projet\backend\saleManagment\venv\lib\site-packages\django\db\models\sql\query.py", line 1602, in add_q
    clause, _ = self._add_q(q_object, self.used_aliases)
  File "C:\workspace\projet\backend\saleManagment\venv\lib\site-packages\django\db\models\sql\query.py", line 1634, in _add_q
    child_clause, needed_inner = self.build_filter(
  File "C:\workspace\projet\backend\saleManagment\venv\lib\site-packages\django\db\models\sql\query.py", line 1484, in build_filter
    lookups, parts, reffed_expression = self.solve_lookup_type(arg, summarize)
  File "C:\workspace\projet\backend\saleManagment\venv\lib\site-packages\django\db\models\sql\query.py", line 1296, in solve_lookup_type
    _, field, _, lookup_parts = self.names_to_path(lookup_splitted, self.get_meta())
  File "C:\workspace\projet\backend\saleManagment\venv\lib\site-packages\django\db\models\sql\query.py", line 1761, in names_to_path
    raise FieldError(
django.core.exceptions.FieldError: Cannot resolve keyword 'id' into field. Choices are: command, command_id, customer, customer_id, note, note_id
ERROR 2024-12-21 11:26:26,573 basehttp "GET /apps/delete_note/4/ HTTP/1.1" 500 118619
ERROR 2024-12-21 11:32:27,315 log Internal Server Error: /apps/edit_note/5/
Traceback (most recent call last):
  File "C:\workspace\projet\backend\saleManagment\venv\lib\site-packages\django\core\handlers\exception.py", line 55, in inner
    response = get_response(request)
  File "C:\workspace\projet\backend\saleManagment\venv\lib\site-packages\django\core\handlers\base.py", line 197, in _get_response
    response = wrapped_callback(request, *callback_args, **callback_kwargs)
  File "C:\workspace\projet\backend\saleManagment\apps\views.py", line 2788, in edit_note
    customers = Customer.objects.all()
NameError: name 'Customer' is not defined
ERROR 2024-12-21 11:32:27,328 basehttp "GET /apps/edit_note/5/ HTTP/1.1" 500 71245
ERROR 2024-12-21 11:44:36,594 log Internal Server Error: /apps/edit_note/5/
Traceback (most recent call last):
  File "C:\workspace\projet\backend\saleManagment\venv\lib\site-packages\django\core\handlers\exception.py", line 55, in inner
    response = get_response(request)
  File "C:\workspace\projet\backend\saleManagment\venv\lib\site-packages\django\core\handlers\base.py", line 197, in _get_response
    response = wrapped_callback(request, *callback_args, **callback_kwargs)
  File "C:\workspace\projet\backend\saleManagment\apps\views.py", line 2788, in edit_note
    customers = Customer.objects.all()
NameError: name 'Customer' is not defined
ERROR 2024-12-21 11:44:36,616 basehttp "GET /apps/edit_note/5/ HTTP/1.1" 500 71334
ERROR 2024-12-21 11:51:05,965 log Internal Server Error: /apps/edit_note/5/
Traceback (most recent call last):
  File "C:\workspace\projet\backend\saleManagment\venv\lib\site-packages\django\core\handlers\exception.py", line 55, in inner
    response = get_response(request)
  File "C:\workspace\projet\backend\saleManagment\venv\lib\site-packages\django\core\handlers\base.py", line 197, in _get_response
    response = wrapped_callback(request, *callback_args, **callback_kwargs)
TypeError: edit_note() got an unexpected keyword argument 'note_id'
ERROR 2024-12-21 11:51:05,969 basehttp "GET /apps/edit_note/5/ HTTP/1.1" 500 67584
ERROR 2024-12-21 11:51:08,361 log Internal Server Error: /apps/edit_note/5/
Traceback (most recent call last):
  File "C:\workspace\projet\backend\saleManagment\venv\lib\site-packages\django\core\handlers\exception.py", line 55, in inner
    response = get_response(request)
  File "C:\workspace\projet\backend\saleManagment\venv\lib\site-packages\django\core\handlers\base.py", line 197, in _get_response
    response = wrapped_callback(request, *callback_args, **callback_kwargs)
TypeError: edit_note() got an unexpected keyword argument 'note_id'
ERROR 2024-12-21 11:51:08,361 basehttp "GET /apps/edit_note/5/ HTTP/1.1" 500 67584
ERROR 2024-12-21 11:57:17,967 log Internal Server Error: /apps/edit_note/5/
Traceback (most recent call last):
  File "C:\workspace\projet\backend\saleManagment\venv\lib\site-packages\django\core\handlers\exception.py", line 55, in inner
    response = get_response(request)
  File "C:\workspace\projet\backend\saleManagment\venv\lib\site-packages\django\core\handlers\base.py", line 197, in _get_response
    response = wrapped_callback(request, *callback_args, **callback_kwargs)
  File "C:\workspace\projet\backend\saleManagment\apps\views.py", line 2815, in edit_note
    return render(request, 'edit_note.html', {
  File "C:\workspace\projet\backend\saleManagment\venv\lib\site-packages\django\shortcuts.py", line 24, in render
    content = loader.render_to_string(template_name, context, request, using=using)
  File "C:\workspace\projet\backend\saleManagment\venv\lib\site-packages\django\template\loader.py", line 62, in render_to_string
    return template.render(context, request)
  File "C:\workspace\projet\backend\saleManagment\venv\lib\site-packages\django\template\backends\django.py", line 61, in render
    return self.template.render(context)
  File "C:\workspace\projet\backend\saleManagment\venv\lib\site-packages\django\template\base.py", line 171, in render
    return self._render(context)
  File "C:\workspace\projet\backend\saleManagment\venv\lib\site-packages\django\template\base.py", line 163, in _render
    return self.nodelist.render(context)
  File "C:\workspace\projet\backend\saleManagment\venv\lib\site-packages\django\template\base.py", line 1000, in render
    return SafeString("".join([node.render_annotated(context) for node in self]))
  File "C:\workspace\projet\backend\saleManagment\venv\lib\site-packages\django\template\base.py", line 1000, in <listcomp>
    return SafeString("".join([node.render_annotated(context) for node in self]))
  File "C:\workspace\projet\backend\saleManagment\venv\lib\site-packages\django\template\base.py", line 961, in render_annotated
    return self.render(context)
  File "C:\workspace\projet\backend\saleManagment\venv\lib\site-packages\django\template\defaulttags.py", line 478, in render
    url = reverse(view_name, args=args, kwargs=kwargs, current_app=current_app)
  File "C:\workspace\projet\backend\saleManagment\venv\lib\site-packages\django\urls\base.py", line 88, in reverse
    return resolver._reverse_with_prefix(view, prefix, *args, **kwargs)
  File "C:\workspace\projet\backend\saleManagment\venv\lib\site-packages\django\urls\resolvers.py", line 848, in _reverse_with_prefix
    raise NoReverseMatch(msg)
django.urls.exceptions.NoReverseMatch: Reverse for 'edit_note' with no arguments not found. 1 pattern(s) tried: ['apps/edit_note/(?P<note_id>[0-9]+)/\\Z']
ERROR 2024-12-21 11:57:17,985 basehttp "GET /apps/edit_note/5/ HTTP/1.1" 500 138364
ERROR 2024-12-21 11:58:14,597 log Internal Server Error: /apps/edit_note/5/
Traceback (most recent call last):
  File "C:\workspace\projet\backend\saleManagment\venv\lib\site-packages\django\core\handlers\exception.py", line 55, in inner
    response = get_response(request)
  File "C:\workspace\projet\backend\saleManagment\venv\lib\site-packages\django\core\handlers\base.py", line 197, in _get_response
    response = wrapped_callback(request, *callback_args, **callback_kwargs)
  File "C:\workspace\projet\backend\saleManagment\apps\views.py", line 2815, in edit_note
    return render(request, 'edit_note.html', {
  File "C:\workspace\projet\backend\saleManagment\venv\lib\site-packages\django\shortcuts.py", line 24, in render
    content = loader.render_to_string(template_name, context, request, using=using)
  File "C:\workspace\projet\backend\saleManagment\venv\lib\site-packages\django\template\loader.py", line 62, in render_to_string
    return template.render(context, request)
  File "C:\workspace\projet\backend\saleManagment\venv\lib\site-packages\django\template\backends\django.py", line 61, in render
    return self.template.render(context)
  File "C:\workspace\projet\backend\saleManagment\venv\lib\site-packages\django\template\base.py", line 171, in render
    return self._render(context)
  File "C:\workspace\projet\backend\saleManagment\venv\lib\site-packages\django\template\base.py", line 163, in _render
    return self.nodelist.render(context)
  File "C:\workspace\projet\backend\saleManagment\venv\lib\site-packages\django\template\base.py", line 1000, in render
    return SafeString("".join([node.render_annotated(context) for node in self]))
  File "C:\workspace\projet\backend\saleManagment\venv\lib\site-packages\django\template\base.py", line 1000, in <listcomp>
    return SafeString("".join([node.render_annotated(context) for node in self]))
  File "C:\workspace\projet\backend\saleManagment\venv\lib\site-packages\django\template\base.py", line 961, in render_annotated
    return self.render(context)
  File "C:\workspace\projet\backend\saleManagment\venv\lib\site-packages\django\template\defaulttags.py", line 478, in render
    url = reverse(view_name, args=args, kwargs=kwargs, current_app=current_app)
  File "C:\workspace\projet\backend\saleManagment\venv\lib\site-packages\django\urls\base.py", line 88, in reverse
    return resolver._reverse_with_prefix(view, prefix, *args, **kwargs)
  File "C:\workspace\projet\backend\saleManagment\venv\lib\site-packages\django\urls\resolvers.py", line 848, in _reverse_with_prefix
    raise NoReverseMatch(msg)
django.urls.exceptions.NoReverseMatch: Reverse for 'edit_note' with no arguments not found. 1 pattern(s) tried: ['apps/edit_note/(?P<note_id>[0-9]+)/\\Z']
ERROR 2024-12-21 11:58:14,615 basehttp "GET /apps/edit_note/5/ HTTP/1.1" 500 138364
ERROR 2024-12-22 10:19:40,617 log Internal Server Error: /apps/add_retour
ERROR 2024-12-22 10:19:40,621 basehttp "POST /apps/add_retour HTTP/1.1" 500 68
ERROR 2024-12-22 10:19:58,667 log Internal Server Error: /apps/add_retour
ERROR 2024-12-22 10:19:58,670 basehttp "POST /apps/add_retour HTTP/1.1" 500 68
ERROR 2024-12-22 10:35:30,806 log Internal Server Error: /apps/add_retour
ERROR 2024-12-22 10:35:30,806 basehttp "POST /apps/add_retour HTTP/1.1" 500 68
ERROR 2024-12-22 10:42:02,114 log Internal Server Error: /apps/add_retour
ERROR 2024-12-22 10:42:02,115 basehttp "POST /apps/add_retour HTTP/1.1" 500 68
ERROR 2024-12-22 10:45:08,317 log Internal Server Error: /apps/add_retour
ERROR 2024-12-22 10:45:08,317 basehttp "POST /apps/add_retour HTTP/1.1" 500 68
ERROR 2024-12-22 10:45:09,690 log Internal Server Error: /apps/add_retour
ERROR 2024-12-22 10:45:09,690 basehttp "POST /apps/add_retour HTTP/1.1" 500 68
ERROR 2024-12-22 10:46:17,142 log Internal Server Error: /apps/add_retour
ERROR 2024-12-22 10:46:17,153 basehttp "POST /apps/add_retour HTTP/1.1" 500 68
ERROR 2024-12-22 10:55:34,223 log Internal Server Error: /apps/add_retour
ERROR 2024-12-22 10:55:34,224 basehttp "POST /apps/add_retour HTTP/1.1" 500 68
ERROR 2024-12-22 11:03:44,174 log Internal Server Error: /apps/add_retour
ERROR 2024-12-22 11:03:44,176 basehttp "POST /apps/add_retour HTTP/1.1" 500 62
ERROR 2024-12-22 11:04:14,701 log Internal Server Error: /apps/add_retour
Traceback (most recent call last):
  File "C:\workspace\projet\backend\saleManagment\venv\lib\site-packages\django\core\handlers\exception.py", line 55, in inner
    response = get_response(request)
  File "C:\workspace\projet\backend\saleManagment\venv\lib\site-packages\django\core\handlers\base.py", line 197, in _get_response
    response = wrapped_callback(request, *callback_args, **callback_kwargs)
  File "C:\workspace\projet\backend\saleManagment\apps\views.py", line 1064, in add_retour
    factures = Facture.objects.all()  # Récupérer toutes les factures
NameError: name 'Facture' is not defined
ERROR 2024-12-22 11:04:14,705 basehttp "GET /apps/add_retour HTTP/1.1" 500 70842
ERROR 2024-12-22 11:05:06,905 log Internal Server Error: /apps/add_retour
Traceback (most recent call last):
  File "C:\workspace\projet\backend\saleManagment\venv\lib\site-packages\django\core\handlers\exception.py", line 55, in inner
    response = get_response(request)
  File "C:\workspace\projet\backend\saleManagment\venv\lib\site-packages\django\core\handlers\base.py", line 197, in _get_response
    response = wrapped_callback(request, *callback_args, **callback_kwargs)
  File "C:\workspace\projet\backend\saleManagment\apps\views.py", line 1066, in add_retour
    suppliers = Supplier.objects.all()  # Récupérer tous les fournisseurs
NameError: name 'Supplier' is not defined
ERROR 2024-12-22 11:05:07,060 basehttp "GET /apps/add_retour HTTP/1.1" 500 73322
ERROR 2024-12-22 11:18:44,023 log Internal Server Error: /apps/add_retour
ERROR 2024-12-22 11:18:44,024 basehttp "POST /apps/add_retour HTTP/1.1" 500 61
ERROR 2025-11-25 20:14:12,764 log Internal Server Error: /
Traceback (most recent call last):
  File "C:\workspace\projet\backend\saleManagment\venv\lib\site-packages\django\template\base.py", line 502, in parse
    compile_func = self.tags[command]
KeyError: 'static'

During handling of the above exception, another exception occurred:

Traceback (most recent call last):
  File "C:\workspace\projet\backend\saleManagment\venv\lib\site-packages\django\core\handlers\exception.py", line 55, in inner
    response = get_response(request)
  File "C:\workspace\projet\backend\saleManagment\venv\lib\site-packages\django\core\handlers\base.py", line 197, in _get_response
    response = wrapped_callback(request, *callback_args, **callback_kwargs)
  File "C:\workspace\projet\backend\saleManagment\apps\views.py", line 2594, in login_view
    return render(request, 'login.html', {'form': form})
  File "C:\workspace\projet\backend\saleManagment\venv\lib\site-packages\django\shortcuts.py", line 24, in render
    content = loader.render_to_string(template_name, context, request, using=using)
  File "C:\workspace\projet\backend\saleManagment\venv\lib\site-packages\django\template\loader.py", line 61, in render_to_string
    template = get_template(template_name, using=using)
  File "C:\workspace\projet\backend\saleManagment\venv\lib\site-packages\django\template\loader.py", line 15, in get_template
    return engine.get_template(template_name)
  File "C:\workspace\projet\backend\saleManagment\venv\lib\site-packages\django\template\backends\django.py", line 33, in get_template
    return Template(self.engine.get_template(template_name), self)
  File "C:\workspace\projet\backend\saleManagment\venv\lib\site-packages\django\template\engine.py", line 175, in get_template
    template, origin = self.find_template(template_name)
  File "C:\workspace\projet\backend\saleManagment\venv\lib\site-packages\django\template\engine.py", line 157, in find_template
    template = loader.get_template(name, skip=skip)
  File "C:\workspace\projet\backend\saleManagment\venv\lib\site-packages\django\template\loaders\cached.py", line 57, in get_template
    template = super().get_template(template_name, skip)
  File "C:\workspace\projet\backend\saleManagment\venv\lib\site-packages\django\template\loaders\base.py", line 28, in get_template
    return Template(
  File "C:\workspace\projet\backend\saleManagment\venv\lib\site-packages\django\template\base.py", line 154, in __init__
    self.nodelist = self.compile_nodelist()
  File "C:\workspace\projet\backend\saleManagment\venv\lib\site-packages\django\template\base.py", line 196, in compile_nodelist
    return parser.parse()
  File "C:\workspace\projet\backend\saleManagment\venv\lib\site-packages\django\template\base.py", line 510, in parse
    raise self.error(token, e)
  File "C:\workspace\projet\backend\saleManagment\venv\lib\site-packages\django\template\base.py", line 508, in parse
    compiled_result = compile_func(self, token)
  File "C:\workspace\projet\backend\saleManagment\venv\lib\site-packages\django\template\loader_tags.py", line 295, in do_extends
    nodelist = parser.parse()
  File "C:\workspace\projet\backend\saleManagment\venv\lib\site-packages\django\template\base.py", line 510, in parse
    raise self.error(token, e)
  File "C:\workspace\projet\backend\saleManagment\venv\lib\site-packages\django\template\base.py", line 508, in parse
    compiled_result = compile_func(self, token)
  File "C:\workspace\projet\backend\saleManagment\venv\lib\site-packages\django\template\loader_tags.py", line 234, in do_block
    nodelist = parser.parse(("endblock",))
  File "C:\workspace\projet\backend\saleManagment\venv\lib\site-packages\django\template\base.py", line 504, in parse
    self.invalid_block_tag(token, command, parse_until)
  File "C:\workspace\projet\backend\saleManagment\venv\lib\site-packages\django\template\base.py", line 555, in invalid_block_tag
    raise self.error(
django.template.exceptions.TemplateSyntaxError: Invalid block tag on line 14: 'static', expected 'endblock'. Did you forget to register or load this tag?
ERROR 2025-11-25 20:14:12,849 basehttp "GET / HTTP/1.1" 500 182721
ERROR 2025-11-25 20:15:03,906 log Internal Server Error: /
Traceback (most recent call last):
  File "C:\workspace\projet\backend\saleManagment\venv\lib\site-packages\django\core\handlers\exception.py", line 55, in inner
    response = get_response(request)
  File "C:\workspace\projet\backend\saleManagment\venv\lib\site-packages\django\core\handlers\base.py", line 197, in _get_response
    response = wrapped_callback(request, *callback_args, **callback_kwargs)
  File "C:\workspace\projet\backend\saleManagment\apps\views.py", line 2594, in login_view
    return render(request, 'login.html', {'form': form})
  File "C:\workspace\projet\backend\saleManagment\venv\lib\site-packages\django\shortcuts.py", line 24, in render
    content = loader.render_to_string(template_name, context, request, using=using)
  File "C:\workspace\projet\backend\saleManagment\venv\lib\site-packages\django\template\loader.py", line 61, in render_to_string
    template = get_template(template_name, using=using)
  File "C:\workspace\projet\backend\saleManagment\venv\lib\site-packages\django\template\loader.py", line 15, in get_template
    return engine.get_template(template_name)
  File "C:\workspace\projet\backend\saleManagment\venv\lib\site-packages\django\template\backends\django.py", line 33, in get_template
    return Template(self.engine.get_template(template_name), self)
  File "C:\workspace\projet\backend\saleManagment\venv\lib\site-packages\django\template\engine.py", line 175, in get_template
    template, origin = self.find_template(template_name)
  File "C:\workspace\projet\backend\saleManagment\venv\lib\site-packages\django\template\engine.py", line 157, in find_template
    template = loader.get_template(name, skip=skip)
  File "C:\workspace\projet\backend\saleManagment\venv\lib\site-packages\django\template\loaders\cached.py", line 57, in get_template
    template = super().get_template(template_name, skip)
  File "C:\workspace\projet\backend\saleManagment\venv\lib\site-packages\django\template\loaders\base.py", line 28, in get_template
    return Template(
  File "C:\workspace\projet\backend\saleManagment\venv\lib\site-packages\django\template\base.py", line 154, in __init__
    self.nodelist = self.compile_nodelist()
  File "C:\workspace\projet\backend\saleManagment\venv\lib\site-packages\django\template\base.py", line 196, in compile_nodelist
    return parser.parse()
  File "C:\workspace\projet\backend\saleManagment\venv\lib\site-packages\django\template\base.py", line 511, in parse
    self.extend_nodelist(nodelist, compiled_result, token)
  File "C:\workspace\projet\backend\saleManagment\venv\lib\site-packages\django\template\base.py", line 528, in extend_nodelist
    raise self.error(
django.template.exceptions.TemplateSyntaxError: <ExtendsNode: extends "base.html"> must be the first tag in the template.
ERROR 2025-11-25 20:15:03,940 basehttp "GET / HTTP/1.1" 500 138682
ERROR 2025-11-25 20:15:08,639 log Internal Server Error: /
Traceback (most recent call last):
  File "C:\workspace\projet\backend\saleManagment\venv\lib\site-packages\django\core\handlers\exception.py", line 55, in inner
    response = get_response(request)
  File "C:\workspace\projet\backend\saleManagment\venv\lib\site-packages\django\core\handlers\base.py", line 197, in _get_response
    response = wrapped_callback(request, *callback_args, **callback_kwargs)
  File "C:\workspace\projet\backend\saleManagment\apps\views.py", line 2594, in login_view
    return render(request, 'login.html', {'form': form})
  File "C:\workspace\projet\backend\saleManagment\venv\lib\site-packages\django\shortcuts.py", line 24, in render
    content = loader.render_to_string(template_name, context, request, using=using)
  File "C:\workspace\projet\backend\saleManagment\venv\lib\site-packages\django\template\loader.py", line 61, in render_to_string
    template = get_template(template_name, using=using)
  File "C:\workspace\projet\backend\saleManagment\venv\lib\site-packages\django\template\loader.py", line 15, in get_template
    return engine.get_template(template_name)
  File "C:\workspace\projet\backend\saleManagment\venv\lib\site-packages\django\template\backends\django.py", line 33, in get_template
    return Template(self.engine.get_template(template_name), self)
  File "C:\workspace\projet\backend\saleManagment\venv\lib\site-packages\django\template\engine.py", line 175, in get_template
    template, origin = self.find_template(template_name)
  File "C:\workspace\projet\backend\saleManagment\venv\lib\site-packages\django\template\engine.py", line 157, in find_template
    template = loader.get_template(name, skip=skip)
  File "C:\workspace\projet\backend\saleManagment\venv\lib\site-packages\django\template\loaders\cached.py", line 57, in get_template
    template = super().get_template(template_name, skip)
  File "C:\workspace\projet\backend\saleManagment\venv\lib\site-packages\django\template\loaders\base.py", line 28, in get_template
    return Template(
  File "C:\workspace\projet\backend\saleManagment\venv\lib\site-packages\django\template\base.py", line 154, in __init__
    self.nodelist = self.compile_nodelist()
  File "C:\workspace\projet\backend\saleManagment\venv\lib\site-packages\django\template\base.py", line 196, in compile_nodelist
    return parser.parse()
  File "C:\workspace\projet\backend\saleManagment\venv\lib\site-packages\django\template\base.py", line 511, in parse
    self.extend_nodelist(nodelist, compiled_result, token)
  File "C:\workspace\projet\backend\saleManagment\venv\lib\site-packages\django\template\base.py", line 528, in extend_nodelist
    raise self.error(
django.template.exceptions.TemplateSyntaxError: <ExtendsNode: extends "base.html"> must be the first tag in the template.
ERROR 2025-11-25 20:15:08,639 basehttp "GET / HTTP/1.1" 500 138682
ERROR 2025-11-25 20:15:10,127 log Internal Server Error: /
Traceback (most recent call last):
  File "C:\workspace\projet\backend\saleManagment\venv\lib\site-packages\django\core\handlers\exception.py", line 55, in inner
    response = get_response(request)
  File "C:\workspace\projet\backend\saleManagment\venv\lib\site-packages\django\core\handlers\base.py", line 197, in _get_response
    response = wrapped_callback(request, *callback_args, **callback_kwargs)
  File "C:\workspace\projet\backend\saleManagment\apps\views.py", line 2594, in login_view
    return render(request, 'login.html', {'form': form})
  File "C:\workspace\projet\backend\saleManagment\venv\lib\site-packages\django\shortcuts.py", line 24, in render
    content = loader.render_to_string(template_name, context, request, using=using)
  File "C:\workspace\projet\backend\saleManagment\venv\lib\site-packages\django\template\loader.py", line 61, in render_to_string
    template = get_template(template_name, using=using)
  File "C:\workspace\projet\backend\saleManagment\venv\lib\site-packages\django\template\loader.py", line 15, in get_template
    return engine.get_template(template_name)
  File "C:\workspace\projet\backend\saleManagment\venv\lib\site-packages\django\template\backends\django.py", line 33, in get_template
    return Template(self.engine.get_template(template_name), self)
  File "C:\workspace\projet\backend\saleManagment\venv\lib\site-packages\django\template\engine.py", line 175, in get_template
    template, origin = self.find_template(template_name)
  File "C:\workspace\projet\backend\saleManagment\venv\lib\site-packages\django\template\engine.py", line 157, in find_template
    template = loader.get_template(name, skip=skip)
  File "C:\workspace\projet\backend\saleManagment\venv\lib\site-packages\django\template\loaders\cached.py", line 57, in get_template
    template = super().get_template(template_name, skip)
  File "C:\workspace\projet\backend\saleManagment\venv\lib\site-packages\django\template\loaders\base.py", line 28, in get_template
    return Template(
  File "C:\workspace\projet\backend\saleManagment\venv\lib\site-packages\django\template\base.py", line 154, in __init__
    self.nodelist = self.compile_nodelist()
  File "C:\workspace\projet\backend\saleManagment\venv\lib\site-packages\django\template\base.py", line 196, in compile_nodelist
    return parser.parse()
  File "C:\workspace\projet\backend\saleManagment\venv\lib\site-packages\django\template\base.py", line 511, in parse
    self.extend_nodelist(nodelist, compiled_result, token)
  File "C:\workspace\projet\backend\saleManagment\venv\lib\site-packages\django\template\base.py", line 528, in extend_nodelist
    raise self.error(
django.template.exceptions.TemplateSyntaxError: <ExtendsNode: extends "base.html"> must be the first tag in the template.
ERROR 2025-11-25 20:15:10,143 basehttp "GET / HTTP/1.1" 500 138682
ERROR 2025-11-25 20:15:48,467 log Internal Server Error: /
Traceback (most recent call last):
  File "C:\workspace\projet\backend\saleManagment\venv\lib\site-packages\django\template\backends\django.py", line 61, in render
    return self.template.render(context)
  File "C:\workspace\projet\backend\saleManagment\venv\lib\site-packages\django\template\base.py", line 171, in render
    return self._render(context)
  File "C:\workspace\projet\backend\saleManagment\venv\lib\site-packages\django\template\base.py", line 163, in _render
    return self.nodelist.render(context)
  File "C:\workspace\projet\backend\saleManagment\venv\lib\site-packages\django\template\base.py", line 1000, in render
    return SafeString("".join([node.render_annotated(context) for node in self]))
  File "C:\workspace\projet\backend\saleManagment\venv\lib\site-packages\django\template\base.py", line 1000, in <listcomp>
    return SafeString("".join([node.render_annotated(context) for node in self]))
  File "C:\workspace\projet\backend\saleManagment\venv\lib\site-packages\django\template\base.py", line 961, in render_annotated
    return self.render(context)
  File "C:\workspace\projet\backend\saleManagment\venv\lib\site-packages\django\template\loader_tags.py", line 134, in render
    compiled_parent = self.get_parent(context)
  File "C:\workspace\projet\backend\saleManagment\venv\lib\site-packages\django\template\loader_tags.py", line 131, in get_parent
    return self.find_template(parent, context)
  File "C:\workspace\projet\backend\saleManagment\venv\lib\site-packages\django\template\loader_tags.py", line 109, in find_template
    template, origin = context.template.engine.find_template(
  File "C:\workspace\projet\backend\saleManagment\venv\lib\site-packages\django\template\engine.py", line 161, in find_template
    raise TemplateDoesNotExist(name, tried=tried)
django.template.exceptions.TemplateDoesNotExist: base.html

The above exception was the direct cause of the following exception:

Traceback (most recent call last):
  File "C:\workspace\projet\backend\saleManagment\venv\lib\site-packages\django\core\handlers\exception.py", line 55, in inner
    response = get_response(request)
  File "C:\workspace\projet\backend\saleManagment\venv\lib\site-packages\django\core\handlers\base.py", line 197, in _get_response
    response = wrapped_callback(request, *callback_args, **callback_kwargs)
  File "C:\workspace\projet\backend\saleManagment\apps\views.py", line 2594, in login_view
    return render(request, 'login.html', {'form': form})
  File "C:\workspace\projet\backend\saleManagment\venv\lib\site-packages\django\shortcuts.py", line 24, in render
    content = loader.render_to_string(template_name, context, request, using=using)
  File "C:\workspace\projet\backend\saleManagment\venv\lib\site-packages\django\template\loader.py", line 62, in render_to_string
    return template.render(context, request)
  File "C:\workspace\projet\backend\saleManagment\venv\lib\site-packages\django\template\backends\django.py", line 63, in render
    reraise(exc, self.backend)
  File "C:\workspace\projet\backend\saleManagment\venv\lib\site-packages\django\template\backends\django.py", line 84, in reraise
    raise new from exc
django.template.exceptions.TemplateDoesNotExist: base.html
ERROR 2025-11-25 20:15:48,493 basehttp "GET / HTTP/1.1" 500 137332
ERROR 2025-11-25 20:18:13,962 log Internal Server Error: /
Traceback (most recent call last):
  File "C:\workspace\projet\backend\saleManagment\venv\lib\site-packages\django\template\backends\django.py", line 61, in render
    return self.template.render(context)
  File "C:\workspace\projet\backend\saleManagment\venv\lib\site-packages\django\template\base.py", line 171, in render
    return self._render(context)
  File "C:\workspace\projet\backend\saleManagment\venv\lib\site-packages\django\template\base.py", line 163, in _render
    return self.nodelist.render(context)
  File "C:\workspace\projet\backend\saleManagment\venv\lib\site-packages\django\template\base.py", line 1000, in render
    return SafeString("".join([node.render_annotated(context) for node in self]))
  File "C:\workspace\projet\backend\saleManagment\venv\lib\site-packages\django\template\base.py", line 1000, in <listcomp>
    return SafeString("".join([node.render_annotated(context) for node in self]))
  File "C:\workspace\projet\backend\saleManagment\venv\lib\site-packages\django\template\base.py", line 961, in render_annotated
    return self.render(context)
  File "C:\workspace\projet\backend\saleManagment\venv\lib\site-packages\django\template\loader_tags.py", line 159, in render
    return compiled_parent._render(context)
  File "C:\workspace\projet\backend\saleManagment\venv\lib\site-packages\django\template\base.py", line 163, in _render
    return self.nodelist.render(context)
  File "C:\workspace\projet\backend\saleManagment\venv\lib\site-packages\django\template\base.py", line 1000, in render
    return SafeString("".join([node.render_annotated(context) for node in self]))
  File "C:\workspace\projet\backend\saleManagment\venv\lib\site-packages\django\template\base.py", line 1000, in <listcomp>
    return SafeString("".join([node.render_annotated(context) for node in self]))
  File "C:\workspace\projet\backend\saleManagment\venv\lib\site-packages\django\template\base.py", line 961, in render_annotated
    return self.render(context)
  File "C:\workspace\projet\backend\saleManagment\venv\lib\site-packages\django\template\loader_tags.py", line 199, in render
    template = context.template.engine.select_template(template_name)
  File "C:\workspace\projet\backend\saleManagment\venv\lib\site-packages\django\template\engine.py", line 212, in select_template
    raise TemplateDoesNotExist(", ".join(not_found))
django.template.exceptions.TemplateDoesNotExist: footer.html

The above exception was the direct cause of the following exception:

Traceback (most recent call last):
  File "C:\workspace\projet\backend\saleManagment\venv\lib\site-packages\django\core\handlers\exception.py", line 55, in inner
    response = get_response(request)
  File "C:\workspace\projet\backend\saleManagment\venv\lib\site-packages\django\core\handlers\base.py", line 197, in _get_response
    response = wrapped_callback(request, *callback_args, **callback_kwargs)
  File "C:\workspace\projet\backend\saleManagment\apps\views.py", line 2594, in login_view
    return render(request, 'login.html', {'form': form})
  File "C:\workspace\projet\backend\saleManagment\venv\lib\site-packages\django\shortcuts.py", line 24, in render
    content = loader.render_to_string(template_name, context, request, using=using)
  File "C:\workspace\projet\backend\saleManagment\venv\lib\site-packages\django\template\loader.py", line 62, in render_to_string
    return template.render(context, request)
  File "C:\workspace\projet\backend\saleManagment\venv\lib\site-packages\django\template\backends\django.py", line 63, in render
    reraise(exc, self.backend)
  File "C:\workspace\projet\backend\saleManagment\venv\lib\site-packages\django\template\backends\django.py", line 84, in reraise
    raise new from exc
django.template.exceptions.TemplateDoesNotExist: footer.html
ERROR 2025-11-25 20:18:13,984 basehttp "GET / HTTP/1.1" 500 148961
ERROR 2025-11-26 20:26:16,390 log Internal Server Error: /apps/admin
Traceback (most recent call last):
  File "C:\workspace\projet\backend\saleManagment\venv\lib\site-packages\django\template\backends\django.py", line 61, in render
    return self.template.render(context)
  File "C:\workspace\projet\backend\saleManagment\venv\lib\site-packages\django\template\base.py", line 171, in render
    return self._render(context)
  File "C:\workspace\projet\backend\saleManagment\venv\lib\site-packages\django\template\base.py", line 163, in _render
    return self.nodelist.render(context)
  File "C:\workspace\projet\backend\saleManagment\venv\lib\site-packages\django\template\base.py", line 1000, in render
    return SafeString("".join([node.render_annotated(context) for node in self]))
  File "C:\workspace\projet\backend\saleManagment\venv\lib\site-packages\django\template\base.py", line 1000, in <listcomp>
    return SafeString("".join([node.render_annotated(context) for node in self]))
  File "C:\workspace\projet\backend\saleManagment\venv\lib\site-packages\django\template\base.py", line 961, in render_annotated
    return self.render(context)
  File "C:\workspace\projet\backend\saleManagment\venv\lib\site-packages\django\template\loader_tags.py", line 134, in render
    compiled_parent = self.get_parent(context)
  File "C:\workspace\projet\backend\saleManagment\venv\lib\site-packages\django\template\loader_tags.py", line 131, in get_parent
    return self.find_template(parent, context)
  File "C:\workspace\projet\backend\saleManagment\venv\lib\site-packages\django\template\loader_tags.py", line 109, in find_template
    template, origin = context.template.engine.find_template(
  File "C:\workspace\projet\backend\saleManagment\venv\lib\site-packages\django\template\engine.py", line 161, in find_template
    raise TemplateDoesNotExist(name, tried=tried)
django.template.exceptions.TemplateDoesNotExist: base.html

The above exception was the direct cause of the following exception:

Traceback (most recent call last):
  File "C:\workspace\projet\backend\saleManagment\venv\lib\site-packages\django\core\handlers\exception.py", line 55, in inner
    response = get_response(request)
  File "C:\workspace\projet\backend\saleManagment\venv\lib\site-packages\django\core\handlers\base.py", line 197, in _get_response
    response = wrapped_callback(request, *callback_args, **callback_kwargs)
  File "C:\workspace\projet\backend\saleManagment\apps\views.py", line 2152, in admin
    return render(request,"admin.html")
  File "C:\workspace\projet\backend\saleManagment\venv\lib\site-packages\django\shortcuts.py", line 24, in render
    content = loader.render_to_string(template_name, context, request, using=using)
  File "C:\workspace\projet\backend\saleManagment\venv\lib\site-packages\django\template\loader.py", line 62, in render_to_string
    return template.render(context, request)
  File "C:\workspace\projet\backend\saleManagment\venv\lib\site-packages\django\template\backends\django.py", line 63, in render
    reraise(exc, self.backend)
  File "C:\workspace\projet\backend\saleManagment\venv\lib\site-packages\django\template\backends\django.py", line 84, in reraise
    raise new from exc
django.template.exceptions.TemplateDoesNotExist: base.html
ERROR 2025-11-26 20:26:16,418 basehttp "GET /apps/admin HTTP/1.1" 500 136089
ERROR 2025-11-26 21:30:08,470 log Internal Server Error: /apps/add_retour
Traceback (most recent call last):
  File "C:\workspace\projet\backend\saleManagment\venv\lib\site-packages\django\core\handlers\exception.py", line 55, in inner
    response = get_response(request)
  File "C:\workspace\projet\backend\saleManagment\venv\lib\site-packages\django\core\handlers\base.py", line 197, in _get_response
    response = wrapped_callback(request, *callback_args, **callback_kwargs)
  File "C:\workspace\projet\backend\saleManagment\apps\views.py", line 1075, in add_retour
    return render(request, 'addretour.html', {
  File "C:\workspace\projet\backend\saleManagment\venv\lib\site-packages\django\shortcuts.py", line 24, in render
    content = loader.render_to_string(template_name, context, request, using=using)
  File "C:\workspace\projet\backend\saleManagment\venv\lib\site-packages\django\template\loader.py", line 61, in render_to_string
    template = get_template(template_name, using=using)
  File "C:\workspace\projet\backend\saleManagment\venv\lib\site-packages\django\template\loader.py", line 15, in get_template
    return engine.get_template(template_name)
  File "C:\workspace\projet\backend\saleManagment\venv\lib\site-packages\django\template\backends\django.py", line 33, in get_template
    return Template(self.engine.get_template(template_name), self)
  File "C:\workspace\projet\backend\saleManagment\venv\lib\site-packages\django\template\engine.py", line 175, in get_template
    template, origin = self.find_template(template_name)
  File "C:\workspace\projet\backend\saleManagment\venv\lib\site-packages\django\template\engine.py", line 157, in find_template
    template = loader.get_template(name, skip=skip)
  File "C:\workspace\projet\backend\saleManagment\venv\lib\site-packages\django\template\loaders\cached.py", line 57, in get_template
    template = super().get_template(template_name, skip)
  File "C:\workspace\projet\backend\saleManagment\venv\lib\site-packages\django\template\loaders\base.py", line 28, in get_template
    return Template(
  File "C:\workspace\projet\backend\saleManagment\venv\lib\site-packages\django\template\base.py", line 154, in __init__
    self.nodelist = self.compile_nodelist()
  File "C:\workspace\projet\backend\saleManagment\venv\lib\site-packages\django\template\base.py", line 196, in compile_nodelist
    return parser.parse()
  File "C:\workspace\projet\backend\saleManagment\venv\lib\site-packages\django\template\base.py", line 510, in parse
    raise self.error(token, e)
  File "C:\workspace\projet\backend\saleManagment\venv\lib\site-packages\django\template\base.py", line 508, in parse
    compiled_result = compile_func(self, token)
  File "C:\workspace\projet\backend\saleManagment\venv\lib\site-packages\django\template\loader_tags.py", line 295, in do_extends
    nodelist = parser.parse()
  File "C:\workspace\projet\backend\saleManagment\venv\lib\site-packages\django\template\base.py", line 510, in parse
    raise self.error(token, e)
  File "C:\workspace\projet\backend\saleManagment\venv\lib\site-packages\django\template\base.py", line 508, in parse
    compiled_result = compile_func(self, token)
  File "C:\workspace\projet\backend\saleManagment\venv\lib\site-packages\django\template\loader_tags.py", line 234, in do_block
    nodelist = parser.parse(("endblock",))
  File "C:\workspace\projet\backend\saleManagment\venv\lib\site-packages\django\template\base.py", line 515, in parse
    self.unclosed_block_tag(parse_until)
  File "C:\workspace\projet\backend\saleManagment\venv\lib\site-packages\django\template\base.py", line 578, in unclosed_block_tag
    raise self.error(token, msg)
django.template.exceptions.TemplateSyntaxError: Unclosed tag on line 6: 'block'. Looking for one of: endblock.
ERROR 2025-11-26 21:30:08,491 basehttp "GET /apps/add_retour HTTP/1.1" 500 177837
ERROR 2025-11-26 21:39:24,822 log Internal Server Error: /apps/add_command/
Traceback (most recent call last):
  File "C:\workspace\projet\backend\saleManagment\venv\lib\site-packages\django\template\backends\django.py", line 61, in render
    return self.template.render(context)
  File "C:\workspace\projet\backend\saleManagment\venv\lib\site-packages\django\template\base.py", line 171, in render
    return self._render(context)
  File "C:\workspace\projet\backend\saleManagment\venv\lib\site-packages\django\template\base.py", line 163, in _render
    return self.nodelist.render(context)
  File "C:\workspace\projet\backend\saleManagment\venv\lib\site-packages\django\template\base.py", line 1000, in render
    return SafeString("".join([node.render_annotated(context) for node in self]))
  File "C:\workspace\projet\backend\saleManagment\venv\lib\site-packages\django\template\base.py", line 1000, in <listcomp>
    return SafeString("".join([node.render_annotated(context) for node in self]))
  File "C:\workspace\projet\backend\saleManagment\venv\lib\site-packages\django\template\base.py", line 961, in render_annotated
    return self.render(context)
  File "C:\workspace\projet\backend\saleManagment\venv\lib\site-packages\django\template\loader_tags.py", line 134, in render
    compiled_parent = self.get_parent(context)
  File "C:\workspace\projet\backend\saleManagment\venv\lib\site-packages\django\template\loader_tags.py", line 131, in get_parent
    return self.find_template(parent, context)
  File "C:\workspace\projet\backend\saleManagment\venv\lib\site-packages\django\template\loader_tags.py", line 109, in find_template
    template, origin = context.template.engine.find_template(
  File "C:\workspace\projet\backend\saleManagment\venv\lib\site-packages\django\template\engine.py", line 161, in find_template
    raise TemplateDoesNotExist(name, tried=tried)
django.template.exceptions.TemplateDoesNotExist: base.html

The above exception was the direct cause of the following exception:

Traceback (most recent call last):
  File "C:\workspace\projet\backend\saleManagment\venv\lib\site-packages\django\core\handlers\exception.py", line 55, in inner
    response = get_response(request)
  File "C:\workspace\projet\backend\saleManagment\venv\lib\site-packages\django\core\handlers\base.py", line 197, in _get_response
    response = wrapped_callback(request, *callback_args, **callback_kwargs)
  File "C:\workspace\projet\backend\saleManagment\apps\views.py", line 2362, in add_command
    return render(request, "add_command.html", {
  File "C:\workspace\projet\backend\saleManagment\venv\lib\site-packages\django\shortcuts.py", line 24, in render
    content = loader.render_to_string(template_name, context, request, using=using)
  File "C:\workspace\projet\backend\saleManagment\venv\lib\site-packages\django\template\loader.py", line 62, in render_to_string
    return template.render(context, request)
  File "C:\workspace\projet\backend\saleManagment\venv\lib\site-packages\django\template\backends\django.py", line 63, in render
    reraise(exc, self.backend)
  File "C:\workspace\projet\backend\saleManagment\venv\lib\site-packages\django\template\backends\django.py", line 84, in reraise
    raise new from exc
django.template.exceptions.TemplateDoesNotExist: base.html
ERROR 2025-11-26 21:39:24,834 basehttp "GET /apps/add_command/ HTTP/1.1" 500 141813
ERROR 2025-11-26 21:52:09,584 log Internal Server Error: /apps/add_delivery/
Traceback (most recent call last):
  File "C:\workspace\projet\backend\saleManagment\venv\lib\site-packages\django\template\backends\django.py", line 61, in render
    return self.template.render(context)
  File "C:\workspace\projet\backend\saleManagment\venv\lib\site-packages\django\template\base.py", line 171, in render
    return self._render(context)
  File "C:\workspace\projet\backend\saleManagment\venv\lib\site-packages\django\template\base.py", line 163, in _render
    return self.nodelist.render(context)
  File "C:\workspace\projet\backend\saleManagment\venv\lib\site-packages\django\template\base.py", line 1000, in render
    return SafeString("".join([node.render_annotated(context) for node in self]))
  File "C:\workspace\projet\backend\saleManagment\venv\lib\site-packages\django\template\base.py", line 1000, in <listcomp>
    return SafeString("".join([node.render_annotated(context) for node in self]))
  File "C:\workspace\projet\backend\saleManagment\venv\lib\site-packages\django\template\base.py", line 961, in render_annotated
    return self.render(context)
  File "C:\workspace\projet\backend\saleManagment\venv\lib\site-packages\django\template\loader_tags.py", line 134, in render
    compiled_parent = self.get_parent(context)
  File "C:\workspace\projet\backend\saleManagment\venv\lib\site-packages\django\template\loader_tags.py", line 131, in get_parent
    return self.find_template(parent, context)
  File "C:\workspace\projet\backend\saleManagment\venv\lib\site-packages\django\template\loader_tags.py", line 109, in find_template
    template, origin = context.template.engine.find_template(
  File "C:\workspace\projet\backend\saleManagment\venv\lib\site-packages\django\template\engine.py", line 161, in find_template
    raise TemplateDoesNotExist(name, tried=tried)
django.template.exceptions.TemplateDoesNotExist: base.html

The above exception was the direct cause of the following exception:

Traceback (most recent call last):
  File "C:\workspace\projet\backend\saleManagment\venv\lib\site-packages\django\core\handlers\exception.py", line 55, in inner
    response = get_response(request)
  File "C:\workspace\projet\backend\saleManagment\venv\lib\site-packages\django\core\handlers\base.py", line 197, in _get_response
    response = wrapped_callback(request, *callback_args, **callback_kwargs)
  File "C:\workspace\projet\backend\saleManagment\apps\views.py", line 2267, in add_delivery
    return render(request, 'add_delivery.html', {'Livreurss': Livreurss})
  File "C:\workspace\projet\backend\saleManagment\venv\lib\site-packages\django\shortcuts.py", line 24, in render
    content = loader.render_to_string(template_name, context, request, using=using)
  File "C:\workspace\projet\backend\saleManagment\venv\lib\site-packages\django\template\loader.py", line 62, in render_to_string
    return template.render(context, request)
  File "C:\workspace\projet\backend\saleManagment\venv\lib\site-packages\django\template\backends\django.py", line 63, in render
    reraise(exc, self.backend)
  File "C:\workspace\projet\backend\saleManagment\venv\lib\site-packages\django\template\backends\django.py", line 84, in reraise
    raise new from exc
django.template.exceptions.TemplateDoesNotExist: base.html
ERROR 2025-11-26 21:52:09,595 basehttp "GET /apps/add_delivery/ HTTP/1.1" 500 136854
ERROR 2025-11-27 21:04:09,238 log Internal Server Error: /apps/get_all_factures
Traceback (most recent call last):
  File "C:\workspace\projet\backend\saleManagment\venv\lib\site-packages\django\template\backends\django.py", line 61, in render
    return self.template.render(context)
  File "C:\workspace\projet\backend\saleManagment\venv\lib\site-packages\django\template\base.py", line 171, in render
    return self._render(context)
  File "C:\workspace\projet\backend\saleManagment\venv\lib\site-packages\django\template\base.py", line 163, in _render
    return self.nodelist.render(context)
  File "C:\workspace\projet\backend\saleManagment\venv\lib\site-packages\django\template\base.py", line 1000, in render
    return SafeString("".join([node.render_annotated(context) for node in self]))
  File "C:\workspace\projet\backend\saleManagment\venv\lib\site-packages\django\template\base.py", line 1000, in <listcomp>
    return SafeString("".join([node.render_annotated(context) for node in self]))
  File "C:\workspace\projet\backend\saleManagment\venv\lib\site-packages\django\template\base.py", line 961, in render_annotated
    return self.render(context)
  File "C:\workspace\projet\backend\saleManagment\venv\lib\site-packages\django\template\loader_tags.py", line 134, in render
    compiled_parent = self.get_parent(context)
  File "C:\workspace\projet\backend\saleManagment\venv\lib\site-packages\django\template\loader_tags.py", line 131, in get_parent
    return self.find_template(parent, context)
  File "C:\workspace\projet\backend\saleManagment\venv\lib\site-packages\django\template\loader_tags.py", line 109, in find_template
    template, origin = context.template.engine.find_template(
  File "C:\workspace\projet\backend\saleManagment\venv\lib\site-packages\django\template\engine.py", line 161, in find_template
    raise TemplateDoesNotExist(name, tried=tried)
django.template.exceptions.TemplateDoesNotExist: base_table.html

The above exception was the direct cause of the following exception:

Traceback (most recent call last):
  File "C:\workspace\projet\backend\saleManagment\venv\lib\site-packages\django\core\handlers\exception.py", line 55, in inner
    response = get_response(request)
  File "C:\workspace\projet\backend\saleManagment\venv\lib\site-packages\django\core\handlers\base.py", line 197, in _get_response
    response = wrapped_callback(request, *callback_args, **callback_kwargs)
  File "C:\workspace\projet\backend\saleManagment\apps\views.py", line 1650, in get_all_factures
    return render(request, 'allfacture.html', {'factures': factures})
  File "C:\workspace\projet\backend\saleManagment\venv\lib\site-packages\django\shortcuts.py", line 24, in render
    content = loader.render_to_string(template_name, context, request, using=using)
  File "C:\workspace\projet\backend\saleManagment\venv\lib\site-packages\django\template\loader.py", line 62, in render_to_string
    return template.render(context, request)
  File "C:\workspace\projet\backend\saleManagment\venv\lib\site-packages\django\template\backends\django.py", line 63, in render
    reraise(exc, self.backend)
  File "C:\workspace\projet\backend\saleManagment\venv\lib\site-packages\django\template\backends\django.py", line 84, in reraise
    raise new from exc
django.template.exceptions.TemplateDoesNotExist: base_table.html
ERROR 2025-11-27 21:04:09,269 basehttp "GET /apps/get_all_factures HTTP/1.1" 500 137472
ERROR 2025-11-27 21:07:59,159 log Internal Server Error: /apps/get_all_factures
Traceback (most recent call last):
  File "C:\workspace\projet\backend\saleManagment\venv\lib\site-packages\django\template\backends\django.py", line 61, in render
    return self.template.render(context)
  File "C:\workspace\projet\backend\saleManagment\venv\lib\site-packages\django\template\base.py", line 171, in render
    return self._render(context)
  File "C:\workspace\projet\backend\saleManagment\venv\lib\site-packages\django\template\base.py", line 163, in _render
    return self.nodelist.render(context)
  File "C:\workspace\projet\backend\saleManagment\venv\lib\site-packages\django\template\base.py", line 1000, in render
    return SafeString("".join([node.render_annotated(context) for node in self]))
  File "C:\workspace\projet\backend\saleManagment\venv\lib\site-packages\django\template\base.py", line 1000, in <listcomp>
    return SafeString("".join([node.render_annotated(context) for node in self]))
  File "C:\workspace\projet\backend\saleManagment\venv\lib\site-packages\django\template\base.py", line 961, in render_annotated
    return self.render(context)
  File "C:\workspace\projet\backend\saleManagment\venv\lib\site-packages\django\template\loader_tags.py", line 134, in render
    compiled_parent = self.get_parent(context)
  File "C:\workspace\projet\backend\saleManagment\venv\lib\site-packages\django\template\loader_tags.py", line 131, in get_parent
    return self.find_template(parent, context)
  File "C:\workspace\projet\backend\saleManagment\venv\lib\site-packages\django\template\loader_tags.py", line 109, in find_template
    template, origin = context.template.engine.find_template(
  File "C:\workspace\projet\backend\saleManagment\venv\lib\site-packages\django\template\engine.py", line 161, in find_template
    raise TemplateDoesNotExist(name, tried=tried)
django.template.exceptions.TemplateDoesNotExist: base_table.html

The above exception was the direct cause of the following exception:

Traceback (most recent call last):
  File "C:\workspace\projet\backend\saleManagment\venv\lib\site-packages\django\core\handlers\exception.py", line 55, in inner
    response = get_response(request)
  File "C:\workspace\projet\backend\saleManagment\venv\lib\site-packages\django\core\handlers\base.py", line 197, in _get_response
    response = wrapped_callback(request, *callback_args, **callback_kwargs)
  File "C:\workspace\projet\backend\saleManagment\apps\views.py", line 1650, in get_all_factures
    return render(request, 'allfacture.html', {'factures': factures})
  File "C:\workspace\projet\backend\saleManagment\venv\lib\site-packages\django\shortcuts.py", line 24, in render
    content = loader.render_to_string(template_name, context, request, using=using)
  File "C:\workspace\projet\backend\saleManagment\venv\lib\site-packages\django\template\loader.py", line 62, in render_to_string
    return template.render(context, request)
  File "C:\workspace\projet\backend\saleManagment\venv\lib\site-packages\django\template\backends\django.py", line 63, in render
    reraise(exc, self.backend)
  File "C:\workspace\projet\backend\saleManagment\venv\lib\site-packages\django\template\backends\django.py", line 84, in reraise
    raise new from exc
django.template.exceptions.TemplateDoesNotExist: base_table.html
ERROR 2025-11-27 21:07:59,175 basehttp "GET /apps/get_all_factures HTTP/1.1" 500 137846
ERROR 2025-11-27 21:45:39,112 log Internal Server Error: /apps/allcustomers/
Traceback (most recent call last):
  File "C:\workspace\projet\backend\saleManagment\venv\lib\site-packages\django\core\handlers\exception.py", line 55, in inner
    response = get_response(request)
  File "C:\workspace\projet\backend\saleManagment\venv\lib\site-packages\django\core\handlers\base.py", line 197, in _get_response
    response = wrapped_callback(request, *callback_args, **callback_kwargs)
  File "C:\workspace\projet\backend\saleManagment\apps\views.py", line 965, in allcustomers
    return render(request, 'allcustomers.html', {'customers': customers})
  File "C:\workspace\projet\backend\saleManagment\venv\lib\site-packages\django\shortcuts.py", line 24, in render
    content = loader.render_to_string(template_name, context, request, using=using)
  File "C:\workspace\projet\backend\saleManagment\venv\lib\site-packages\django\template\loader.py", line 61, in render_to_string
    template = get_template(template_name, using=using)
  File "C:\workspace\projet\backend\saleManagment\venv\lib\site-packages\django\template\loader.py", line 15, in get_template
    return engine.get_template(template_name)
  File "C:\workspace\projet\backend\saleManagment\venv\lib\site-packages\django\template\backends\django.py", line 33, in get_template
    return Template(self.engine.get_template(template_name), self)
  File "C:\workspace\projet\backend\saleManagment\venv\lib\site-packages\django\template\engine.py", line 175, in get_template
    template, origin = self.find_template(template_name)
  File "C:\workspace\projet\backend\saleManagment\venv\lib\site-packages\django\template\engine.py", line 157, in find_template
    template = loader.get_template(name, skip=skip)
  File "C:\workspace\projet\backend\saleManagment\venv\lib\site-packages\django\template\loaders\cached.py", line 57, in get_template
    template = super().get_template(template_name, skip)
  File "C:\workspace\projet\backend\saleManagment\venv\lib\site-packages\django\template\loaders\base.py", line 28, in get_template
    return Template(
  File "C:\workspace\projet\backend\saleManagment\venv\lib\site-packages\django\template\base.py", line 154, in __init__
    self.nodelist = self.compile_nodelist()
  File "C:\workspace\projet\backend\saleManagment\venv\lib\site-packages\django\template\base.py", line 196, in compile_nodelist
    return parser.parse()
  File "C:\workspace\projet\backend\saleManagment\venv\lib\site-packages\django\template\base.py", line 510, in parse
    raise self.error(token, e)
  File "C:\workspace\projet\backend\saleManagment\venv\lib\site-packages\django\template\base.py", line 508, in parse
    compiled_result = compile_func(self, token)
  File "C:\workspace\projet\backend\saleManagment\venv\lib\site-packages\django\template\loader_tags.py", line 295, in do_extends
    nodelist = parser.parse()
  File "C:\workspace\projet\backend\saleManagment\venv\lib\site-packages\django\template\base.py", line 510, in parse
    raise self.error(token, e)
  File "C:\workspace\projet\backend\saleManagment\venv\lib\site-packages\django\template\base.py", line 508, in parse
    compiled_result = compile_func(self, token)
  File "C:\workspace\projet\backend\saleManagment\venv\lib\site-packages\django\template\loader_tags.py", line 234, in do_block
    nodelist = parser.parse(("endblock",))
  File "C:\workspace\projet\backend\saleManagment\venv\lib\site-packages\django\template\base.py", line 515, in parse
    self.unclosed_block_tag(parse_until)
  File "C:\workspace\projet\backend\saleManagment\venv\lib\site-packages\django\template\base.py", line 578, in unclosed_block_tag
    raise self.error(token, msg)
django.template.exceptions.TemplateSyntaxError: Unclosed tag on line 5: 'block'. Looking for one of: endblock.
ERROR 2025-11-27 21:45:39,129 basehttp "GET /apps/allcustomers/ HTTP/1.1" 500 172111
ERROR 2025-11-28 21:09:30,333 log Internal Server Error: /apps/allproducts.html
Traceback (most recent call last):
  File "C:\workspace\projet\backend\saleManagment\venv\lib\site-packages\django\template\base.py", line 502, in parse
    compile_func = self.tags[command]
KeyError: 'endfor'

During handling of the above exception, another exception occurred:

Traceback (most recent call last):
  File "C:\workspace\projet\backend\saleManagment\venv\lib\site-packages\django\core\handlers\exception.py", line 55, in inner
    response = get_response(request)
  File "C:\workspace\projet\backend\saleManagment\venv\lib\site-packages\django\core\handlers\base.py", line 197, in _get_response
    response = wrapped_callback(request, *callback_args, **callback_kwargs)
  File "C:\workspace\projet\backend\saleManagment\apps\views.py", line 1363, in all_items
    return render(request, 'allproducts.html', {'items': items, 'itemvariants': itemvariants})
  File "C:\workspace\projet\backend\saleManagment\venv\lib\site-packages\django\shortcuts.py", line 24, in render
    content = loader.render_to_string(template_name, context, request, using=using)
  File "C:\workspace\projet\backend\saleManagment\venv\lib\site-packages\django\template\loader.py", line 61, in render_to_string
    template = get_template(template_name, using=using)
  File "C:\workspace\projet\backend\saleManagment\venv\lib\site-packages\django\template\loader.py", line 15, in get_template
    return engine.get_template(template_name)
  File "C:\workspace\projet\backend\saleManagment\venv\lib\site-packages\django\template\backends\django.py", line 33, in get_template
    return Template(self.engine.get_template(template_name), self)
  File "C:\workspace\projet\backend\saleManagment\venv\lib\site-packages\django\template\engine.py", line 175, in get_template
    template, origin = self.find_template(template_name)
  File "C:\workspace\projet\backend\saleManagment\venv\lib\site-packages\django\template\engine.py", line 157, in find_template
    template = loader.get_template(name, skip=skip)
  File "C:\workspace\projet\backend\saleManagment\venv\lib\site-packages\django\template\loaders\cached.py", line 57, in get_template
    template = super().get_template(template_name, skip)
  File "C:\workspace\projet\backend\saleManagment\venv\lib\site-packages\django\template\loaders\base.py", line 28, in get_template
    return Template(
  File "C:\workspace\projet\backend\saleManagment\venv\lib\site-packages\django\template\base.py", line 154, in __init__
    self.nodelist = self.compile_nodelist()
  File "C:\workspace\projet\backend\saleManagment\venv\lib\site-packages\django\template\base.py", line 196, in compile_nodelist
    return parser.parse()
  File "C:\workspace\projet\backend\saleManagment\venv\lib\site-packages\django\template\base.py", line 510, in parse
    raise self.error(token, e)
  File "C:\workspace\projet\backend\saleManagment\venv\lib\site-packages\django\template\base.py", line 508, in parse
    compiled_result = compile_func(self, token)
  File "C:\workspace\projet\backend\saleManagment\venv\lib\site-packages\django\template\loader_tags.py", line 295, in do_extends
    nodelist = parser.parse()
  File "C:\workspace\projet\backend\saleManagment\venv\lib\site-packages\django\template\base.py", line 510, in parse
    raise self.error(token, e)
  File "C:\workspace\projet\backend\saleManagment\venv\lib\site-packages\django\template\base.py", line 508, in parse
    compiled_result = compile_func(self, token)
  File "C:\workspace\projet\backend\saleManagment\venv\lib\site-packages\django\template\loader_tags.py", line 234, in do_block
    nodelist = parser.parse(("endblock",))
  File "C:\workspace\projet\backend\saleManagment\venv\lib\site-packages\django\template\base.py", line 504, in parse
    self.invalid_block_tag(token, command, parse_until)
  File "C:\workspace\projet\backend\saleManagment\venv\lib\site-packages\django\template\base.py", line 555, in invalid_block_tag
    raise self.error(
django.template.exceptions.TemplateSyntaxError: Invalid block tag on line 41: 'endfor', expected 'endblock'. Did you forget to register or load this tag?
ERROR 2025-11-28 21:09:30,366 basehttp "GET /apps/allproducts.html HTTP/1.1" 500 181652
ERROR 2025-11-28 21:13:41,396 log Internal Server Error: /apps/allproducts.html
Traceback (most recent call last):
  File "C:\workspace\projet\backend\saleManagment\venv\lib\site-packages\django\core\handlers\exception.py", line 55, in inner
    response = get_response(request)
  File "C:\workspace\projet\backend\saleManagment\venv\lib\site-packages\django\core\handlers\base.py", line 197, in _get_response
    response = wrapped_callback(request, *callback_args, **callback_kwargs)
  File "C:\workspace\projet\backend\saleManagment\apps\views.py", line 1363, in all_items
    return render(request, 'allproducts.html', {'items': items, 'itemvariants': itemvariants})
  File "C:\workspace\projet\backend\saleManagment\venv\lib\site-packages\django\shortcuts.py", line 24, in render
    content = loader.render_to_string(template_name, context, request, using=using)
  File "C:\workspace\projet\backend\saleManagment\venv\lib\site-packages\django\template\loader.py", line 62, in render_to_string
    return template.render(context, request)
  File "C:\workspace\projet\backend\saleManagment\venv\lib\site-packages\django\template\backends\django.py", line 61, in render
    return self.template.render(context)
  File "C:\workspace\projet\backend\saleManagment\venv\lib\site-packages\django\template\base.py", line 171, in render
    return self._render(context)
  File "C:\workspace\projet\backend\saleManagment\venv\lib\site-packages\django\template\base.py", line 163, in _render
    return self.nodelist.render(context)
  File "C:\workspace\projet\backend\saleManagment\venv\lib\site-packages\django\template\base.py", line 1000, in render
    return SafeString("".join([node.render_annotated(context) for node in self]))
  File "C:\workspace\projet\backend\saleManagment\venv\lib\site-packages\django\template\base.py", line 1000, in <listcomp>
    return SafeString("".join([node.render_annotated(context) for node in self]))
  File "C:\workspace\projet\backend\saleManagment\venv\lib\site-packages\django\template\base.py", line 961, in render_annotated
    return self.render(context)
  File "C:\workspace\projet\backend\saleManagment\venv\lib\site-packages\django\template\loader_tags.py", line 159, in render
    return compiled_parent._render(context)
  File "C:\workspace\projet\backend\saleManagment\venv\lib\site-packages\django\template\base.py", line 163, in _render
    return self.nodelist.render(context)
  File "C:\workspace\projet\backend\saleManagment\venv\lib\site-packages\django\template\base.py", line 1000, in render
    return SafeString("".join([node.render_annotated(context) for node in self]))
  File "C:\workspace\projet\backend\saleManagment\venv\lib\site-packages\django\template\base.py", line 1000, in <listcomp>
    return SafeString("".join([node.render_annotated(context) for node in self]))
  File "C:\workspace\projet\backend\saleManagment\venv\lib\site-packages\django\template\base.py", line 961, in render_annotated
    return self.render(context)
  File "C:\workspace\projet\backend\saleManagment\venv\lib\site-packages\django\template\loader_tags.py", line 65, in render
    result = block.nodelist.render(context)
  File "C:\workspace\projet\backend\saleManagment\venv\lib\site-packages\django\template\base.py", line 1000, in render
    return SafeString("".join([node.render_annotated(context) for node in self]))
  File "C:\workspace\projet\backend\saleManagment\venv\lib\site-packages\django\template\base.py", line 1000, in <listcomp>
    return SafeString("".join([node.render_annotated(context) for node in self]))
  File "C:\workspace\projet\backend\saleManagment\venv\lib\site-packages\django\template\base.py", line 961, in render_annotated
    return self.render(context)
  File "C:\workspace\projet\backend\saleManagment\venv\lib\site-packages\django\template\defaulttags.py", line 241, in render
    nodelist.append(node.render_annotated(context))
  File "C:\workspace\projet\backend\saleManagment\venv\lib\site-packages\django\template\base.py", line 961, in render_annotated
    return self.render(context)
  File "C:\workspace\projet\backend\saleManagment\venv\lib\site-packages\django\template\defaulttags.py", line 478, in render
    url = reverse(view_name, args=args, kwargs=kwargs, current_app=current_app)
  File "C:\workspace\projet\backend\saleManagment\venv\lib\site-packages\django\urls\base.py", line 88, in reverse
    return resolver._reverse_with_prefix(view, prefix, *args, **kwargs)
  File "C:\workspace\projet\backend\saleManagment\venv\lib\site-packages\django\urls\resolvers.py", line 848, in _reverse_with_prefix
    raise NoReverseMatch(msg)
django.urls.exceptions.NoReverseMatch: Reverse for 'deleteproduct' not found. 'deleteproduct' is not a valid view function or pattern name.
ERROR 2025-11-28 21:13:41,412 basehttp "GET /apps/allproducts.html HTTP/1.1" 500 180826
ERROR 2025-11-28 21:14:19,765 log Internal Server Error: /apps/allproducts.html
Traceback (most recent call last):
  File "C:\workspace\projet\backend\saleManagment\venv\lib\site-packages\django\core\handlers\exception.py", line 55, in inner
    response = get_response(request)
  File "C:\workspace\projet\backend\saleManagment\venv\lib\site-packages\django\core\handlers\base.py", line 197, in _get_response
    response = wrapped_callback(request, *callback_args, **callback_kwargs)
  File "C:\workspace\projet\backend\saleManagment\apps\views.py", line 1363, in all_items
    return render(request, 'allproducts.html', {'items': items, 'itemvariants': itemvariants})
  File "C:\workspace\projet\backend\saleManagment\venv\lib\site-packages\django\shortcuts.py", line 24, in render
    content = loader.render_to_string(template_name, context, request, using=using)
  File "C:\workspace\projet\backend\saleManagment\venv\lib\site-packages\django\template\loader.py", line 62, in render_to_string
    return template.render(context, request)
  File "C:\workspace\projet\backend\saleManagment\venv\lib\site-packages\django\template\backends\django.py", line 61, in render
    return self.template.render(context)
  File "C:\workspace\projet\backend\saleManagment\venv\lib\site-packages\django\template\base.py", line 171, in render
    return self._render(context)
  File "C:\workspace\projet\backend\saleManagment\venv\lib\site-packages\django\template\base.py", line 163, in _render
    return self.nodelist.render(context)
  File "C:\workspace\projet\backend\saleManagment\venv\lib\site-packages\django\template\base.py", line 1000, in render
    return SafeString("".join([node.render_annotated(context) for node in self]))
  File "C:\workspace\projet\backend\saleManagment\venv\lib\site-packages\django\template\base.py", line 1000, in <listcomp>
    return SafeString("".join([node.render_annotated(context) for node in self]))
  File "C:\workspace\projet\backend\saleManagment\venv\lib\site-packages\django\template\base.py", line 961, in render_annotated
    return self.render(context)
  File "C:\workspace\projet\backend\saleManagment\venv\lib\site-packages\django\template\loader_tags.py", line 159, in render
    return compiled_parent._render(context)
  File "C:\workspace\projet\backend\saleManagment\venv\lib\site-packages\django\template\base.py", line 163, in _render
    return self.nodelist.render(context)
  File "C:\workspace\projet\backend\saleManagment\venv\lib\site-packages\django\template\base.py", line 1000, in render
    return SafeString("".join([node.render_annotated(context) for node in self]))
  File "C:\workspace\projet\backend\saleManagment\venv\lib\site-packages\django\template\base.py", line 1000, in <listcomp>
    return SafeString("".join([node.render_annotated(context) for node in self]))
  File "C:\workspace\projet\backend\saleManagment\venv\lib\site-packages\django\template\base.py", line 961, in render_annotated
    return self.render(context)
  File "C:\workspace\projet\backend\saleManagment\venv\lib\site-packages\django\template\loader_tags.py", line 65, in render
    result = block.nodelist.render(context)
  File "C:\workspace\projet\backend\saleManagment\venv\lib\site-packages\django\template\base.py", line 1000, in render
    return SafeString("".join([node.render_annotated(context) for node in self]))
  File "C:\workspace\projet\backend\saleManagment\venv\lib\site-packages\django\template\base.py", line 1000, in <listcomp>
    return SafeString("".join([node.render_annotated(context) for node in self]))
  File "C:\workspace\projet\backend\saleManagment\venv\lib\site-packages\django\template\base.py", line 961, in render_annotated
    return self.render(context)
  File "C:\workspace\projet\backend\saleManagment\venv\lib\site-packages\django\template\defaulttags.py", line 241, in render
    nodelist.append(node.render_annotated(context))
  File "C:\workspace\projet\backend\saleManagment\venv\lib\site-packages\django\template\base.py", line 961, in render_annotated
    return self.render(context)
  File "C:\workspace\projet\backend\saleManagment\venv\lib\site-packages\django\template\defaulttags.py", line 478, in render
    url = reverse(view_name, args=args, kwargs=kwargs, current_app=current_app)
  File "C:\workspace\projet\backend\saleManagment\venv\lib\site-packages\django\urls\base.py", line 88, in reverse
    return resolver._reverse_with_prefix(view, prefix, *args, **kwargs)
  File "C:\workspace\projet\backend\saleManagment\venv\lib\site-packages\django\urls\resolvers.py", line 848, in _reverse_with_prefix
    raise NoReverseMatch(msg)
django.urls.exceptions.NoReverseMatch: Reverse for 'deleteproduct' not found. 'deleteproduct' is not a valid view function or pattern name.
ERROR 2025-11-28 21:14:19,790 basehttp "GET /apps/allproducts.html HTTP/1.1" 500 180826
ERROR 2025-11-28 21:15:22,476 log Internal Server Error: /apps/allproducts.html
Traceback (most recent call last):
  File "C:\workspace\projet\backend\saleManagment\venv\lib\site-packages\django\core\handlers\exception.py", line 55, in inner
    response = get_response(request)
  File "C:\workspace\projet\backend\saleManagment\venv\lib\site-packages\django\core\handlers\base.py", line 197, in _get_response
    response = wrapped_callback(request, *callback_args, **callback_kwargs)
  File "C:\workspace\projet\backend\saleManagment\apps\views.py", line 1363, in all_items
    return render(request, 'allproducts.html', {'items': items, 'itemvariants': itemvariants})
  File "C:\workspace\projet\backend\saleManagment\venv\lib\site-packages\django\shortcuts.py", line 24, in render
    content = loader.render_to_string(template_name, context, request, using=using)
  File "C:\workspace\projet\backend\saleManagment\venv\lib\site-packages\django\template\loader.py", line 62, in render_to_string
    return template.render(context, request)
  File "C:\workspace\projet\backend\saleManagment\venv\lib\site-packages\django\template\backends\django.py", line 61, in render
    return self.template.render(context)
  File "C:\workspace\projet\backend\saleManagment\venv\lib\site-packages\django\template\base.py", line 171, in render
    return self._render(context)
  File "C:\workspace\projet\backend\saleManagment\venv\lib\site-packages\django\template\base.py", line 163, in _render
    return self.nodelist.render(context)
  File "C:\workspace\projet\backend\saleManagment\venv\lib\site-packages\django\template\base.py", line 1000, in render
    return SafeString("".join([node.render_annotated(context) for node in self]))
  File "C:\workspace\projet\backend\saleManagment\venv\lib\site-packages\django\template\base.py", line 1000, in <listcomp>
    return SafeString("".join([node.render_annotated(context) for node in self]))
  File "C:\workspace\projet\backend\saleManagment\venv\lib\site-packages\django\template\base.py", line 961, in render_annotated
    return self.render(context)
  File "C:\workspace\projet\backend\saleManagment\venv\lib\site-packages\django\template\loader_tags.py", line 159, in render
    return compiled_parent._render(context)
  File "C:\workspace\projet\backend\saleManagment\venv\lib\site-packages\django\template\base.py", line 163, in _render
    return self.nodelist.render(context)
  File "C:\workspace\projet\backend\saleManagment\venv\lib\site-packages\django\template\base.py", line 1000, in render
    return SafeString("".join([node.render_annotated(context) for node in self]))
  File "C:\workspace\projet\backend\saleManagment\venv\lib\site-packages\django\template\base.py", line 1000, in <listcomp>
    return SafeString("".join([node.render_annotated(context) for node in self]))
  File "C:\workspace\projet\backend\saleManagment\venv\lib\site-packages\django\template\base.py", line 961, in render_annotated
    return self.render(context)
  File "C:\workspace\projet\backend\saleManagment\venv\lib\site-packages\django\template\loader_tags.py", line 65, in render
    result = block.nodelist.render(context)
  File "C:\workspace\projet\backend\saleManagment\venv\lib\site-packages\django\template\base.py", line 1000, in render
    return SafeString("".join([node.render_annotated(context) for node in self]))
  File "C:\workspace\projet\backend\saleManagment\venv\lib\site-packages\django\template\base.py", line 1000, in <listcomp>
    return SafeString("".join([node.render_annotated(context) for node in self]))
  File "C:\workspace\projet\backend\saleManagment\venv\lib\site-packages\django\template\base.py", line 961, in render_annotated
    return self.render(context)
  File "C:\workspace\projet\backend\saleManagment\venv\lib\site-packages\django\template\defaulttags.py", line 241, in render
    nodelist.append(node.render_annotated(context))
  File "C:\workspace\projet\backend\saleManagment\venv\lib\site-packages\django\template\base.py", line 961, in render_annotated
    return self.render(context)
  File "C:\workspace\projet\backend\saleManagment\venv\lib\site-packages\django\template\defaulttags.py", line 478, in render
    url = reverse(view_name, args=args, kwargs=kwargs, current_app=current_app)
  File "C:\workspace\projet\backend\saleManagment\venv\lib\site-packages\django\urls\base.py", line 88, in reverse
    return resolver._reverse_with_prefix(view, prefix, *args, **kwargs)
  File "C:\workspace\projet\backend\saleManagment\venv\lib\site-packages\django\urls\resolvers.py", line 848, in _reverse_with_prefix
    raise NoReverseMatch(msg)
django.urls.exceptions.NoReverseMatch: Reverse for 'product_delete' with no arguments not found. 1 pattern(s) tried: ['apps/product_delete/(?P<item_id>[0-9]+)/\\Z']
ERROR 2025-11-28 21:15:22,496 basehttp "GET /apps/allproducts.html HTTP/1.1" 500 182770
ERROR 2025-11-28 21:15:24,264 log Internal Server Error: /apps/allproducts.html
Traceback (most recent call last):
  File "C:\workspace\projet\backend\saleManagment\venv\lib\site-packages\django\core\handlers\exception.py", line 55, in inner
    response = get_response(request)
  File "C:\workspace\projet\backend\saleManagment\venv\lib\site-packages\django\core\handlers\base.py", line 197, in _get_response
    response = wrapped_callback(request, *callback_args, **callback_kwargs)
  File "C:\workspace\projet\backend\saleManagment\apps\views.py", line 1363, in all_items
    return render(request, 'allproducts.html', {'items': items, 'itemvariants': itemvariants})
  File "C:\workspace\projet\backend\saleManagment\venv\lib\site-packages\django\shortcuts.py", line 24, in render
    content = loader.render_to_string(template_name, context, request, using=using)
  File "C:\workspace\projet\backend\saleManagment\venv\lib\site-packages\django\template\loader.py", line 62, in render_to_string
    return template.render(context, request)
  File "C:\workspace\projet\backend\saleManagment\venv\lib\site-packages\django\template\backends\django.py", line 61, in render
    return self.template.render(context)
  File "C:\workspace\projet\backend\saleManagment\venv\lib\site-packages\django\template\base.py", line 171, in render
    return self._render(context)
  File "C:\workspace\projet\backend\saleManagment\venv\lib\site-packages\django\template\base.py", line 163, in _render
    return self.nodelist.render(context)
  File "C:\workspace\projet\backend\saleManagment\venv\lib\site-packages\django\template\base.py", line 1000, in render
    return SafeString("".join([node.render_annotated(context) for node in self]))
  File "C:\workspace\projet\backend\saleManagment\venv\lib\site-packages\django\template\base.py", line 1000, in <listcomp>
    return SafeString("".join([node.render_annotated(context) for node in self]))
  File "C:\workspace\projet\backend\saleManagment\venv\lib\site-packages\django\template\base.py", line 961, in render_annotated
    return self.render(context)
  File "C:\workspace\projet\backend\saleManagment\venv\lib\site-packages\django\template\loader_tags.py", line 159, in render
    return compiled_parent._render(context)
  File "C:\workspace\projet\backend\saleManagment\venv\lib\site-packages\django\template\base.py", line 163, in _render
    return self.nodelist.render(context)
  File "C:\workspace\projet\backend\saleManagment\venv\lib\site-packages\django\template\base.py", line 1000, in render
    return SafeString("".join([node.render_annotated(context) for node in self]))
  File "C:\workspace\projet\backend\saleManagment\venv\lib\site-packages\django\template\base.py", line 1000, in <listcomp>
    return SafeString("".join([node.render_annotated(context) for node in self]))
  File "C:\workspace\projet\backend\saleManagment\venv\lib\site-packages\django\template\base.py", line 961, in render_annotated
    return self.render(context)
  File "C:\workspace\projet\backend\saleManagment\venv\lib\site-packages\django\template\loader_tags.py", line 65, in render
    result = block.nodelist.render(context)
  File "C:\workspace\projet\backend\saleManagment\venv\lib\site-packages\django\template\base.py", line 1000, in render
    return SafeString("".join([node.render_annotated(context) for node in self]))
  File "C:\workspace\projet\backend\saleManagment\venv\lib\site-packages\django\template\base.py", line 1000, in <listcomp>
    return SafeString("".join([node.render_annotated(context) for node in self]))
  File "C:\workspace\projet\backend\saleManagment\venv\lib\site-packages\django\template\base.py", line 961, in render_annotated
    return self.render(context)
  File "C:\workspace\projet\backend\saleManagment\venv\lib\site-packages\django\template\defaulttags.py", line 241, in render
    nodelist.append(node.render_annotated(context))
  File "C:\workspace\projet\backend\saleManagment\venv\lib\site-packages\django\template\base.py", line 961, in render_annotated
    return self.render(context)
  File "C:\workspace\projet\backend\saleManagment\venv\lib\site-packages\django\template\defaulttags.py", line 478, in render
    url = reverse(view_name, args=args, kwargs=kwargs, current_app=current_app)
  File "C:\workspace\projet\backend\saleManagment\venv\lib\site-packages\django\urls\base.py", line 88, in reverse
    return resolver._reverse_with_prefix(view, prefix, *args, **kwargs)
  File "C:\workspace\projet\backend\saleManagment\venv\lib\site-packages\django\urls\resolvers.py", line 848, in _reverse_with_prefix
    raise NoReverseMatch(msg)
django.urls.exceptions.NoReverseMatch: Reverse for 'product_delete' with no arguments not found. 1 pattern(s) tried: ['apps/product_delete/(?P<item_id>[0-9]+)/\\Z']
ERROR 2025-11-28 21:15:24,282 basehttp "GET /apps/allproducts.html HTTP/1.1" 500 182770
ERROR 2025-11-28 21:18:55,883 log Internal Server Error: /apps/allproducts.html
Traceback (most recent call last):
  File "C:\workspace\projet\backend\saleManagment\venv\lib\site-packages\django\core\handlers\exception.py", line 55, in inner
    response = get_response(request)
  File "C:\workspace\projet\backend\saleManagment\venv\lib\site-packages\django\core\handlers\base.py", line 197, in _get_response
    response = wrapped_callback(request, *callback_args, **callback_kwargs)
  File "C:\workspace\projet\backend\saleManagment\apps\views.py", line 1363, in all_items
    return render(request, 'allproducts.html', {'items': items, 'itemvariants': itemvariants})
  File "C:\workspace\projet\backend\saleManagment\venv\lib\site-packages\django\shortcuts.py", line 24, in render
    content = loader.render_to_string(template_name, context, request, using=using)
  File "C:\workspace\projet\backend\saleManagment\venv\lib\site-packages\django\template\loader.py", line 62, in render_to_string
    return template.render(context, request)
  File "C:\workspace\projet\backend\saleManagment\venv\lib\site-packages\django\template\backends\django.py", line 61, in render
    return self.template.render(context)
  File "C:\workspace\projet\backend\saleManagment\venv\lib\site-packages\django\template\base.py", line 171, in render
    return self._render(context)
  File "C:\workspace\projet\backend\saleManagment\venv\lib\site-packages\django\template\base.py", line 163, in _render
    return self.nodelist.render(context)
  File "C:\workspace\projet\backend\saleManagment\venv\lib\site-packages\django\template\base.py", line 1000, in render
    return SafeString("".join([node.render_annotated(context) for node in self]))
  File "C:\workspace\projet\backend\saleManagment\venv\lib\site-packages\django\template\base.py", line 1000, in <listcomp>
    return SafeString("".join([node.render_annotated(context) for node in self]))
  File "C:\workspace\projet\backend\saleManagment\venv\lib\site-packages\django\template\base.py", line 961, in render_annotated
    return self.render(context)
  File "C:\workspace\projet\backend\saleManagment\venv\lib\site-packages\django\template\loader_tags.py", line 159, in render
    return compiled_parent._render(context)
  File "C:\workspace\projet\backend\saleManagment\venv\lib\site-packages\django\template\base.py", line 163, in _render
    return self.nodelist.render(context)
  File "C:\workspace\projet\backend\saleManagment\venv\lib\site-packages\django\template\base.py", line 1000, in render
    return SafeString("".join([node.render_annotated(context) for node in self]))
  File "C:\workspace\projet\backend\saleManagment\venv\lib\site-packages\django\template\base.py", line 1000, in <listcomp>
    return SafeString("".join([node.render_annotated(context) for node in self]))
  File "C:\workspace\projet\backend\saleManagment\venv\lib\site-packages\django\template\base.py", line 961, in render_annotated
    return self.render(context)
  File "C:\workspace\projet\backend\saleManagment\venv\lib\site-packages\django\template\loader_tags.py", line 65, in render
    result = block.nodelist.render(context)
  File "C:\workspace\projet\backend\saleManagment\venv\lib\site-packages\django\template\base.py", line 1000, in render
    return SafeString("".join([node.render_annotated(context) for node in self]))
  File "C:\workspace\projet\backend\saleManagment\venv\lib\site-packages\django\template\base.py", line 1000, in <listcomp>
    return SafeString("".join([node.render_annotated(context) for node in self]))
  File "C:\workspace\projet\backend\saleManagment\venv\lib\site-packages\django\template\base.py", line 961, in render_annotated
    return self.render(context)
  File "C:\workspace\projet\backend\saleManagment\venv\lib\site-packages\django\template\defaulttags.py", line 241, in render
    nodelist.append(node.render_annotated(context))
  File "C:\workspace\projet\backend\saleManagment\venv\lib\site-packages\django\template\base.py", line 961, in render_annotated
    return self.render(context)
  File "C:\workspace\projet\backend\saleManagment\venv\lib\site-packages\django\template\defaulttags.py", line 478, in render
    url = reverse(view_name, args=args, kwargs=kwargs, current_app=current_app)
  File "C:\workspace\projet\backend\saleManagment\venv\lib\site-packages\django\urls\base.py", line 88, in reverse
    return resolver._reverse_with_prefix(view, prefix, *args, **kwargs)
  File "C:\workspace\projet\backend\saleManagment\venv\lib\site-packages\django\urls\resolvers.py", line 848, in _reverse_with_prefix
    raise NoReverseMatch(msg)
django.urls.exceptions.NoReverseMatch: Reverse for 'delete_note' with arguments '('',)' not found. 1 pattern(s) tried: ['apps/delete_note/(?P<note_id>[0-9]+)/\\Z']
ERROR 2025-11-28 21:18:55,899 basehttp "GET /apps/allproducts.html HTTP/1.1" 500 184252
ERROR 2025-11-28 21:29:35,560 log Internal Server Error: /apps/all_bonreception
Traceback (most recent call last):
  File "C:\workspace\projet\backend\saleManagment\venv\lib\site-packages\django\core\handlers\exception.py", line 55, in inner
    response = get_response(request)
  File "C:\workspace\projet\backend\saleManagment\venv\lib\site-packages\django\core\handlers\base.py", line 197, in _get_response
    response = wrapped_callback(request, *callback_args, **callback_kwargs)
  File "C:\workspace\projet\backend\saleManagment\apps\views.py", line 926, in all_bonreception
    return render(request, 'allreception.html', {'bonreceptions': bonreceptions})
  File "C:\workspace\projet\backend\saleManagment\venv\lib\site-packages\django\shortcuts.py", line 24, in render
    content = loader.render_to_string(template_name, context, request, using=using)
  File "C:\workspace\projet\backend\saleManagment\venv\lib\site-packages\django\template\loader.py", line 62, in render_to_string
    return template.render(context, request)
  File "C:\workspace\projet\backend\saleManagment\venv\lib\site-packages\django\template\backends\django.py", line 61, in render
    return self.template.render(context)
  File "C:\workspace\projet\backend\saleManagment\venv\lib\site-packages\django\template\base.py", line 171, in render
    return self._render(context)
  File "C:\workspace\projet\backend\saleManagment\venv\lib\site-packages\django\template\base.py", line 163, in _render
    return self.nodelist.render(context)
  File "C:\workspace\projet\backend\saleManagment\venv\lib\site-packages\django\template\base.py", line 1000, in render
    return SafeString("".join([node.render_annotated(context) for node in self]))
  File "C:\workspace\projet\backend\saleManagment\venv\lib\site-packages\django\template\base.py", line 1000, in <listcomp>
    return SafeString("".join([node.render_annotated(context) for node in self]))
  File "C:\workspace\projet\backend\saleManagment\venv\lib\site-packages\django\template\base.py", line 961, in render_annotated
    return self.render(context)
  File "C:\workspace\projet\backend\saleManagment\venv\lib\site-packages\django\template\loader_tags.py", line 159, in render
    return compiled_parent._render(context)
  File "C:\workspace\projet\backend\saleManagment\venv\lib\site-packages\django\template\base.py", line 163, in _render
    return self.nodelist.render(context)
  File "C:\workspace\projet\backend\saleManagment\venv\lib\site-packages\django\template\base.py", line 1000, in render
    return SafeString("".join([node.render_annotated(context) for node in self]))
  File "C:\workspace\projet\backend\saleManagment\venv\lib\site-packages\django\template\base.py", line 1000, in <listcomp>
    return SafeString("".join([node.render_annotated(context) for node in self]))
  File "C:\workspace\projet\backend\saleManagment\venv\lib\site-packages\django\template\base.py", line 961, in render_annotated
    return self.render(context)
  File "C:\workspace\projet\backend\saleManagment\venv\lib\site-packages\django\template\loader_tags.py", line 65, in render
    result = block.nodelist.render(context)
  File "C:\workspace\projet\backend\saleManagment\venv\lib\site-packages\django\template\base.py", line 1000, in render
    return SafeString("".join([node.render_annotated(context) for node in self]))
  File "C:\workspace\projet\backend\saleManagment\venv\lib\site-packages\django\template\base.py", line 1000, in <listcomp>
    return SafeString("".join([node.render_annotated(context) for node in self]))
  File "C:\workspace\projet\backend\saleManagment\venv\lib\site-packages\django\template\base.py", line 961, in render_annotated
    return self.render(context)
  File "C:\workspace\projet\backend\saleManagment\venv\lib\site-packages\django\template\defaulttags.py", line 478, in render
    url = reverse(view_name, args=args, kwargs=kwargs, current_app=current_app)
  File "C:\workspace\projet\backend\saleManagment\venv\lib\site-packages\django\urls\base.py", line 88, in reverse
    return resolver._reverse_with_prefix(view, prefix, *args, **kwargs)
  File "C:\workspace\projet\backend\saleManagment\venv\lib\site-packages\django\urls\resolvers.py", line 848, in _reverse_with_prefix
    raise NoReverseMatch(msg)
django.urls.exceptions.NoReverseMatch: Reverse for 'delete_bonreception' with no arguments not found. 1 pattern(s) tried: ['apps/delete_bonreception/(?P<delivery_id>[0-9]+)/\\Z']
ERROR 2025-11-28 21:29:35,588 basehttp "GET /apps/all_bonreception HTTP/1.1" 500 169361
ERROR 2025-11-28 21:30:39,502 log Internal Server Error: /apps/all_bonreception
Traceback (most recent call last):
  File "C:\workspace\projet\backend\saleManagment\venv\lib\site-packages\django\core\handlers\exception.py", line 55, in inner
    response = get_response(request)
  File "C:\workspace\projet\backend\saleManagment\venv\lib\site-packages\django\core\handlers\base.py", line 197, in _get_response
    response = wrapped_callback(request, *callback_args, **callback_kwargs)
  File "C:\workspace\projet\backend\saleManagment\apps\views.py", line 926, in all_bonreception
    return render(request, 'allreception.html', {'bonreceptions': bonreceptions})
  File "C:\workspace\projet\backend\saleManagment\venv\lib\site-packages\django\shortcuts.py", line 24, in render
    content = loader.render_to_string(template_name, context, request, using=using)
  File "C:\workspace\projet\backend\saleManagment\venv\lib\site-packages\django\template\loader.py", line 62, in render_to_string
    return template.render(context, request)
  File "C:\workspace\projet\backend\saleManagment\venv\lib\site-packages\django\template\backends\django.py", line 61, in render
    return self.template.render(context)
  File "C:\workspace\projet\backend\saleManagment\venv\lib\site-packages\django\template\base.py", line 171, in render
    return self._render(context)
  File "C:\workspace\projet\backend\saleManagment\venv\lib\site-packages\django\template\base.py", line 163, in _render
    return self.nodelist.render(context)
  File "C:\workspace\projet\backend\saleManagment\venv\lib\site-packages\django\template\base.py", line 1000, in render
    return SafeString("".join([node.render_annotated(context) for node in self]))
  File "C:\workspace\projet\backend\saleManagment\venv\lib\site-packages\django\template\base.py", line 1000, in <listcomp>
    return SafeString("".join([node.render_annotated(context) for node in self]))
  File "C:\workspace\projet\backend\saleManagment\venv\lib\site-packages\django\template\base.py", line 961, in render_annotated
    return self.render(context)
  File "C:\workspace\projet\backend\saleManagment\venv\lib\site-packages\django\template\loader_tags.py", line 159, in render
    return compiled_parent._render(context)
  File "C:\workspace\projet\backend\saleManagment\venv\lib\site-packages\django\template\base.py", line 163, in _render
    return self.nodelist.render(context)
  File "C:\workspace\projet\backend\saleManagment\venv\lib\site-packages\django\template\base.py", line 1000, in render
    return SafeString("".join([node.render_annotated(context) for node in self]))
  File "C:\workspace\projet\backend\saleManagment\venv\lib\site-packages\django\template\base.py", line 1000, in <listcomp>
    return SafeString("".join([node.render_annotated(context) for node in self]))
  File "C:\workspace\projet\backend\saleManagment\venv\lib\site-packages\django\template\base.py", line 961, in render_annotated
    return self.render(context)
  File "C:\workspace\projet\backend\saleManagment\venv\lib\site-packages\django\template\loader_tags.py", line 65, in render
    result = block.nodelist.render(context)
  File "C:\workspace\projet\backend\saleManagment\venv\lib\site-packages\django\template\base.py", line 1000, in render
    return SafeString("".join([node.render_annotated(context) for node in self]))
  File "C:\workspace\projet\backend\saleManagment\venv\lib\site-packages\django\template\base.py", line 1000, in <listcomp>
    return SafeString("".join([node.render_annotated(context) for node in self]))
  File "C:\workspace\projet\backend\saleManagment\venv\lib\site-packages\django\template\base.py", line 961, in render_annotated
    return self.render(context)
  File "C:\workspace\projet\backend\saleManagment\venv\lib\site-packages\django\template\defaulttags.py", line 478, in render
    url = reverse(view_name, args=args, kwargs=kwargs, current_app=current_app)
  File "C:\workspace\projet\backend\saleManagment\venv\lib\site-packages\django\urls\base.py", line 88, in reverse
    return resolver._reverse_with_prefix(view, prefix, *args, **kwargs)
  File "C:\workspace\projet\backend\saleManagment\venv\lib\site-packages\django\urls\resolvers.py", line 848, in _reverse_with_prefix
    raise NoReverseMatch(msg)
django.urls.exceptions.NoReverseMatch: Reverse for 'delete_bonreception' with arguments '('',)' not found. 1 pattern(s) tried: ['apps/delete_bonreception/(?P<delivery_id>[0-9]+)/\\Z']
ERROR 2025-11-28 21:30:39,525 basehttp "GET /apps/all_bonreception HTTP/1.1" 500 171100
ERROR 2025-11-28 21:30:54,844 log Internal Server Error: /apps/all_bonreception
Traceback (most recent call last):
  File "C:\workspace\projet\backend\saleManagment\venv\lib\site-packages\django\core\handlers\exception.py", line 55, in inner
    response = get_response(request)
  File "C:\workspace\projet\backend\saleManagment\venv\lib\site-packages\django\core\handlers\base.py", line 197, in _get_response
    response = wrapped_callback(request, *callback_args, **callback_kwargs)
  File "C:\workspace\projet\backend\saleManagment\apps\views.py", line 926, in all_bonreception
    return render(request, 'allreception.html', {'bonreceptions': bonreceptions})
  File "C:\workspace\projet\backend\saleManagment\venv\lib\site-packages\django\shortcuts.py", line 24, in render
    content = loader.render_to_string(template_name, context, request, using=using)
  File "C:\workspace\projet\backend\saleManagment\venv\lib\site-packages\django\template\loader.py", line 62, in render_to_string
    return template.render(context, request)
  File "C:\workspace\projet\backend\saleManagment\venv\lib\site-packages\django\template\backends\django.py", line 61, in render
    return self.template.render(context)
  File "C:\workspace\projet\backend\saleManagment\venv\lib\site-packages\django\template\base.py", line 171, in render
    return self._render(context)
  File "C:\workspace\projet\backend\saleManagment\venv\lib\site-packages\django\template\base.py", line 163, in _render
    return self.nodelist.render(context)
  File "C:\workspace\projet\backend\saleManagment\venv\lib\site-packages\django\template\base.py", line 1000, in render
    return SafeString("".join([node.render_annotated(context) for node in self]))
  File "C:\workspace\projet\backend\saleManagment\venv\lib\site-packages\django\template\base.py", line 1000, in <listcomp>
    return SafeString("".join([node.render_annotated(context) for node in self]))
  File "C:\workspace\projet\backend\saleManagment\venv\lib\site-packages\django\template\base.py", line 961, in render_annotated
    return self.render(context)
  File "C:\workspace\projet\backend\saleManagment\venv\lib\site-packages\django\template\loader_tags.py", line 159, in render
    return compiled_parent._render(context)
  File "C:\workspace\projet\backend\saleManagment\venv\lib\site-packages\django\template\base.py", line 163, in _render
    return self.nodelist.render(context)
  File "C:\workspace\projet\backend\saleManagment\venv\lib\site-packages\django\template\base.py", line 1000, in render
    return SafeString("".join([node.render_annotated(context) for node in self]))
  File "C:\workspace\projet\backend\saleManagment\venv\lib\site-packages\django\template\base.py", line 1000, in <listcomp>
    return SafeString("".join([node.render_annotated(context) for node in self]))
  File "C:\workspace\projet\backend\saleManagment\venv\lib\site-packages\django\template\base.py", line 961, in render_annotated
    return self.render(context)
  File "C:\workspace\projet\backend\saleManagment\venv\lib\site-packages\django\template\loader_tags.py", line 65, in render
    result = block.nodelist.render(context)
  File "C:\workspace\projet\backend\saleManagment\venv\lib\site-packages\django\template\base.py", line 1000, in render
    return SafeString("".join([node.render_annotated(context) for node in self]))
  File "C:\workspace\projet\backend\saleManagment\venv\lib\site-packages\django\template\base.py", line 1000, in <listcomp>
    return SafeString("".join([node.render_annotated(context) for node in self]))
  File "C:\workspace\projet\backend\saleManagment\venv\lib\site-packages\django\template\base.py", line 961, in render_annotated
    return self.render(context)
  File "C:\workspace\projet\backend\saleManagment\venv\lib\site-packages\django\template\defaulttags.py", line 478, in render
    url = reverse(view_name, args=args, kwargs=kwargs, current_app=current_app)
  File "C:\workspace\projet\backend\saleManagment\venv\lib\site-packages\django\urls\base.py", line 88, in reverse
    return resolver._reverse_with_prefix(view, prefix, *args, **kwargs)
  File "C:\workspace\projet\backend\saleManagment\venv\lib\site-packages\django\urls\resolvers.py", line 848, in _reverse_with_prefix
    raise NoReverseMatch(msg)
django.urls.exceptions.NoReverseMatch: Reverse for 'delete_bonreception' with arguments '('',)' not found. 1 pattern(s) tried: ['apps/delete_bonreception/(?P<delivery_id>[0-9]+)/\\Z']
ERROR 2025-11-28 21:30:54,863 basehttp "GET /apps/all_bonreception HTTP/1.1" 500 171102
ERROR 2025-11-28 21:34:46,842 log Internal Server Error: /apps/all_bonreception
Traceback (most recent call last):
  File "C:\workspace\projet\backend\saleManagment\venv\lib\site-packages\django\template\base.py", line 502, in parse
    compile_func = self.tags[command]
KeyError: 'endblock'

During handling of the above exception, another exception occurred:

Traceback (most recent call last):
  File "C:\workspace\projet\backend\saleManagment\venv\lib\site-packages\django\core\handlers\exception.py", line 55, in inner
    response = get_response(request)
  File "C:\workspace\projet\backend\saleManagment\venv\lib\site-packages\django\core\handlers\base.py", line 197, in _get_response
    response = wrapped_callback(request, *callback_args, **callback_kwargs)
  File "C:\workspace\projet\backend\saleManagment\apps\views.py", line 926, in all_bonreception
    return render(request, 'allreception.html', {'bonreceptions': bonreceptions})
  File "C:\workspace\projet\backend\saleManagment\venv\lib\site-packages\django\shortcuts.py", line 24, in render
    content = loader.render_to_string(template_name, context, request, using=using)
  File "C:\workspace\projet\backend\saleManagment\venv\lib\site-packages\django\template\loader.py", line 61, in render_to_string
    template = get_template(template_name, using=using)
  File "C:\workspace\projet\backend\saleManagment\venv\lib\site-packages\django\template\loader.py", line 15, in get_template
    return engine.get_template(template_name)
  File "C:\workspace\projet\backend\saleManagment\venv\lib\site-packages\django\template\backends\django.py", line 33, in get_template
    return Template(self.engine.get_template(template_name), self)
  File "C:\workspace\projet\backend\saleManagment\venv\lib\site-packages\django\template\engine.py", line 175, in get_template
    template, origin = self.find_template(template_name)
  File "C:\workspace\projet\backend\saleManagment\venv\lib\site-packages\django\template\engine.py", line 157, in find_template
    template = loader.get_template(name, skip=skip)
  File "C:\workspace\projet\backend\saleManagment\venv\lib\site-packages\django\template\loaders\cached.py", line 57, in get_template
    template = super().get_template(template_name, skip)
  File "C:\workspace\projet\backend\saleManagment\venv\lib\site-packages\django\template\loaders\base.py", line 28, in get_template
    return Template(
  File "C:\workspace\projet\backend\saleManagment\venv\lib\site-packages\django\template\base.py", line 154, in __init__
    self.nodelist = self.compile_nodelist()
  File "C:\workspace\projet\backend\saleManagment\venv\lib\site-packages\django\template\base.py", line 196, in compile_nodelist
    return parser.parse()
  File "C:\workspace\projet\backend\saleManagment\venv\lib\site-packages\django\template\base.py", line 510, in parse
    raise self.error(token, e)
  File "C:\workspace\projet\backend\saleManagment\venv\lib\site-packages\django\template\base.py", line 508, in parse
    compiled_result = compile_func(self, token)
  File "C:\workspace\projet\backend\saleManagment\venv\lib\site-packages\django\template\loader_tags.py", line 295, in do_extends
    nodelist = parser.parse()
  File "C:\workspace\projet\backend\saleManagment\venv\lib\site-packages\django\template\base.py", line 504, in parse
    self.invalid_block_tag(token, command, parse_until)
  File "C:\workspace\projet\backend\saleManagment\venv\lib\site-packages\django\template\base.py", line 565, in invalid_block_tag
    raise self.error(
django.template.exceptions.TemplateSyntaxError: Invalid block tag on line 51: 'endblock'. Did you forget to register or load this tag?
ERROR 2025-11-28 21:34:46,858 basehttp "GET /apps/all_bonreception HTTP/1.1" 500 166308
ERROR 2025-11-28 21:49:37,608 log Internal Server Error: /apps/dashboard/leads/
Traceback (most recent call last):
  File "C:\workspace\projet\backend\saleManagment\venv\lib\site-packages\django\template\backends\django.py", line 61, in render
    return self.template.render(context)
  File "C:\workspace\projet\backend\saleManagment\venv\lib\site-packages\django\template\base.py", line 171, in render
    return self._render(context)
  File "C:\workspace\projet\backend\saleManagment\venv\lib\site-packages\django\template\base.py", line 163, in _render
    return self.nodelist.render(context)
  File "C:\workspace\projet\backend\saleManagment\venv\lib\site-packages\django\template\base.py", line 1000, in render
    return SafeString("".join([node.render_annotated(context) for node in self]))
  File "C:\workspace\projet\backend\saleManagment\venv\lib\site-packages\django\template\base.py", line 1000, in <listcomp>
    return SafeString("".join([node.render_annotated(context) for node in self]))
  File "C:\workspace\projet\backend\saleManagment\venv\lib\site-packages\django\template\base.py", line 961, in render_annotated
    return self.render(context)
  File "C:\workspace\projet\backend\saleManagment\venv\lib\site-packages\django\template\loader_tags.py", line 134, in render
    compiled_parent = self.get_parent(context)
  File "C:\workspace\projet\backend\saleManagment\venv\lib\site-packages\django\template\loader_tags.py", line 131, in get_parent
    return self.find_template(parent, context)
  File "C:\workspace\projet\backend\saleManagment\venv\lib\site-packages\django\template\loader_tags.py", line 109, in find_template
    template, origin = context.template.engine.find_template(
  File "C:\workspace\projet\backend\saleManagment\venv\lib\site-packages\django\template\engine.py", line 161, in find_template
    raise TemplateDoesNotExist(name, tried=tried)
django.template.exceptions.TemplateDoesNotExist: base.html

The above exception was the direct cause of the following exception:

Traceback (most recent call last):
  File "C:\workspace\projet\backend\saleManagment\venv\lib\site-packages\django\core\handlers\exception.py", line 55, in inner
    response = get_response(request)
  File "C:\workspace\projet\backend\saleManagment\venv\lib\site-packages\django\core\handlers\base.py", line 197, in _get_response
    response = wrapped_callback(request, *callback_args, **callback_kwargs)
  File "C:\workspace\projet\backend\saleManagment\apps\views.py", line 2966, in lead_dashboard
    return render(request, 'lead_dashboard.html', {
  File "C:\workspace\projet\backend\saleManagment\venv\lib\site-packages\django\shortcuts.py", line 24, in render
    content = loader.render_to_string(template_name, context, request, using=using)
  File "C:\workspace\projet\backend\saleManagment\venv\lib\site-packages\django\template\loader.py", line 62, in render_to_string
    return template.render(context, request)
  File "C:\workspace\projet\backend\saleManagment\venv\lib\site-packages\django\template\backends\django.py", line 63, in render
    reraise(exc, self.backend)
  File "C:\workspace\projet\backend\saleManagment\venv\lib\site-packages\django\template\backends\django.py", line 84, in reraise
    raise new from exc
django.template.exceptions.TemplateDoesNotExist: base.html
ERROR 2025-11-28 21:49:37,625 basehttp "GET /apps/dashboard/leads/ HTTP/1.1" 500 137575
ERROR 2025-11-28 21:53:30,066 log Internal Server Error: /apps/leaddetail.html
Traceback (most recent call last):
  File "C:\workspace\projet\backend\saleManagment\venv\lib\site-packages\django\core\handlers\exception.py", line 55, in inner
    response = get_response(request)
  File "C:\workspace\projet\backend\saleManagment\venv\lib\site-packages\django\core\handlers\base.py", line 197, in _get_response
    response = wrapped_callback(request, *callback_args, **callback_kwargs)
  File "C:\workspace\projet\backend\saleManagment\apps\views.py", line 1359, in all_Details
    return render(request, 'allleaddata.html', {'leaddatas': leaddatas})
  File "C:\workspace\projet\backend\saleManagment\venv\lib\site-packages\django\shortcuts.py", line 24, in render
    content = loader.render_to_string(template_name, context, request, using=using)
  File "C:\workspace\projet\backend\saleManagment\venv\lib\site-packages\django\template\loader.py", line 62, in render_to_string
    return template.render(context, request)
  File "C:\workspace\projet\backend\saleManagment\venv\lib\site-packages\django\template\backends\django.py", line 61, in render
    return self.template.render(context)
  File "C:\workspace\projet\backend\saleManagment\venv\lib\site-packages\django\template\base.py", line 171, in render
    return self._render(context)
  File "C:\workspace\projet\backend\saleManagment\venv\lib\site-packages\django\template\base.py", line 163, in _render
    return self.nodelist.render(context)
  File "C:\workspace\projet\backend\saleManagment\venv\lib\site-packages\django\template\base.py", line 1000, in render
    return SafeString("".join([node.render_annotated(context) for node in self]))
  File "C:\workspace\projet\backend\saleManagment\venv\lib\site-packages\django\template\base.py", line 1000, in <listcomp>
    return SafeString("".join([node.render_annotated(context) for node in self]))
  File "C:\workspace\projet\backend\saleManagment\venv\lib\site-packages\django\template\base.py", line 961, in render_annotated
    return self.render(context)
  File "C:\workspace\projet\backend\saleManagment\venv\lib\site-packages\django\template\loader_tags.py", line 159, in render
    return compiled_parent._render(context)
  File "C:\workspace\projet\backend\saleManagment\venv\lib\site-packages\django\template\base.py", line 163, in _render
    return self.nodelist.render(context)
  File "C:\workspace\projet\backend\saleManagment\venv\lib\site-packages\django\template\base.py", line 1000, in render
    return SafeString("".join([node.render_annotated(context) for node in self]))
  File "C:\workspace\projet\backend\saleManagment\venv\lib\site-packages\django\template\base.py", line 1000, in <listcomp>
    return SafeString("".join([node.render_annotated(context) for node in self]))
  File "C:\workspace\projet\backend\saleManagment\venv\lib\site-packages\django\template\base.py", line 961, in render_annotated
    return self.render(context)
  File "C:\workspace\projet\backend\saleManagment\venv\lib\site-packages\django\template\loader_tags.py", line 65, in render
    result = block.nodelist.render(context)
  File "C:\workspace\projet\backend\saleManagment\venv\lib\site-packages\django\template\base.py", line 1000, in render
    return SafeString("".join([node.render_annotated(context) for node in self]))
  File "C:\workspace\projet\backend\saleManagment\venv\lib\site-packages\django\template\base.py", line 1000, in <listcomp>
    return SafeString("".join([node.render_annotated(context) for node in self]))
  File "C:\workspace\projet\backend\saleManagment\venv\lib\site-packages\django\template\base.py", line 961, in render_annotated
    return self.render(context)
  File "C:\workspace\projet\backend\saleManagment\venv\lib\site-packages\django\template\defaulttags.py", line 241, in render
    nodelist.append(node.render_annotated(context))
  File "C:\workspace\projet\backend\saleManagment\venv\lib\site-packages\django\template\base.py", line 961, in render_annotated
    return self.render(context)
  File "C:\workspace\projet\backend\saleManagment\venv\lib\site-packages\django\template\defaulttags.py", line 478, in render
    url = reverse(view_name, args=args, kwargs=kwargs, current_app=current_app)
  File "C:\workspace\projet\backend\saleManagment\venv\lib\site-packages\django\urls\base.py", line 88, in reverse
    return resolver._reverse_with_prefix(view, prefix, *args, **kwargs)
  File "C:\workspace\projet\backend\saleManagment\venv\lib\site-packages\django\urls\resolvers.py", line 848, in _reverse_with_prefix
    raise NoReverseMatch(msg)
django.urls.exceptions.NoReverseMatch: Reverse for 'update_leaddata' not found. 'update_leaddata' is not a valid view function or pattern name.
ERROR 2025-11-28 21:53:30,099 basehttp "GET /apps/leaddetail.html HTTP/1.1" 500 179012
ERROR 2025-11-28 21:54:05,507 log Internal Server Error: /apps/dashboard/leads/
Traceback (most recent call last):
  File "C:\workspace\projet\backend\saleManagment\venv\lib\site-packages\django\core\handlers\exception.py", line 55, in inner
    response = get_response(request)
  File "C:\workspace\projet\backend\saleManagment\venv\lib\site-packages\django\core\handlers\base.py", line 197, in _get_response
    response = wrapped_callback(request, *callback_args, **callback_kwargs)
  File "C:\workspace\projet\backend\saleManagment\apps\views.py", line 2942, in lead_dashboard
    model = train_lead_model()
  File "C:\workspace\projet\backend\saleManagment\apps\ml_model.py", line 23, in train_lead_model
    model.fit(X, y)
  File "C:\workspace\projet\backend\saleManagment\venv\lib\site-packages\sklearn\base.py", line 1365, in wrapper
    return fit_method(estimator, *args, **kwargs)
  File "C:\workspace\projet\backend\saleManagment\venv\lib\site-packages\sklearn\linear_model\_logistic.py", line 1335, in fit
    raise ValueError(
ValueError: This solver needs samples of at least 2 classes in the data, but the data contains only one class: np.int64(0)
ERROR 2025-11-28 21:54:05,514 basehttp "GET /apps/dashboard/leads/ HTTP/1.1" 500 86787
ERROR 2025-11-28 21:55:31,821 log Internal Server Error: /apps/leaddetail.html
Traceback (most recent call last):
  File "C:\workspace\projet\backend\saleManagment\venv\lib\site-packages\django\core\handlers\exception.py", line 55, in inner
    response = get_response(request)
  File "C:\workspace\projet\backend\saleManagment\venv\lib\site-packages\django\core\handlers\base.py", line 197, in _get_response
    response = wrapped_callback(request, *callback_args, **callback_kwargs)
  File "C:\workspace\projet\backend\saleManagment\apps\views.py", line 1359, in all_Details
    return render(request, 'allleaddata.html', {'leaddatas': leaddatas})
  File "C:\workspace\projet\backend\saleManagment\venv\lib\site-packages\django\shortcuts.py", line 24, in render
    content = loader.render_to_string(template_name, context, request, using=using)
  File "C:\workspace\projet\backend\saleManagment\venv\lib\site-packages\django\template\loader.py", line 62, in render_to_string
    return template.render(context, request)
  File "C:\workspace\projet\backend\saleManagment\venv\lib\site-packages\django\template\backends\django.py", line 61, in render
    return self.template.render(context)
  File "C:\workspace\projet\backend\saleManagment\venv\lib\site-packages\django\template\base.py", line 171, in render
    return self._render(context)
  File "C:\workspace\projet\backend\saleManagment\venv\lib\site-packages\django\template\base.py", line 163, in _render
    return self.nodelist.render(context)
  File "C:\workspace\projet\backend\saleManagment\venv\lib\site-packages\django\template\base.py", line 1000, in render
    return SafeString("".join([node.render_annotated(context) for node in self]))
  File "C:\workspace\projet\backend\saleManagment\venv\lib\site-packages\django\template\base.py", line 1000, in <listcomp>
    return SafeString("".join([node.render_annotated(context) for node in self]))
  File "C:\workspace\projet\backend\saleManagment\venv\lib\site-packages\django\template\base.py", line 961, in render_annotated
    return self.render(context)
  File "C:\workspace\projet\backend\saleManagment\venv\lib\site-packages\django\template\loader_tags.py", line 159, in render
    return compiled_parent._render(context)
  File "C:\workspace\projet\backend\saleManagment\venv\lib\site-packages\django\template\base.py", line 163, in _render
    return self.nodelist.render(context)
  File "C:\workspace\projet\backend\saleManagment\venv\lib\site-packages\django\template\base.py", line 1000, in render
    return SafeString("".join([node.render_annotated(context) for node in self]))
  File "C:\workspace\projet\backend\saleManagment\venv\lib\site-packages\django\template\base.py", line 1000, in <listcomp>
    return SafeString("".join([node.render_annotated(context) for node in self]))
  File "C:\workspace\projet\backend\saleManagment\venv\lib\site-packages\django\template\base.py", line 961, in render_annotated
    return self.render(context)
  File "C:\workspace\projet\backend\saleManagment\venv\lib\site-packages\django\template\loader_tags.py", line 65, in render
    result = block.nodelist.render(context)
  File "C:\workspace\projet\backend\saleManagment\venv\lib\site-packages\django\template\base.py", line 1000, in render
    return SafeString("".join([node.render_annotated(context) for node in self]))
  File "C:\workspace\projet\backend\saleManagment\venv\lib\site-packages\django\template\base.py", line 1000, in <listcomp>
    return SafeString("".join([node.render_annotated(context) for node in self]))
  File "C:\workspace\projet\backend\saleManagment\venv\lib\site-packages\django\template\base.py", line 961, in render_annotated
    return self.render(context)
  File "C:\workspace\projet\backend\saleManagment\venv\lib\site-packages\django\template\defaulttags.py", line 241, in render
    nodelist.append(node.render_annotated(context))
  File "C:\workspace\projet\backend\saleManagment\venv\lib\site-packages\django\template\base.py", line 961, in render_annotated
    return self.render(context)
  File "C:\workspace\projet\backend\saleManagment\venv\lib\site-packages\django\template\defaulttags.py", line 478, in render
    url = reverse(view_name, args=args, kwargs=kwargs, current_app=current_app)
  File "C:\workspace\projet\backend\saleManagment\venv\lib\site-packages\django\urls\base.py", line 88, in reverse
    return resolver._reverse_with_prefix(view, prefix, *args, **kwargs)
  File "C:\workspace\projet\backend\saleManagment\venv\lib\site-packages\django\urls\resolvers.py", line 848, in _reverse_with_prefix
    raise NoReverseMatch(msg)
django.urls.exceptions.NoReverseMatch: Reverse for 'update_leaddata' not found. 'update_leaddata' is not a valid view function or pattern name.
ERROR 2025-11-28 21:55:31,843 basehttp "GET /apps/leaddetail.html HTTP/1.1" 500 179607
ERROR 2025-11-28 21:55:40,996 log Internal Server Error: /apps/dashboard/leads/
Traceback (most recent call last):
  File "C:\workspace\projet\backend\saleManagment\venv\lib\site-packages\django\core\handlers\exception.py", line 55, in inner
    response = get_response(request)
  File "C:\workspace\projet\backend\saleManagment\venv\lib\site-packages\django\core\handlers\base.py", line 197, in _get_response
    response = wrapped_callback(request, *callback_args, **callback_kwargs)
  File "C:\workspace\projet\backend\saleManagment\apps\views.py", line 2942, in lead_dashboard
    model = train_lead_model()
  File "C:\workspace\projet\backend\saleManagment\apps\ml_model.py", line 23, in train_lead_model
    model.fit(X, y)
  File "C:\workspace\projet\backend\saleManagment\venv\lib\site-packages\sklearn\base.py", line 1365, in wrapper
    return fit_method(estimator, *args, **kwargs)
  File "C:\workspace\projet\backend\saleManagment\venv\lib\site-packages\sklearn\linear_model\_logistic.py", line 1335, in fit
    raise ValueError(
ValueError: This solver needs samples of at least 2 classes in the data, but the data contains only one class: np.int64(0)
ERROR 2025-11-28 21:55:40,996 basehttp "GET /apps/dashboard/leads/ HTTP/1.1" 500 87150
ERROR 2025-11-28 21:55:46,075 log Internal Server Error: /apps/dashboard/leads/
Traceback (most recent call last):
  File "C:\workspace\projet\backend\saleManagment\venv\lib\site-packages\django\core\handlers\exception.py", line 55, in inner
    response = get_response(request)
  File "C:\workspace\projet\backend\saleManagment\venv\lib\site-packages\django\core\handlers\base.py", line 197, in _get_response
    response = wrapped_callback(request, *callback_args, **callback_kwargs)
  File "C:\workspace\projet\backend\saleManagment\apps\views.py", line 2942, in lead_dashboard
    model = train_lead_model()
  File "C:\workspace\projet\backend\saleManagment\apps\ml_model.py", line 23, in train_lead_model
    model.fit(X, y)
  File "C:\workspace\projet\backend\saleManagment\venv\lib\site-packages\sklearn\base.py", line 1365, in wrapper
    return fit_method(estimator, *args, **kwargs)
  File "C:\workspace\projet\backend\saleManagment\venv\lib\site-packages\sklearn\linear_model\_logistic.py", line 1335, in fit
    raise ValueError(
ValueError: This solver needs samples of at least 2 classes in the data, but the data contains only one class: np.int64(0)
ERROR 2025-11-28 21:55:46,075 basehttp "GET /apps/dashboard/leads/ HTTP/1.1" 500 87150
ERROR 2025-11-29 15:49:16,963 log Internal Server Error: /apps/leaddetail.html
Traceback (most recent call last):
  File "C:\workspace\projet\backend\saleManagment\venv\lib\site-packages\django\core\handlers\exception.py", line 55, in inner
    response = get_response(request)
  File "C:\workspace\projet\backend\saleManagment\venv\lib\site-packages\django\core\handlers\base.py", line 197, in _get_response
    response = wrapped_callback(request, *callback_args, **callback_kwargs)
  File "C:\workspace\projet\backend\saleManagment\apps\views.py", line 1359, in all_Details
    return render(request, 'allleaddata.html', {'leaddatas': leaddatas})
  File "C:\workspace\projet\backend\saleManagment\venv\lib\site-packages\django\shortcuts.py", line 24, in render
    content = loader.render_to_string(template_name, context, request, using=using)
  File "C:\workspace\projet\backend\saleManagment\venv\lib\site-packages\django\template\loader.py", line 62, in render_to_string
    return template.render(context, request)
  File "C:\workspace\projet\backend\saleManagment\venv\lib\site-packages\django\template\backends\django.py", line 61, in render
    return self.template.render(context)
  File "C:\workspace\projet\backend\saleManagment\venv\lib\site-packages\django\template\base.py", line 171, in render
    return self._render(context)
  File "C:\workspace\projet\backend\saleManagment\venv\lib\site-packages\django\template\base.py", line 163, in _render
    return self.nodelist.render(context)
  File "C:\workspace\projet\backend\saleManagment\venv\lib\site-packages\django\template\base.py", line 1000, in render
    return SafeString("".join([node.render_annotated(context) for node in self]))
  File "C:\workspace\projet\backend\saleManagment\venv\lib\site-packages\django\template\base.py", line 1000, in <listcomp>
    return SafeString("".join([node.render_annotated(context) for node in self]))
  File "C:\workspace\projet\backend\saleManagment\venv\lib\site-packages\django\template\base.py", line 961, in render_annotated
    return self.render(context)
  File "C:\workspace\projet\backend\saleManagment\venv\lib\site-packages\django\template\loader_tags.py", line 159, in render
    return compiled_parent._render(context)
  File "C:\workspace\projet\backend\saleManagment\venv\lib\site-packages\django\template\base.py", line 163, in _render
    return self.nodelist.render(context)
  File "C:\workspace\projet\backend\saleManagment\venv\lib\site-packages\django\template\base.py", line 1000, in render
    return SafeString("".join([node.render_annotated(context) for node in self]))
  File "C:\workspace\projet\backend\saleManagment\venv\lib\site-packages\django\template\base.py", line 1000, in <listcomp>
    return SafeString("".join([node.render_annotated(context) for node in self]))
  File "C:\workspace\projet\backend\saleManagment\venv\lib\site-packages\django\template\base.py", line 961, in render_annotated
    return self.render(context)
  File "C:\workspace\projet\backend\saleManagment\venv\lib\site-packages\django\template\loader_tags.py", line 65, in render
    result = block.nodelist.render(context)
  File "C:\workspace\projet\backend\saleManagment\venv\lib\site-packages\django\template\base.py", line 1000, in render
    return SafeString("".join([node.render_annotated(context) for node in self]))
  File "C:\workspace\projet\backend\saleManagment\venv\lib\site-packages\django\template\base.py", line 1000, in <listcomp>
    return SafeString("".join([node.render_annotated(context) for node in self]))
  File "C:\workspace\projet\backend\saleManagment\venv\lib\site-packages\django\template\base.py", line 961, in render_annotated
    return self.render(context)
  File "C:\workspace\projet\backend\saleManagment\venv\lib\site-packages\django\template\defaulttags.py", line 241, in render
    nodelist.append(node.render_annotated(context))
  File "C:\workspace\projet\backend\saleManagment\venv\lib\site-packages\django\template\base.py", line 961, in render_annotated
    return self.render(context)
  File "C:\workspace\projet\backend\saleManagment\venv\lib\site-packages\django\template\defaulttags.py", line 478, in render
    url = reverse(view_name, args=args, kwargs=kwargs, current_app=current_app)
  File "C:\workspace\projet\backend\saleManagment\venv\lib\site-packages\django\urls\base.py", line 88, in reverse
    return resolver._reverse_with_prefix(view, prefix, *args, **kwargs)
  File "C:\workspace\projet\backend\saleManagment\venv\lib\site-packages\django\urls\resolvers.py", line 848, in _reverse_with_prefix
    raise NoReverseMatch(msg)
django.urls.exceptions.NoReverseMatch: Reverse for 'updatelead' with arguments '('',)' not found. 1 pattern(s) tried: ['apps/updatelead/(?P<id>[0-9]+)/\\Z']
ERROR 2025-11-29 15:49:17,019 basehttp "GET /apps/leaddetail.html HTTP/1.1" 500 182675
ERROR 2025-11-29 15:50:45,574 log Internal Server Error: /apps/leaddetail.html
Traceback (most recent call last):
  File "C:\workspace\projet\backend\saleManagment\venv\lib\site-packages\django\core\handlers\exception.py", line 55, in inner
    response = get_response(request)
  File "C:\workspace\projet\backend\saleManagment\venv\lib\site-packages\django\core\handlers\base.py", line 197, in _get_response
    response = wrapped_callback(request, *callback_args, **callback_kwargs)
  File "C:\workspace\projet\backend\saleManagment\apps\views.py", line 1359, in all_Details
    return render(request, 'allleaddata.html', {'leaddatas': leaddatas})
  File "C:\workspace\projet\backend\saleManagment\venv\lib\site-packages\django\shortcuts.py", line 24, in render
    content = loader.render_to_string(template_name, context, request, using=using)
  File "C:\workspace\projet\backend\saleManagment\venv\lib\site-packages\django\template\loader.py", line 62, in render_to_string
    return template.render(context, request)
  File "C:\workspace\projet\backend\saleManagment\venv\lib\site-packages\django\template\backends\django.py", line 61, in render
    return self.template.render(context)
  File "C:\workspace\projet\backend\saleManagment\venv\lib\site-packages\django\template\base.py", line 171, in render
    return self._render(context)
  File "C:\workspace\projet\backend\saleManagment\venv\lib\site-packages\django\template\base.py", line 163, in _render
    return self.nodelist.render(context)
  File "C:\workspace\projet\backend\saleManagment\venv\lib\site-packages\django\template\base.py", line 1000, in render
    return SafeString("".join([node.render_annotated(context) for node in self]))
  File "C:\workspace\projet\backend\saleManagment\venv\lib\site-packages\django\template\base.py", line 1000, in <listcomp>
    return SafeString("".join([node.render_annotated(context) for node in self]))
  File "C:\workspace\projet\backend\saleManagment\venv\lib\site-packages\django\template\base.py", line 961, in render_annotated
    return self.render(context)
  File "C:\workspace\projet\backend\saleManagment\venv\lib\site-packages\django\template\loader_tags.py", line 159, in render
    return compiled_parent._render(context)
  File "C:\workspace\projet\backend\saleManagment\venv\lib\site-packages\django\template\base.py", line 163, in _render
    return self.nodelist.render(context)
  File "C:\workspace\projet\backend\saleManagment\venv\lib\site-packages\django\template\base.py", line 1000, in render
    return SafeString("".join([node.render_annotated(context) for node in self]))
  File "C:\workspace\projet\backend\saleManagment\venv\lib\site-packages\django\template\base.py", line 1000, in <listcomp>
    return SafeString("".join([node.render_annotated(context) for node in self]))
  File "C:\workspace\projet\backend\saleManagment\venv\lib\site-packages\django\template\base.py", line 961, in render_annotated
    return self.render(context)
  File "C:\workspace\projet\backend\saleManagment\venv\lib\site-packages\django\template\loader_tags.py", line 65, in render
    result = block.nodelist.render(context)
  File "C:\workspace\projet\backend\saleManagment\venv\lib\site-packages\django\template\base.py", line 1000, in render
    return SafeString("".join([node.render_annotated(context) for node in self]))
  File "C:\workspace\projet\backend\saleManagment\venv\lib\site-packages\django\template\base.py", line 1000, in <listcomp>
    return SafeString("".join([node.render_annotated(context) for node in self]))
  File "C:\workspace\projet\backend\saleManagment\venv\lib\site-packages\django\template\base.py", line 961, in render_annotated
    return self.render(context)
  File "C:\workspace\projet\backend\saleManagment\venv\lib\site-packages\django\template\defaulttags.py", line 241, in render
    nodelist.append(node.render_annotated(context))
  File "C:\workspace\projet\backend\saleManagment\venv\lib\site-packages\django\template\base.py", line 961, in render_annotated
    return self.render(context)
  File "C:\workspace\projet\backend\saleManagment\venv\lib\site-packages\django\template\defaulttags.py", line 478, in render
    url = reverse(view_name, args=args, kwargs=kwargs, current_app=current_app)
  File "C:\workspace\projet\backend\saleManagment\venv\lib\site-packages\django\urls\base.py", line 88, in reverse
    return resolver._reverse_with_prefix(view, prefix, *args, **kwargs)
  File "C:\workspace\projet\backend\saleManagment\venv\lib\site-packages\django\urls\resolvers.py", line 848, in _reverse_with_prefix
    raise NoReverseMatch(msg)
django.urls.exceptions.NoReverseMatch: Reverse for 'updatelead' with arguments '('',)' not found. 1 pattern(s) tried: ['apps/updatelead/(?P<id>[0-9]+)/\\Z']
ERROR 2025-11-29 15:50:45,593 basehttp "GET /apps/leaddetail.html HTTP/1.1" 500 182675
ERROR 2025-11-29 15:53:25,736 log Internal Server Error: /apps/leaddetail.html
Traceback (most recent call last):
  File "C:\workspace\projet\backend\saleManagment\venv\lib\site-packages\django\core\handlers\exception.py", line 55, in inner
    response = get_response(request)
  File "C:\workspace\projet\backend\saleManagment\venv\lib\site-packages\django\core\handlers\base.py", line 197, in _get_response
    response = wrapped_callback(request, *callback_args, **callback_kwargs)
  File "C:\workspace\projet\backend\saleManagment\apps\views.py", line 1359, in all_Details
    return render(request, 'allleaddata.html', {'leaddatas': leaddatas})
  File "C:\workspace\projet\backend\saleManagment\venv\lib\site-packages\django\shortcuts.py", line 24, in render
    content = loader.render_to_string(template_name, context, request, using=using)
  File "C:\workspace\projet\backend\saleManagment\venv\lib\site-packages\django\template\loader.py", line 62, in render_to_string
    return template.render(context, request)
  File "C:\workspace\projet\backend\saleManagment\venv\lib\site-packages\django\template\backends\django.py", line 61, in render
    return self.template.render(context)
  File "C:\workspace\projet\backend\saleManagment\venv\lib\site-packages\django\template\base.py", line 171, in render
    return self._render(context)
  File "C:\workspace\projet\backend\saleManagment\venv\lib\site-packages\django\template\base.py", line 163, in _render
    return self.nodelist.render(context)
  File "C:\workspace\projet\backend\saleManagment\venv\lib\site-packages\django\template\base.py", line 1000, in render
    return SafeString("".join([node.render_annotated(context) for node in self]))
  File "C:\workspace\projet\backend\saleManagment\venv\lib\site-packages\django\template\base.py", line 1000, in <listcomp>
    return SafeString("".join([node.render_annotated(context) for node in self]))
  File "C:\workspace\projet\backend\saleManagment\venv\lib\site-packages\django\template\base.py", line 961, in render_annotated
    return self.render(context)
  File "C:\workspace\projet\backend\saleManagment\venv\lib\site-packages\django\template\loader_tags.py", line 159, in render
    return compiled_parent._render(context)
  File "C:\workspace\projet\backend\saleManagment\venv\lib\site-packages\django\template\base.py", line 163, in _render
    return self.nodelist.render(context)
  File "C:\workspace\projet\backend\saleManagment\venv\lib\site-packages\django\template\base.py", line 1000, in render
    return SafeString("".join([node.render_annotated(context) for node in self]))
  File "C:\workspace\projet\backend\saleManagment\venv\lib\site-packages\django\template\base.py", line 1000, in <listcomp>
    return SafeString("".join([node.render_annotated(context) for node in self]))
  File "C:\workspace\projet\backend\saleManagment\venv\lib\site-packages\django\template\base.py", line 961, in render_annotated
    return self.render(context)
  File "C:\workspace\projet\backend\saleManagment\venv\lib\site-packages\django\template\loader_tags.py", line 65, in render
    result = block.nodelist.render(context)
  File "C:\workspace\projet\backend\saleManagment\venv\lib\site-packages\django\template\base.py", line 1000, in render
    return SafeString("".join([node.render_annotated(context) for node in self]))
  File "C:\workspace\projet\backend\saleManagment\venv\lib\site-packages\django\template\base.py", line 1000, in <listcomp>
    return SafeString("".join([node.render_annotated(context) for node in self]))
  File "C:\workspace\projet\backend\saleManagment\venv\lib\site-packages\django\template\base.py", line 961, in render_annotated
    return self.render(context)
  File "C:\workspace\projet\backend\saleManagment\venv\lib\site-packages\django\template\defaulttags.py", line 241, in render
    nodelist.append(node.render_annotated(context))
  File "C:\workspace\projet\backend\saleManagment\venv\lib\site-packages\django\template\base.py", line 961, in render_annotated
    return self.render(context)
  File "C:\workspace\projet\backend\saleManagment\venv\lib\site-packages\django\template\defaulttags.py", line 478, in render
    url = reverse(view_name, args=args, kwargs=kwargs, current_app=current_app)
  File "C:\workspace\projet\backend\saleManagment\venv\lib\site-packages\django\urls\base.py", line 88, in reverse
    return resolver._reverse_with_prefix(view, prefix, *args, **kwargs)
  File "C:\workspace\projet\backend\saleManagment\venv\lib\site-packages\django\urls\resolvers.py", line 848, in _reverse_with_prefix
    raise NoReverseMatch(msg)
django.urls.exceptions.NoReverseMatch: Reverse for 'updatelead' with arguments '('',)' not found. 1 pattern(s) tried: ['apps/updatelead/(?P<id>[0-9]+)/\\Z']
ERROR 2025-11-29 15:53:25,773 basehttp "GET /apps/leaddetail.html HTTP/1.1" 500 182675
ERROR 2025-11-29 16:00:12,401 log Internal Server Error: /apps/update_leaddata/2/
Traceback (most recent call last):
  File "C:\workspace\projet\backend\saleManagment\venv\lib\site-packages\django\template\base.py", line 502, in parse
    compile_func = self.tags[command]
KeyError: 'endblock'

During handling of the above exception, another exception occurred:

Traceback (most recent call last):
  File "C:\workspace\projet\backend\saleManagment\venv\lib\site-packages\django\core\handlers\exception.py", line 55, in inner
    response = get_response(request)
  File "C:\workspace\projet\backend\saleManagment\venv\lib\site-packages\django\core\handlers\base.py", line 197, in _get_response
    response = wrapped_callback(request, *callback_args, **callback_kwargs)
  File "C:\workspace\projet\backend\saleManagment\apps\views.py", line 1826, in update_leaddata
    return render(request, "updateleaddata.html", {"data": leaddata_obj})
  File "C:\workspace\projet\backend\saleManagment\venv\lib\site-packages\django\shortcuts.py", line 24, in render
    content = loader.render_to_string(template_name, context, request, using=using)
  File "C:\workspace\projet\backend\saleManagment\venv\lib\site-packages\django\template\loader.py", line 61, in render_to_string
    template = get_template(template_name, using=using)
  File "C:\workspace\projet\backend\saleManagment\venv\lib\site-packages\django\template\loader.py", line 15, in get_template
    return engine.get_template(template_name)
  File "C:\workspace\projet\backend\saleManagment\venv\lib\site-packages\django\template\backends\django.py", line 33, in get_template
    return Template(self.engine.get_template(template_name), self)
  File "C:\workspace\projet\backend\saleManagment\venv\lib\site-packages\django\template\engine.py", line 175, in get_template
    template, origin = self.find_template(template_name)
  File "C:\workspace\projet\backend\saleManagment\venv\lib\site-packages\django\template\engine.py", line 157, in find_template
    template = loader.get_template(name, skip=skip)
  File "C:\workspace\projet\backend\saleManagment\venv\lib\site-packages\django\template\loaders\cached.py", line 57, in get_template
    template = super().get_template(template_name, skip)
  File "C:\workspace\projet\backend\saleManagment\venv\lib\site-packages\django\template\loaders\base.py", line 28, in get_template
    return Template(
  File "C:\workspace\projet\backend\saleManagment\venv\lib\site-packages\django\template\base.py", line 154, in __init__
    self.nodelist = self.compile_nodelist()
  File "C:\workspace\projet\backend\saleManagment\venv\lib\site-packages\django\template\base.py", line 196, in compile_nodelist
    return parser.parse()
  File "C:\workspace\projet\backend\saleManagment\venv\lib\site-packages\django\template\base.py", line 510, in parse
    raise self.error(token, e)
  File "C:\workspace\projet\backend\saleManagment\venv\lib\site-packages\django\template\base.py", line 508, in parse
    compiled_result = compile_func(self, token)
  File "C:\workspace\projet\backend\saleManagment\venv\lib\site-packages\django\template\loader_tags.py", line 295, in do_extends
    nodelist = parser.parse()
  File "C:\workspace\projet\backend\saleManagment\venv\lib\site-packages\django\template\base.py", line 504, in parse
    self.invalid_block_tag(token, command, parse_until)
  File "C:\workspace\projet\backend\saleManagment\venv\lib\site-packages\django\template\base.py", line 565, in invalid_block_tag
    raise self.error(
django.template.exceptions.TemplateSyntaxError: Invalid block tag on line 54: 'endblock'. Did you forget to register or load this tag?
ERROR 2025-11-29 16:00:12,418 basehttp "GET /apps/update_leaddata/2/ HTTP/1.1" 500 168160
ERROR 2025-11-29 16:03:03,812 log Internal Server Error: /apps/dashboard/leads/
Traceback (most recent call last):
  File "C:\workspace\projet\backend\saleManagment\venv\lib\site-packages\django\core\handlers\exception.py", line 55, in inner
    response = get_response(request)
  File "C:\workspace\projet\backend\saleManagment\venv\lib\site-packages\django\core\handlers\base.py", line 197, in _get_response
    response = wrapped_callback(request, *callback_args, **callback_kwargs)
  File "C:\workspace\projet\backend\saleManagment\apps\views.py", line 2970, in lead_dashboard
    model = train_lead_model()
  File "C:\workspace\projet\backend\saleManagment\apps\ml_model.py", line 23, in train_lead_model
    model.fit(X, y)
  File "C:\workspace\projet\backend\saleManagment\venv\lib\site-packages\sklearn\base.py", line 1365, in wrapper
    return fit_method(estimator, *args, **kwargs)
  File "C:\workspace\projet\backend\saleManagment\venv\lib\site-packages\sklearn\linear_model\_logistic.py", line 1335, in fit
    raise ValueError(
ValueError: This solver needs samples of at least 2 classes in the data, but the data contains only one class: np.int64(0)
ERROR 2025-11-29 16:03:03,830 basehttp "GET /apps/dashboard/leads/ HTTP/1.1" 500 87242
ERROR 2025-11-29 16:05:58,352 log Internal Server Error: /apps/update_leaddata/2/
Traceback (most recent call last):
  File "C:\workspace\projet\backend\saleManagment\venv\lib\site-packages\django\core\handlers\exception.py", line 55, in inner
    response = get_response(request)
  File "C:\workspace\projet\backend\saleManagment\venv\lib\site-packages\django\core\handlers\base.py", line 197, in _get_response
    response = wrapped_callback(request, *callback_args, **callback_kwargs)
  File "C:\workspace\projet\backend\saleManagment\apps\views.py", line 1824, in update_leaddata
    return redirect("leaddata_detail", id=leaddata_obj.id)
  File "C:\workspace\projet\backend\saleManagment\venv\lib\site-packages\django\shortcuts.py", line 48, in redirect
    return redirect_class(resolve_url(to, *args, **kwargs))
  File "C:\workspace\projet\backend\saleManagment\venv\lib\site-packages\django\shortcuts.py", line 179, in resolve_url
    return reverse(to, args=args, kwargs=kwargs)
  File "C:\workspace\projet\backend\saleManagment\venv\lib\site-packages\django\urls\base.py", line 88, in reverse
    return resolver._reverse_with_prefix(view, prefix, *args, **kwargs)
  File "C:\workspace\projet\backend\saleManagment\venv\lib\site-packages\django\urls\resolvers.py", line 848, in _reverse_with_prefix
    raise NoReverseMatch(msg)
django.urls.exceptions.NoReverseMatch: Reverse for 'leaddata_detail' not found. 'leaddata_detail' is not a valid view function or pattern name.
ERROR 2025-11-29 16:05:58,367 basehttp "POST /apps/update_leaddata/2/ HTTP/1.1" 500 93249
ERROR 2025-11-29 16:06:53,909 log Internal Server Error: /apps/update_leaddata/2/
Traceback (most recent call last):
  File "C:\workspace\projet\backend\saleManagment\venv\lib\site-packages\django\core\handlers\exception.py", line 55, in inner
    response = get_response(request)
  File "C:\workspace\projet\backend\saleManagment\venv\lib\site-packages\django\core\handlers\base.py", line 197, in _get_response
    response = wrapped_callback(request, *callback_args, **callback_kwargs)
  File "C:\workspace\projet\backend\saleManagment\apps\views.py", line 1824, in update_leaddata
    return redirect("all_leads", id=leaddata_obj.id)
  File "C:\workspace\projet\backend\saleManagment\venv\lib\site-packages\django\shortcuts.py", line 48, in redirect
    return redirect_class(resolve_url(to, *args, **kwargs))
  File "C:\workspace\projet\backend\saleManagment\venv\lib\site-packages\django\shortcuts.py", line 179, in resolve_url
    return reverse(to, args=args, kwargs=kwargs)
  File "C:\workspace\projet\backend\saleManagment\venv\lib\site-packages\django\urls\base.py", line 88, in reverse
    return resolver._reverse_with_prefix(view, prefix, *args, **kwargs)
  File "C:\workspace\projet\backend\saleManagment\venv\lib\site-packages\django\urls\resolvers.py", line 848, in _reverse_with_prefix
    raise NoReverseMatch(msg)
django.urls.exceptions.NoReverseMatch: Reverse for 'all_leads' with keyword arguments '{'id': 2}' not found. 1 pattern(s) tried: ['apps/all_leads/\\Z']
ERROR 2025-11-29 16:06:53,925 basehttp "POST /apps/update_leaddata/2/ HTTP/1.1" 500 94702
ERROR 2025-11-29 16:31:02,229 log Internal Server Error: /apps/admin/create/
Traceback (most recent call last):
  File "C:\workspace\projet\backend\saleManagment\venv\lib\site-packages\django\core\handlers\exception.py", line 55, in inner
    response = get_response(request)
  File "C:\workspace\projet\backend\saleManagment\venv\lib\site-packages\django\core\handlers\base.py", line 197, in _get_response
    response = wrapped_callback(request, *callback_args, **callback_kwargs)
  File "C:\workspace\projet\backend\saleManagment\venv\lib\site-packages\django\contrib\auth\decorators.py", line 23, in _wrapper_view
    return view_func(request, *args, **kwargs)
  File "C:\workspace\projet\backend\saleManagment\apps\views.py", line 2673, in admin_user_create
    admin_user.set_password(form.cleaned_data['password1'])
KeyError: 'password1'
ERROR 2025-11-29 16:31:02,234 basehttp "POST /apps/admin/create/ HTTP/1.1" 500 79331
ERROR 2025-11-29 17:09:20,133 log Internal Server Error: /apps/search_delivery/
Traceback (most recent call last):
  File "C:\workspace\projet\backend\saleManagment\venv\lib\site-packages\django\core\handlers\exception.py", line 55, in inner
    response = get_response(request)
  File "C:\workspace\projet\backend\saleManagment\venv\lib\site-packages\django\core\handlers\base.py", line 197, in _get_response
    response = wrapped_callback(request, *callback_args, **callback_kwargs)
  File "C:\workspace\projet\backend\saleManagment\apps\views.py", line 2326, in search_delivery
    deliveries = Delivery.objects.filter(
  File "C:\workspace\projet\backend\saleManagment\venv\lib\site-packages\django\db\models\manager.py", line 87, in manager_method
    return getattr(self.get_queryset(), name)(*args, **kwargs)
  File "C:\workspace\projet\backend\saleManagment\venv\lib\site-packages\django\db\models\query.py", line 1476, in filter
    return self._filter_or_exclude(False, args, kwargs)
  File "C:\workspace\projet\backend\saleManagment\venv\lib\site-packages\django\db\models\query.py", line 1494, in _filter_or_exclude
    clone._filter_or_exclude_inplace(negate, args, kwargs)
  File "C:\workspace\projet\backend\saleManagment\venv\lib\site-packages\django\db\models\query.py", line 1501, in _filter_or_exclude_inplace
    self._query.add_q(Q(*args, **kwargs))
  File "C:\workspace\projet\backend\saleManagment\venv\lib\site-packages\django\db\models\sql\query.py", line 1602, in add_q
    clause, _ = self._add_q(q_object, self.used_aliases)
  File "C:\workspace\projet\backend\saleManagment\venv\lib\site-packages\django\db\models\sql\query.py", line 1634, in _add_q
    child_clause, needed_inner = self.build_filter(
  File "C:\workspace\projet\backend\saleManagment\venv\lib\site-packages\django\db\models\sql\query.py", line 1461, in build_filter
    return self._add_q(
  File "C:\workspace\projet\backend\saleManagment\venv\lib\site-packages\django\db\models\sql\query.py", line 1634, in _add_q
    child_clause, needed_inner = self.build_filter(
  File "C:\workspace\projet\backend\saleManagment\venv\lib\site-packages\django\db\models\sql\query.py", line 1548, in build_filter
    condition = self.build_lookup(lookups, col, value)
  File "C:\workspace\projet\backend\saleManagment\venv\lib\site-packages\django\db\models\sql\query.py", line 1372, in build_lookup
    lhs = self.try_transform(lhs, lookup_name)
  File "C:\workspace\projet\backend\saleManagment\venv\lib\site-packages\django\db\models\sql\query.py", line 1416, in try_transform
    raise FieldError(
django.core.exceptions.FieldError: Unsupported lookup 'icontains' for ForeignKey or join on the field not permitted.
ERROR 2025-11-29 17:09:20,133 basehttp "GET /apps/search_delivery/?csrfmiddlewaretoken=aLkaio9oSl8iSbS8jAeBrC7EZV5HmAVtUBmpaGE1b2E84g5Cbsb4oB38xd4DHEkX&searched=krg%C3%B9f HTTP/1.1" 500 133625
ERROR 2025-11-29 17:09:34,654 log Internal Server Error: /apps/search_delivery/
Traceback (most recent call last):
  File "C:\workspace\projet\backend\saleManagment\venv\lib\site-packages\django\core\handlers\exception.py", line 55, in inner
    response = get_response(request)
  File "C:\workspace\projet\backend\saleManagment\venv\lib\site-packages\django\core\handlers\base.py", line 197, in _get_response
    response = wrapped_callback(request, *callback_args, **callback_kwargs)
  File "C:\workspace\projet\backend\saleManagment\apps\views.py", line 2326, in search_delivery
    deliveries = Delivery.objects.filter(
  File "C:\workspace\projet\backend\saleManagment\venv\lib\site-packages\django\db\models\manager.py", line 87, in manager_method
    return getattr(self.get_queryset(), name)(*args, **kwargs)
  File "C:\workspace\projet\backend\saleManagment\venv\lib\site-packages\django\db\models\query.py", line 1476, in filter
    return self._filter_or_exclude(False, args, kwargs)
  File "C:\workspace\projet\backend\saleManagment\venv\lib\site-packages\django\db\models\query.py", line 1494, in _filter_or_exclude
    clone._filter_or_exclude_inplace(negate, args, kwargs)
  File "C:\workspace\projet\backend\saleManagment\venv\lib\site-packages\django\db\models\query.py", line 1501, in _filter_or_exclude_inplace
    self._query.add_q(Q(*args, **kwargs))
  File "C:\workspace\projet\backend\saleManagment\venv\lib\site-packages\django\db\models\sql\query.py", line 1602, in add_q
    clause, _ = self._add_q(q_object, self.used_aliases)
  File "C:\workspace\projet\backend\saleManagment\venv\lib\site-packages\django\db\models\sql\query.py", line 1634, in _add_q
    child_clause, needed_inner = self.build_filter(
  File "C:\workspace\projet\backend\saleManagment\venv\lib\site-packages\django\db\models\sql\query.py", line 1461, in build_filter
    return self._add_q(
  File "C:\workspace\projet\backend\saleManagment\venv\lib\site-packages\django\db\models\sql\query.py", line 1634, in _add_q
    child_clause, needed_inner = self.build_filter(
  File "C:\workspace\projet\backend\saleManagment\venv\lib\site-packages\django\db\models\sql\query.py", line 1548, in build_filter
    condition = self.build_lookup(lookups, col, value)
  File "C:\workspace\projet\backend\saleManagment\venv\lib\site-packages\django\db\models\sql\query.py", line 1372, in build_lookup
    lhs = self.try_transform(lhs, lookup_name)
  File "C:\workspace\projet\backend\saleManagment\venv\lib\site-packages\django\db\models\sql\query.py", line 1416, in try_transform
    raise FieldError(
django.core.exceptions.FieldError: Unsupported lookup 'icontains' for ForeignKey or join on the field not permitted.
ERROR 2025-11-29 17:09:34,670 basehttp "GET /apps/search_delivery/?csrfmiddlewaretoken=aLkaio9oSl8iSbS8jAeBrC7EZV5HmAVtUBmpaGE1b2E84g5Cbsb4oB38xd4DHEkX&searched=krg%C3%B9f HTTP/1.1" 500 133625
